episode,return,moving_return,eps,loss
1,-8.7,-8.7,0.9995250000000001,
2,-5.699999999999998,-7.199999999999999,0.99905,
3,-7.499999999999998,-7.3,0.9985750000000001,
4,-8.099999999999998,-7.499999999999999,0.9981,
5,-7.499999999999998,-7.499999999999998,0.9976250000000001,
6,-6.299999999999999,-7.299999999999998,0.99715,
7,-8.099999999999998,-7.414285714285713,0.9966750000000001,
8,-8.099999999999998,-7.499999999999998,0.9962,
9,-8.7,-7.633333333333332,0.9957250000000001,
10,-6.299999999999999,-7.499999999999998,0.99525,
11,-8.099999999999998,-7.554545454545453,0.9947750000000001,
12,-7.499999999999998,-7.549999999999998,0.9943,
13,-6.899999999999999,-7.499999999999998,0.9938250000000001,
14,-8.099999999999998,-7.54285714285714,0.99335,
15,-6.299999999999999,-7.459999999999997,0.9928750000000001,
16,-8.7,-7.537499999999998,0.9924,
17,-8.099999999999998,-7.570588235294116,0.9919250000000001,
18,-8.099999999999998,-7.599999999999998,0.9914499999999999,
19,-8.099999999999998,-7.626315789473682,0.990975,
20,-6.299999999999999,-7.559999999999998,0.9905,0.26236093044281006
21,-7.499999999999998,-7.557142857142855,0.990025,0.155173659324646
22,-6.899999999999999,-7.527272727272726,0.98955,0.14486154913902283
23,-6.899999999999999,-7.499999999999999,0.989075,0.06645935773849487
24,-8.7,-7.55,0.9886,0.12860971689224243
25,-6.899999999999999,-7.524,0.988125,0.15178599953651428
26,-8.7,-7.569230769230769,0.98765,0.14624740183353424
27,-8.099999999999998,-7.588888888888888,0.987175,0.2882004976272583
28,-7.499999999999998,-7.5857142857142845,0.9867,0.11565089225769043
29,-7.499999999999998,-7.5827586206896544,0.986225,0.15079611539840698
30,-7.499999999999998,-7.579999999999999,0.98575,0.05976167321205139
31,-8.7,-7.616129032258064,0.985275,0.11090569198131561
32,-6.299999999999999,-7.574999999999999,0.9848,0.39739739894866943
33,-8.099999999999998,-7.59090909090909,0.984325,0.03312678262591362
34,-7.499999999999998,-7.588235294117645,0.98385,0.20345816016197205
35,-5.099999999999998,-7.517142857142856,0.983375,0.1690138280391693
36,-6.899999999999999,-7.499999999999998,0.9829,0.10223695635795593
37,-8.099999999999998,-7.516216216216216,0.982425,0.1674899160861969
38,-7.499999999999998,-7.51578947368421,0.98195,0.12933868169784546
39,-6.899999999999999,-7.499999999999998,0.981475,0.16879945993423462
40,-8.7,-7.5299999999999985,0.981,0.18283793330192566
41,-6.899999999999999,-7.514634146341461,0.9805250000000001,0.009205559268593788
42,-7.499999999999998,-7.5142857142857125,0.98005,0.00978199765086174
43,-8.7,-7.541860465116277,0.9795750000000001,0.007217380218207836
44,-8.7,-7.568181818181816,0.9791,0.01315980963408947
45,-8.099999999999998,-7.579999999999998,0.9786250000000001,0.009517122060060501
46,-8.7,-7.604347826086954,0.97815,0.017133716493844986
47,-8.099999999999998,-7.614893617021275,0.9776750000000001,0.012429491616785526
48,-8.7,-7.637499999999998,0.9772,0.012274138629436493
49,-6.299999999999999,-7.610204081632651,0.9767250000000001,0.0014875634806230664
50,-5.699999999999998,-7.571999999999998,0.97625,0.00811223965138197
51,-7.499999999999998,-7.547999999999998,0.9757750000000001,0.003632010193541646
52,-7.499999999999998,-7.583999999999999,0.9753,0.00580386770889163
53,-7.499999999999998,-7.583999999999999,0.974825,0.002194769214838743
54,-7.499999999999998,-7.571999999999998,0.9743499999999999,0.0018070369260385633
55,-8.7,-7.595999999999999,0.973875,0.005635514855384827
56,-6.899999999999999,-7.607999999999999,0.9733999999999999,0.011088937520980835
57,-8.099999999999998,-7.607999999999999,0.972925,0.011072876863181591
58,-8.7,-7.619999999999999,0.9724499999999999,0.0034891129471361637
59,-6.899999999999999,-7.583999999999998,0.971975,0.00636214017868042
60,-8.099999999999998,-7.619999999999999,0.9715,0.006743723060935736
61,-7.499999999999998,-7.607999999999999,0.971025,0.008823441341519356
62,-7.499999999999998,-7.607999999999999,0.97055,0.00914563424885273
63,-8.099999999999998,-7.631999999999998,0.970075,0.004783100914210081
64,-7.499999999999998,-7.62,0.9696,0.0054463110864162445
65,-8.7,-7.667999999999998,0.969125,0.005007829517126083
66,-6.899999999999999,-7.631999999999997,0.96865,0.015081839635968208
67,-7.499999999999998,-7.619999999999997,0.968175,0.006685954052954912
68,-7.499999999999998,-7.608,0.9677,0.011401835829019547
69,-8.099999999999998,-7.608,0.967225,0.006602548528462648
70,-8.099999999999998,-7.644,0.96675,0.0015853536315262318
71,-7.499999999999998,-7.643999999999998,0.966275,0.0018237385665997863
72,-6.299999999999999,-7.632,0.9658,0.00928993709385395
73,-7.499999999999998,-7.643999999999998,0.965325,0.00812087208032608
74,-7.499999999999998,-7.619999999999999,0.96485,0.0014421286759898067
75,-8.7,-7.655999999999998,0.964375,0.007570784073323011
76,-8.099999999999998,-7.643999999999998,0.9639,0.003953571431338787
77,-7.499999999999998,-7.632,0.963425,0.008721612393856049
78,-8.099999999999998,-7.643999999999998,0.96295,0.012017205357551575
79,-6.899999999999999,-7.631999999999998,0.962475,0.008114724420011044
80,-8.099999999999998,-7.643999999999998,0.962,0.00971287488937378
81,-3.899999999999998,-7.547999999999999,0.9615250000000001,0.00801616907119751
82,-8.099999999999998,-7.583999999999999,0.96105,0.0106871472671628
83,-7.499999999999998,-7.571999999999998,0.9605750000000001,0.017371298745274544
84,-4.499999999999998,-7.511999999999998,0.9601,0.017183784395456314
85,-8.099999999999998,-7.571999999999998,0.9596250000000001,0.010270824655890465
86,-8.099999999999998,-7.595999999999999,0.95915,0.005766010843217373
87,-8.099999999999998,-7.595999999999999,0.958675,0.015882045030593872
88,-7.499999999999998,-7.595999999999999,0.9581999999999999,0.008067106828093529
89,-6.899999999999999,-7.595999999999998,0.957725,0.016592130064964294
90,-8.099999999999998,-7.583999999999999,0.9572499999999999,0.002963692881166935
91,-8.099999999999998,-7.608,0.956775,0.003660814370959997
92,-7.499999999999998,-7.607999999999999,0.9562999999999999,0.004244689829647541
93,-7.499999999999998,-7.583999999999999,0.955825,0.007105810102075338
94,-6.899999999999999,-7.547999999999997,0.9553499999999999,0.009242811240255833
95,-6.899999999999999,-7.523999999999997,0.954875,0.007858384400606155
96,-6.899999999999999,-7.487999999999997,0.9543999999999999,0.008055118843913078
97,-6.899999999999999,-7.463999999999998,0.953925,0.00212309742346406
98,-7.499999999999998,-7.439999999999998,0.9534499999999999,0.0026565759908407927
99,-8.7,-7.487999999999999,0.952975,0.012106774374842644
100,-8.7,-7.547999999999997,0.9525,0.012180770747363567
101,-8.099999999999998,-7.559999999999999,0.952025,0.013020350597798824
102,-7.499999999999998,-7.559999999999999,0.95155,0.00827692449092865
103,-6.899999999999999,-7.547999999999998,0.951075,0.020419739186763763
104,-7.499999999999998,-7.547999999999997,0.9506,0.00889713503420353
105,-6.899999999999999,-7.511999999999998,0.950125,0.007904202677309513
106,-8.099999999999998,-7.535999999999998,0.94965,0.003805822692811489
107,-8.099999999999998,-7.535999999999999,0.949175,0.0018131276592612267
108,-8.099999999999998,-7.523999999999998,0.9487,0.012371277436614037
109,-8.099999999999998,-7.547999999999999,0.948225,0.020701974630355835
110,-7.499999999999998,-7.535999999999998,0.94775,0.00727632874622941
111,-5.699999999999998,-7.499999999999997,0.947275,0.015246929600834846
112,-8.099999999999998,-7.511999999999998,0.9468,0.006009901873767376
113,-6.299999999999999,-7.475999999999999,0.946325,0.003642444498836994
114,-8.7,-7.499999999999997,0.94585,0.004003954119980335
115,-7.499999999999998,-7.475999999999998,0.945375,0.006311641074717045
116,-6.899999999999999,-7.475999999999998,0.9449,0.006410060450434685
117,-8.7,-7.499999999999997,0.944425,0.004914748948067427
118,-7.499999999999998,-7.499999999999997,0.9439500000000001,0.020749304443597794
119,-8.099999999999998,-7.499999999999999,0.943475,0.007108701393008232
120,-8.7,-7.511999999999998,0.943,0.007126668468117714
121,-8.099999999999998,-7.524,0.9425250000000001,0.008971222676336765
122,-6.299999999999999,-7.524,0.94205,0.010686708614230156
123,-7.499999999999998,-7.524,0.941575,0.008590975776314735
124,-5.099999999999998,-7.475999999999999,0.9410999999999999,0.008847212418913841
125,-6.899999999999999,-7.439999999999999,0.940625,0.013088198378682137
126,-6.899999999999999,-7.415999999999997,0.94015,0.033574312925338745
127,-8.7,-7.439999999999999,0.939675,0.005984882824122906
128,-6.299999999999999,-7.403999999999999,0.9391999999999999,0.0038181422278285027
129,-7.499999999999998,-7.415999999999998,0.938725,0.004323950037360191
130,-7.499999999999998,-7.403999999999999,0.93825,0.005372271407395601
131,-6.299999999999999,-7.451999999999999,0.937775,0.009269744157791138
132,-8.099999999999998,-7.451999999999999,0.9372999999999999,0.007271946407854557
133,-8.099999999999998,-7.463999999999999,0.936825,0.008429610170423985
134,-8.099999999999998,-7.535999999999999,0.93635,0.01242089457809925
135,-8.099999999999998,-7.535999999999999,0.935875,0.0048789591528475285
136,-8.099999999999998,-7.535999999999999,0.9353999999999999,0.007290482521057129
137,-8.7,-7.547999999999998,0.934925,0.009895408526062965
138,-8.099999999999998,-7.559999999999999,0.93445,0.0025996356271207333
139,-7.499999999999998,-7.571999999999998,0.933975,0.006649750284850597
140,-8.099999999999998,-7.571999999999999,0.9335,0.008190741762518883
141,-8.099999999999998,-7.571999999999999,0.933025,0.005236626602709293
142,-8.099999999999998,-7.583999999999999,0.9325500000000001,0.007336294278502464
143,-8.7,-7.607999999999999,0.932075,0.005569692701101303
144,-8.099999999999998,-7.631999999999998,0.9316000000000001,0.011665457859635353
145,-8.7,-7.667999999999998,0.931125,0.010107274167239666
146,-7.499999999999998,-7.679999999999998,0.9306500000000001,0.006452033296227455
147,-7.499999999999998,-7.691999999999998,0.930175,0.006430972367525101
148,-7.499999999999998,-7.691999999999998,0.9297000000000001,0.005728805437684059
149,-8.099999999999998,-7.679999999999999,0.929225,0.008159574121236801
150,-8.7,-7.679999999999999,0.9287500000000001,0.006015993654727936
151,-8.099999999999998,-7.679999999999999,0.928275,0.0055895112454891205
152,-8.099999999999998,-7.692,0.9278000000000001,0.010725491680204868
153,-7.499999999999998,-7.703999999999999,0.927325,0.011938517913222313
154,-8.7,-7.727999999999998,0.9268500000000001,0.005497190169990063
155,-8.7,-7.7639999999999985,0.926375,0.008166037499904633
156,-7.499999999999998,-7.751999999999999,0.9259000000000001,0.01136997900903225
157,-6.899999999999999,-7.728,0.9254249999999999,0.003978833556175232
158,-7.499999999999998,-7.715999999999999,0.92495,0.004490583203732967
159,-7.499999999999998,-7.703999999999999,0.9244749999999999,0.006075051613152027
160,-8.7,-7.727999999999998,0.924,0.017325539141893387
161,-7.499999999999998,-7.7639999999999985,0.923525,0.015295663848519325
162,-7.499999999999998,-7.751999999999998,0.92305,0.009373345412313938
163,-6.899999999999999,-7.763999999999998,0.922575,0.012816747650504112
164,-3.299999999999998,-7.655999999999998,0.9221,0.0018361902330070734
165,-7.499999999999998,-7.655999999999999,0.921625,0.009499623440206051
166,-6.899999999999999,-7.655999999999998,0.92115,0.012467335909605026
167,-8.099999999999998,-7.643999999999998,0.920675,0.0245435182005167
168,-8.099999999999998,-7.655999999999999,0.9202,0.006392606534063816
169,-6.899999999999999,-7.632,0.919725,0.005818064324557781
170,-8.099999999999998,-7.619999999999999,0.91925,0.007034081034362316
171,-6.299999999999999,-7.584,0.918775,0.011358239687979221
172,-6.899999999999999,-7.595999999999998,0.9183,0.005996255204081535
173,-6.899999999999999,-7.583999999999998,0.917825,0.0017362709622830153
174,-7.499999999999998,-7.631999999999998,0.91735,0.002665415406227112
175,-7.499999999999998,-7.643999999999998,0.916875,0.007814046926796436
176,-8.7,-7.679999999999998,0.9164,0.009311895817518234
177,-7.499999999999998,-7.655999999999998,0.915925,0.011003898456692696
178,-8.7,-7.703999999999997,0.91545,0.011537769809365273
179,-7.499999999999998,-7.703999999999999,0.914975,0.011970841325819492
180,-8.099999999999998,-7.715999999999999,0.9145,0.023172177374362946
181,-8.099999999999998,-7.751999999999999,0.914025,0.015967179089784622
182,-8.099999999999998,-7.752000000000001,0.9135500000000001,0.0033602765761315823
183,-7.499999999999998,-7.74,0.913075,0.008160583674907684
184,-6.299999999999999,-7.704,0.9126000000000001,0.009740423411130905
185,-6.899999999999999,-7.679999999999999,0.912125,0.018415557220578194
186,-8.7,-7.691999999999998,0.9116500000000001,0.006887913215905428
187,-7.499999999999998,-7.667999999999998,0.911175,0.007316779810935259
188,-8.099999999999998,-7.667999999999999,0.9107000000000001,0.006631365977227688
189,-8.099999999999998,-7.68,0.910225,0.017834311351180077
190,-7.499999999999998,-7.667999999999999,0.9097500000000001,0.007529280614107847
191,-7.499999999999998,-7.655999999999999,0.9092749999999999,0.015582875348627567
192,-8.099999999999998,-7.655999999999999,0.9088,0.023715432733297348
193,-6.299999999999999,-7.607999999999999,0.9083249999999999,0.0035650236532092094
194,-7.499999999999998,-7.595999999999998,0.90785,0.008424789644777775
195,-8.7,-7.595999999999998,0.9073749999999999,0.005449962802231312
196,-8.7,-7.619999999999997,0.9069,0.008967101573944092
197,-8.7,-7.6439999999999975,0.9064249999999999,0.009105626493692398
198,-8.099999999999998,-7.655999999999998,0.90595,0.009541449137032032
199,-4.499999999999998,-7.583999999999999,0.9054749999999999,0.014162514358758926
200,-8.099999999999998,-7.571999999999999,0.905,0.00453887227922678
201,-6.299999999999999,-7.535999999999999,0.904525,0.007051740773022175
202,-5.699999999999998,-7.4879999999999995,0.90405,0.0064745014533400536
203,-7.499999999999998,-7.487999999999999,0.903575,0.025001566857099533
204,-7.499999999999998,-7.463999999999999,0.9031,0.010792775079607964
205,-6.899999999999999,-7.427999999999998,0.902625,0.014972828328609467
206,-7.499999999999998,-7.427999999999998,0.90215,0.007050002925097942
207,-5.699999999999998,-7.403999999999999,0.901675,0.0048401933163404465
208,-7.499999999999998,-7.403999999999999,0.9012,0.006027133669704199
209,-7.499999999999998,-7.403999999999999,0.900725,0.006149396765977144
210,-7.499999999999998,-7.379999999999999,0.90025,0.0026929937303066254
211,-8.099999999999998,-7.3919999999999995,0.899775,0.008600466884672642
212,-8.7,-7.415999999999998,0.8993,0.011206352151930332
213,-6.299999999999999,-7.403999999999999,0.898825,0.005440995562821627
214,-5.699999999999998,-7.451999999999998,0.89835,0.011171059682965279
215,-6.899999999999999,-7.439999999999998,0.897875,0.005838050507009029
216,-6.899999999999999,-7.439999999999998,0.8974,0.011164374649524689
217,-7.499999999999998,-7.427999999999997,0.896925,0.008735207840800285
218,-7.499999999999998,-7.4159999999999995,0.89645,0.007261012215167284
219,-7.499999999999998,-7.427999999999998,0.895975,0.013834699057042599
220,-5.099999999999998,-7.3679999999999986,0.8955,0.005348206963390112
221,-6.299999999999999,-7.3679999999999986,0.895025,0.006523042917251587
222,-7.499999999999998,-7.379999999999999,0.8945500000000001,0.010477508418262005
223,-8.099999999999998,-7.403999999999999,0.894075,0.004635276738554239
224,-8.099999999999998,-7.4159999999999995,0.8936000000000001,0.003141289809718728
225,-6.299999999999999,-7.3919999999999995,0.893125,0.007086164318025112
226,-6.899999999999999,-7.355999999999998,0.89265,0.0014799509663134813
227,-8.099999999999998,-7.367999999999999,0.8921749999999999,0.007179536856710911
228,-8.099999999999998,-7.355999999999999,0.8917,0.007431523874402046
229,-8.7,-7.379999999999999,0.8912249999999999,0.005941599141806364
230,-6.299999999999999,-7.3439999999999985,0.89075,0.005016898270696402
231,-7.499999999999998,-7.331999999999999,0.8902749999999999,0.004293782636523247
232,-8.099999999999998,-7.331999999999998,0.8898,0.0065103997476398945
233,-8.7,-7.355999999999998,0.8893249999999999,0.009430132806301117
234,-6.899999999999999,-7.367999999999998,0.88885,0.009142469614744186
235,-7.499999999999998,-7.379999999999998,0.888375,0.006810388527810574
236,-7.499999999999998,-7.355999999999998,0.8879,0.011308694258332253
237,-8.099999999999998,-7.3679999999999986,0.8874249999999999,0.0058890036307275295
238,-6.899999999999999,-7.3439999999999985,0.88695,0.011865123175084591
239,-8.7,-7.355999999999998,0.886475,0.007889089174568653
240,-6.299999999999999,-7.331999999999998,0.886,0.0057364883832633495
241,-8.099999999999998,-7.3439999999999985,0.885525,0.009437525644898415
242,-7.499999999999998,-7.331999999999998,0.88505,0.0019091581925749779
243,-6.299999999999999,-7.331999999999998,0.8845750000000001,0.0014825531980022788
244,-7.499999999999998,-7.331999999999998,0.8841,0.004074587021023035
245,-6.299999999999999,-7.283999999999997,0.883625,0.0069639855064451694
246,-5.699999999999998,-7.223999999999998,0.88315,0.00901078712195158
247,-6.299999999999999,-7.175999999999998,0.8826750000000001,0.001933540333993733
248,-6.899999999999999,-7.151999999999998,0.8822,0.0013678916729986668
249,-8.7,-7.235999999999998,0.881725,0.003416154533624649
250,-6.899999999999999,-7.211999999999997,0.88125,0.014762932434678078
251,-6.899999999999999,-7.2239999999999975,0.8807750000000001,0.00927575770765543
252,-7.499999999999998,-7.259999999999998,0.8803,0.01381583884358406
253,-5.699999999999998,-7.223999999999998,0.879825,0.0020051372703164816
254,-6.299999999999999,-7.1999999999999975,0.87935,0.0066859121434390545
255,-8.099999999999998,-7.224,0.8788750000000001,0.0026722869370132685
256,-7.499999999999998,-7.223999999999998,0.8784,0.009574899449944496
257,-7.499999999999998,-7.259999999999999,0.877925,0.014412477612495422
258,-8.099999999999998,-7.2719999999999985,0.87745,0.003702658461406827
259,-7.499999999999998,-7.271999999999999,0.8769750000000001,0.01007489301264286
260,-7.499999999999998,-7.2719999999999985,0.8765000000000001,0.004924378823488951
261,-8.099999999999998,-7.271999999999999,0.8760249999999999,0.013957922346889973
262,-7.499999999999998,-7.247999999999999,0.87555,0.002622575731948018
263,-4.499999999999998,-7.211999999999998,0.875075,0.016305461525917053
264,-8.099999999999998,-7.26,0.8746,0.011769763194024563
265,-7.499999999999998,-7.271999999999999,0.8741249999999999,0.015175558626651764
266,-8.099999999999998,-7.295999999999999,0.87365,0.011250746436417103
267,-6.299999999999999,-7.271999999999999,0.873175,0.007988988421857357
268,-7.499999999999998,-7.271999999999999,0.8727,0.004553581587970257
269,-8.099999999999998,-7.283999999999999,0.8722249999999999,0.0051224371418356895
270,-8.7,-7.355999999999999,0.87175,0.012703576125204563
271,-6.899999999999999,-7.3679999999999986,0.871275,0.01449973601847887
272,-8.099999999999998,-7.379999999999999,0.8708,0.007665208540856838
273,-8.099999999999998,-7.379999999999999,0.8703249999999999,0.006387124303728342
274,-6.899999999999999,-7.355999999999999,0.86985,0.007860423065721989
275,-6.899999999999999,-7.367999999999998,0.869375,0.009746650233864784
276,-8.099999999999998,-7.391999999999999,0.8689,0.00602286122739315
277,-8.099999999999998,-7.3919999999999995,0.8684249999999999,0.005255598574876785
278,-7.499999999999998,-7.379999999999999,0.86795,0.0038013956509530544
279,-8.099999999999998,-7.3679999999999986,0.867475,0.006798961665481329
280,-8.099999999999998,-7.403999999999999,0.867,0.012455704621970654
281,-8.7,-7.428,0.866525,0.0028987014666199684
282,-8.099999999999998,-7.427999999999998,0.86605,0.0052659595385193825
283,-6.299999999999999,-7.379999999999999,0.8655750000000001,0.003885645419359207
284,-6.299999999999999,-7.367999999999999,0.8651,0.02047567442059517
285,-8.099999999999998,-7.379999999999999,0.8646250000000001,0.005422170273959637
286,-6.899999999999999,-7.3679999999999986,0.86415,0.007997130043804646
287,-8.7,-7.379999999999998,0.8636750000000001,0.012892622500658035
288,-3.299999999999998,-7.307999999999998,0.8632,0.007184581831097603
289,-8.099999999999998,-7.295999999999999,0.8627250000000001,0.012683788314461708
290,-8.7,-7.3439999999999985,0.86225,0.009247895330190659
291,-6.899999999999999,-7.319999999999998,0.8617750000000001,0.009504113346338272
292,-6.899999999999999,-7.307999999999997,0.8613,0.007436246611177921
293,-5.099999999999998,-7.283999999999999,0.8608250000000001,0.007350176572799683
294,-6.899999999999999,-7.2719999999999985,0.86035,0.01232947874814272
295,-6.299999999999999,-7.2719999999999985,0.8598750000000001,0.006539816036820412
296,-6.899999999999999,-7.295999999999998,0.8593999999999999,0.006508312188088894
297,-8.099999999999998,-7.331999999999998,0.858925,0.004049134906381369
298,-8.7,-7.3679999999999986,0.8584499999999999,0.005859768949449062
299,-8.7,-7.367999999999998,0.857975,0.013102296739816666
300,-7.499999999999998,-7.379999999999999,0.8575,0.006639139261096716
301,-7.499999999999998,-7.391999999999999,0.857025,0.004705492407083511
302,-7.499999999999998,-7.391999999999999,0.85655,0.01443852111697197
303,-4.499999999999998,-7.3679999999999986,0.856075,0.004334789235144854
304,-5.699999999999998,-7.355999999999998,0.8556,0.007474924437701702
305,-7.499999999999998,-7.343999999999998,0.855125,0.010251928120851517
306,-8.099999999999998,-7.355999999999998,0.85465,0.010637719184160233
307,-5.699999999999998,-7.3199999999999985,0.854175,0.005815327167510986
308,-8.7,-7.331999999999998,0.8537,0.004767379257827997
309,-6.299999999999999,-7.307999999999997,0.853225,0.0039191171526908875
310,-3.899999999999998,-7.235999999999998,0.85275,0.0064498502761125565
311,-8.7,-7.2479999999999976,0.852275,0.01124277338385582
312,-7.499999999999998,-7.247999999999998,0.8518,0.006983253639191389
313,-8.7,-7.331999999999997,0.851325,0.012375615537166595
314,-6.899999999999999,-7.307999999999998,0.85085,0.007756479550153017
315,-7.499999999999998,-7.307999999999998,0.850375,0.011177469044923782
316,-8.7,-7.3199999999999985,0.8499,0.009300712496042252
317,-7.499999999999998,-7.343999999999998,0.849425,0.01271805353462696
318,-5.099999999999998,-7.295999999999999,0.84895,0.008018373511731625
319,-6.899999999999999,-7.2719999999999985,0.848475,0.006372257601469755
320,-7.499999999999998,-7.2479999999999976,0.848,0.007751339115202427
321,-5.699999999999998,-7.223999999999998,0.8475250000000001,0.017744142562150955
322,-8.099999999999998,-7.223999999999998,0.84705,0.005989274941384792
323,-6.899999999999999,-7.199999999999999,0.8465750000000001,0.004418013617396355
324,-4.499999999999998,-7.151999999999998,0.8461,0.008987361565232277
325,-6.899999999999999,-7.151999999999998,0.8456250000000001,0.004474634304642677
326,-6.899999999999999,-7.1279999999999974,0.84515,0.0061004022136330605
327,-7.499999999999998,-7.115999999999999,0.8446750000000001,0.010817866772413254
328,-5.699999999999998,-7.079999999999999,0.8442,0.00757140526548028
329,-6.299999999999999,-7.043999999999999,0.8437250000000001,0.010875732637941837
330,-8.099999999999998,-7.044,0.8432499999999999,0.0069019971415400505
331,-8.099999999999998,-7.031999999999999,0.842775,0.0065890648402273655
332,-8.099999999999998,-7.032,0.8422999999999999,0.0014430593000724912
333,-6.899999999999999,-7.043999999999999,0.841825,0.004560114815831184
334,-5.699999999999998,-7.031999999999997,0.8413499999999999,0.011741183698177338
335,-8.099999999999998,-7.031999999999998,0.840875,0.015341200865805149
336,-7.499999999999998,-7.043999999999999,0.8403999999999999,0.0047776163555681705
337,-6.299999999999999,-6.995999999999998,0.839925,0.010094799101352692
338,-8.7,-7.103999999999998,0.8394499999999999,0.0063377912156283855
339,-8.099999999999998,-7.103999999999997,0.838975,0.03071969375014305
340,-5.699999999999998,-7.044,0.8385,0.004778882954269648
341,-7.499999999999998,-7.055999999999998,0.838025,0.008556196466088295
342,-8.099999999999998,-7.079999999999997,0.83755,0.012685087509453297
343,-8.099999999999998,-7.14,0.837075,0.03121856600046158
344,-8.099999999999998,-7.163999999999999,0.8366000000000001,0.010293743573129177
345,-7.499999999999998,-7.187999999999999,0.836125,0.016671333461999893
346,-8.099999999999998,-7.211999999999998,0.83565,0.003961019217967987
347,-7.499999999999998,-7.199999999999999,0.835175,0.008339297957718372
348,-6.299999999999999,-7.151999999999998,0.8347000000000001,0.01738470047712326
349,-7.499999999999998,-7.127999999999998,0.834225,0.015129964798688889
350,-6.899999999999999,-7.115999999999998,0.83375,0.007957753725349903
351,-6.299999999999999,-7.091999999999998,0.833275,0.003783907275646925
352,-8.099999999999998,-7.104,0.8328000000000001,0.00271392660215497
353,-7.499999999999998,-7.163999999999999,0.832325,0.007903557270765305
354,-7.499999999999998,-7.1999999999999975,0.83185,0.016074243932962418
355,-7.499999999999998,-7.199999999999999,0.831375,0.009175031445920467
356,-7.499999999999998,-7.187999999999999,0.8309000000000001,0.010669627226889133
357,-7.499999999999998,-7.223999999999998,0.830425,0.008380033075809479
358,-6.299999999999999,-7.175999999999998,0.82995,0.018407145515084267
359,-8.099999999999998,-7.212,0.829475,0.006907950155436993
360,-8.099999999999998,-7.295999999999999,0.8290000000000001,0.00257685873657465
361,-6.899999999999999,-7.259999999999998,0.8285250000000001,0.002444130601361394
362,-6.899999999999999,-7.2479999999999976,0.82805,0.0034629334695637226
363,-8.099999999999998,-7.235999999999999,0.8275750000000001,0.009185411036014557
364,-7.499999999999998,-7.247999999999999,0.8271000000000001,0.013990690931677818
365,-7.499999999999998,-7.247999999999998,0.826625,0.003226693719625473
366,-7.499999999999998,-7.223999999999998,0.8261499999999999,0.006673882715404034
367,-6.899999999999999,-7.211999999999998,0.825675,0.01860200986266136
368,-8.099999999999998,-7.2719999999999985,0.8252,0.009436435997486115
369,-5.099999999999998,-7.235999999999999,0.824725,0.012480650097131729
370,-8.099999999999998,-7.247999999999999,0.8242499999999999,0.011351351626217365
371,-6.899999999999999,-7.2719999999999985,0.823775,0.00807521864771843
372,-7.499999999999998,-7.259999999999998,0.8233,0.008786206133663654
373,-6.899999999999999,-7.259999999999998,0.822825,0.010806195437908173
374,-6.899999999999999,-7.307999999999997,0.8223499999999999,0.016865765675902367
375,-7.499999999999998,-7.319999999999998,0.821875,0.01051812432706356
376,-7.499999999999998,-7.331999999999998,0.8214,0.0039765844121575356
377,-8.099999999999998,-7.3439999999999985,0.820925,0.005105555057525635
378,-7.499999999999998,-7.379999999999999,0.8204499999999999,0.005127627402544022
379,-8.7,-7.427999999999998,0.819975,0.007126041688024998
380,-7.499999999999998,-7.415999999999998,0.8195,0.01063808985054493
381,-8.7,-7.427999999999998,0.819025,0.02254989743232727
382,-2.699999999999998,-7.319999999999998,0.81855,0.011323497630655766
383,-8.099999999999998,-7.343999999999999,0.818075,0.007275769487023354
384,-6.899999999999999,-7.3679999999999986,0.8176000000000001,0.007650184910744429
385,-6.899999999999999,-7.3439999999999985,0.817125,0.009757407009601593
386,-8.099999999999998,-7.355999999999999,0.81665,0.00319335563108325
387,-8.099999999999998,-7.392,0.816175,0.015591084025800228
388,-5.699999999999998,-7.331999999999999,0.8157000000000001,0.019193481653928757
389,-7.499999999999998,-7.3199999999999985,0.815225,0.019191648811101913
390,-7.499999999999998,-7.355999999999999,0.81475,0.014420799911022186
391,-8.099999999999998,-7.367999999999999,0.814275,0.021805932745337486
392,-8.7,-7.379999999999999,0.8138000000000001,0.0034872991964221
393,-8.099999999999998,-7.379999999999999,0.813325,0.0057981135323643684
394,-3.899999999999998,-7.295999999999999,0.81285,0.01726243644952774
395,-8.7,-7.319999999999998,0.812375,0.020529527217149734
396,-7.499999999999998,-7.307999999999998,0.8119000000000001,0.013879029080271721
397,-8.099999999999998,-7.3199999999999985,0.811425,0.0065864990465343
398,-6.899999999999999,-7.331999999999998,0.81095,0.008412208408117294
399,-6.299999999999999,-7.307999999999998,0.810475,0.012200400233268738
400,-6.899999999999999,-7.307999999999997,0.81,0.007068768609315157
401,-5.699999999999998,-7.295999999999998,0.809525,0.009399784728884697
402,-8.099999999999998,-7.295999999999998,0.8090499999999999,0.014671675860881805
403,-6.299999999999999,-7.271999999999999,0.808575,0.010112523101270199
404,-8.099999999999998,-7.283999999999999,0.8081,0.03310905396938324
405,-7.499999999999998,-7.283999999999999,0.807625,0.007232716307044029
406,-7.499999999999998,-7.283999999999999,0.8071499999999999,0.011217882856726646
407,-7.499999999999998,-7.283999999999999,0.806675,0.02680184319615364
408,-5.699999999999998,-7.2719999999999985,0.8062,0.011935081332921982
409,-7.499999999999998,-7.259999999999999,0.805725,0.007357600145041943
410,-6.299999999999999,-7.223999999999998,0.80525,0.02462845668196678
411,-8.099999999999998,-7.247999999999998,0.804775,0.007118017412722111
412,-7.499999999999998,-7.259999999999999,0.8043,0.011046030558645725
413,-5.699999999999998,-7.211999999999997,0.803825,0.011956175789237022
414,-8.099999999999998,-7.223999999999998,0.80335,0.00786881148815155
415,-6.299999999999999,-7.199999999999999,0.802875,0.012318069115281105
416,-8.099999999999998,-7.212,0.8024,0.024171851575374603
417,-7.499999999999998,-7.223999999999998,0.801925,0.008918948471546173
418,-5.099999999999998,-7.163999999999999,0.80145,0.005242906045168638
419,-8.099999999999998,-7.223999999999998,0.800975,0.005535199772566557
420,-8.7,-7.235999999999998,0.8005,0.012718843296170235
421,-4.499999999999998,-7.187999999999999,0.800025,0.015195266343653202
422,-7.499999999999998,-7.187999999999997,0.7995500000000001,0.011287657544016838
423,-6.299999999999999,-7.175999999999998,0.799075,0.013387683779001236
424,-7.499999999999998,-7.187999999999999,0.7986000000000001,0.015505037270486355
425,-7.499999999999998,-7.187999999999997,0.798125,0.00684543838724494
426,-6.899999999999999,-7.175999999999998,0.7976500000000001,0.010712066665291786
427,-8.099999999999998,-7.175999999999999,0.797175,0.013443101197481155
428,-8.7,-7.199999999999999,0.7967000000000001,0.013787907548248768
429,-6.899999999999999,-7.163999999999998,0.796225,0.020781569182872772
430,-7.499999999999998,-7.163999999999999,0.7957500000000001,0.009981798008084297
431,-7.499999999999998,-7.139999999999999,0.795275,0.010227956809103489
432,-3.899999999999998,-7.163999999999999,0.7948000000000001,0.009292162954807281
433,-5.699999999999998,-7.115999999999998,0.794325,0.011487513780593872
434,-5.099999999999998,-7.079999999999999,0.7938500000000001,0.012745579704642296
435,-5.699999999999998,-7.055999999999998,0.7933749999999999,0.006780379451811314
436,-5.699999999999998,-7.007999999999997,0.7929,0.014203391037881374
437,-8.099999999999998,-7.007999999999998,0.7924249999999999,0.009351934306323528
438,-7.499999999999998,-7.043999999999999,0.79195,0.012809240259230137
439,-6.899999999999999,-7.031999999999998,0.7914749999999999,0.01227128878235817
440,-7.499999999999998,-7.031999999999998,0.791,0.013856811448931694
441,-8.099999999999998,-7.031999999999998,0.790525,0.015624784864485264
442,-0.8999999999999986,-6.8759999999999994,0.79005,0.013160987757146358
443,-6.899999999999999,-6.8519999999999985,0.789575,0.006885169073939323
444,-5.699999999999998,-6.887999999999997,0.7891,0.008970031514763832
445,-8.099999999999998,-6.875999999999998,0.788625,0.013722186908125877
446,-5.099999999999998,-6.827999999999999,0.78815,0.014841283671557903
447,-7.499999999999998,-6.815999999999999,0.787675,0.018302110955119133
448,-3.299999999999998,-6.743999999999999,0.7872,0.011243326589465141
449,-6.899999999999999,-6.755999999999998,0.786725,0.01529025286436081
450,-6.299999999999999,-6.743999999999997,0.78625,0.019724737852811813
451,-7.499999999999998,-6.7799999999999985,0.785775,0.01230323500931263
452,-3.899999999999998,-6.695999999999998,0.7853,0.012423010542988777
453,-8.099999999999998,-6.731999999999999,0.784825,0.006638483144342899
454,-5.099999999999998,-6.672,0.78435,0.011907903477549553
455,-5.099999999999998,-6.624,0.783875,0.006136824376881123
456,-5.699999999999998,-6.587999999999998,0.7834,0.0028549623675644398
457,-8.099999999999998,-6.599999999999999,0.782925,0.008502358570694923
458,-6.899999999999999,-6.623999999999999,0.78245,0.007828201167285442
459,-6.299999999999999,-6.599999999999998,0.781975,0.0072011384181678295
460,-8.099999999999998,-6.635999999999999,0.7815,0.020015375688672066
461,-8.099999999999998,-6.635999999999999,0.781025,0.014470215886831284
462,-5.699999999999998,-6.599999999999999,0.7805500000000001,0.01423264667391777
463,-6.899999999999999,-6.623999999999998,0.780075,0.009188126772642136
464,-5.699999999999998,-6.575999999999998,0.7796000000000001,0.014338357374072075
465,-6.899999999999999,-6.587999999999998,0.779125,0.009914680384099483
466,-8.099999999999998,-6.587999999999997,0.7786500000000001,0.006636998616158962
467,-6.899999999999999,-6.575999999999999,0.778175,0.014273096807301044
468,-8.099999999999998,-6.635999999999998,0.7777000000000001,0.022815069183707237
469,-6.899999999999999,-6.611999999999998,0.777225,0.009468959644436836
470,-5.099999999999998,-6.539999999999997,0.77675,0.013985314406454563
471,-6.899999999999999,-6.587999999999998,0.7762749999999999,0.01635000668466091
472,-7.499999999999998,-6.587999999999997,0.7758,0.005092937033623457
473,-6.899999999999999,-6.599999999999998,0.775325,0.01604110188782215
474,-7.499999999999998,-6.599999999999998,0.77485,0.015193925239145756
475,-6.299999999999999,-6.575999999999998,0.7743749999999999,0.009860949590802193
476,-6.299999999999999,-6.563999999999998,0.7739,0.0034446511417627335
477,-5.699999999999998,-6.515999999999999,0.773425,0.006271032150834799
478,-6.299999999999999,-6.467999999999998,0.77295,0.009837273508310318
479,-6.899999999999999,-6.467999999999998,0.7724749999999999,0.014944465830922127
480,-8.7,-6.491999999999997,0.772,0.005717434920370579
481,-6.899999999999999,-6.479999999999998,0.771525,0.020598523318767548
482,-6.899999999999999,-6.539999999999997,0.77105,0.014522437006235123
483,-6.299999999999999,-6.551999999999998,0.770575,0.03640125319361687
484,-5.699999999999998,-6.563999999999998,0.7701,0.01133955642580986
485,-6.899999999999999,-6.587999999999998,0.7696250000000001,0.012949226424098015
486,-5.699999999999998,-6.587999999999998,0.76915,0.01567309908568859
487,-2.699999999999998,-6.479999999999998,0.768675,0.012545288540422916
488,-8.099999999999998,-6.491999999999998,0.7682,0.01949901692569256
489,-5.699999999999998,-6.467999999999998,0.7677250000000001,0.02718941494822502
490,-4.499999999999998,-6.407999999999999,0.76725,0.005580060184001923
491,-8.099999999999998,-6.4079999999999995,0.766775,0.004115608055144548
492,-7.499999999999998,-6.539999999999999,0.7663,0.005236297845840454
493,-6.899999999999999,-6.539999999999997,0.7658250000000001,0.02096289023756981
494,-3.899999999999998,-6.503999999999998,0.76535,0.011085160076618195
495,-2.699999999999998,-6.395999999999998,0.764875,0.014142099767923355
496,-7.499999999999998,-6.443999999999997,0.7644,0.015833565965294838
497,-6.299999999999999,-6.419999999999999,0.7639250000000001,0.0025999166537076235
498,-5.099999999999998,-6.4559999999999995,0.76345,0.008030135184526443
499,-4.499999999999998,-6.407999999999999,0.762975,0.02121894247829914
500,-5.699999999999998,-6.395999999999998,0.7625,0.008151514455676079
501,-8.099999999999998,-6.407999999999999,0.7620250000000001,0.012201454490423203
502,-6.899999999999999,-6.467999999999998,0.7615500000000001,0.016923997551202774
503,-6.899999999999999,-6.443999999999996,0.761075,0.011929878033697605
504,-5.699999999999998,-6.455999999999998,0.7606,0.013973826542496681
505,-8.099999999999998,-6.515999999999998,0.760125,0.01673762872815132
506,-6.899999999999999,-6.539999999999999,0.75965,0.015023469924926758
507,-3.899999999999998,-6.455999999999997,0.7591749999999999,0.009182906709611416
508,-6.899999999999999,-6.455999999999998,0.7587,0.008870328776538372
509,-6.299999999999999,-6.455999999999998,0.758225,0.015470163896679878
510,-6.899999999999999,-6.4319999999999995,0.75775,0.0031895653810352087
511,-4.499999999999998,-6.359999999999998,0.7572749999999999,0.018687192350625992
512,-7.499999999999998,-6.395999999999999,0.7568,0.02624090574681759
513,-0.8999999999999986,-6.275999999999998,0.756325,0.011100329458713531
514,-8.099999999999998,-6.323999999999999,0.75585,0.006773496977984905
515,-7.499999999999998,-6.335999999999999,0.7553749999999999,0.012757190503180027
516,-7.499999999999998,-6.323999999999999,0.7549,0.0385722890496254
517,-5.699999999999998,-6.299999999999999,0.754425,0.02090788632631302
518,-5.699999999999998,-6.251999999999998,0.75395,0.014024430885910988
519,-3.299999999999998,-6.179999999999998,0.753475,0.009907523170113564
520,-6.899999999999999,-6.2159999999999975,0.753,0.0065130386501550674
521,-6.899999999999999,-6.2159999999999975,0.7525250000000001,0.014757173135876656
522,-4.499999999999998,-6.155999999999998,0.75205,0.014467374421656132
523,-8.099999999999998,-6.179999999999999,0.751575,0.010618707165122032
524,-7.499999999999998,-6.179999999999999,0.7511,0.01093316450715065
525,-6.899999999999999,-6.191999999999998,0.7506250000000001,0.03362741693854332
526,-8.099999999999998,-6.227999999999998,0.75015,0.019927289336919785
527,-7.499999999999998,-6.2639999999999985,0.749675,0.04074997827410698
528,-8.7,-6.3119999999999985,0.7492,0.021780453622341156
529,-2.099999999999998,-6.215999999999999,0.7487250000000001,0.0037503321655094624
530,-5.699999999999998,-6.155999999999998,0.74825,0.05658024549484253
531,-8.099999999999998,-6.179999999999999,0.747775,0.0359695665538311
532,-6.899999999999999,-6.179999999999998,0.7473,0.024216512218117714
533,-6.299999999999999,-6.179999999999999,0.7468250000000001,0.00608984287828207
534,-6.899999999999999,-6.203999999999997,0.74635,0.015508872456848621
535,-8.099999999999998,-6.227999999999998,0.745875,0.03219256550073624
536,-8.099999999999998,-6.275999999999999,0.7454,0.016489582136273384
537,-5.099999999999998,-6.323999999999999,0.7449250000000001,0.026122912764549255
538,-6.899999999999999,-6.299999999999998,0.74445,0.045734066516160965
539,-2.699999999999998,-6.2399999999999975,0.7439749999999999,0.012785622850060463
540,-7.499999999999998,-6.299999999999998,0.7435,0.016966847702860832
541,-6.899999999999999,-6.275999999999998,0.743025,0.03312184289097786
542,-6.299999999999999,-6.251999999999998,0.74255,0.13233962655067444
543,-7.499999999999998,-6.2639999999999985,0.7420749999999999,0.02137664332985878
544,-7.499999999999998,-6.335999999999998,0.7416,0.017983417958021164
545,-7.499999999999998,-6.431999999999999,0.741125,0.0052941711619496346
546,-4.499999999999998,-6.371999999999998,0.74065,0.009849157184362411
547,-6.899999999999999,-6.383999999999999,0.7401749999999999,0.015460988506674767
548,-7.499999999999998,-6.431999999999999,0.7397,0.006669248454272747
549,-6.899999999999999,-6.479999999999998,0.739225,0.08087427914142609
550,-5.099999999999998,-6.467999999999998,0.73875,0.01128435879945755
551,-5.699999999999998,-6.419999999999999,0.7382749999999999,0.013073127716779709
552,-5.699999999999998,-6.395999999999998,0.7378,0.006578123662620783
553,-6.899999999999999,-6.395999999999998,0.737325,0.022102421149611473
554,-6.899999999999999,-6.419999999999998,0.73685,0.06398160010576248
555,-6.299999999999999,-6.383999999999998,0.7363749999999999,0.014271656982600689
556,-8.7,-6.419999999999998,0.7359,0.011242121458053589
557,-5.099999999999998,-6.443999999999999,0.735425,0.013020897284150124
558,-8.7,-6.479999999999999,0.73495,0.020842209458351135
559,-5.699999999999998,-6.467999999999997,0.734475,0.011902575381100178
560,-6.899999999999999,-6.467999999999998,0.734,0.005383847281336784
561,-6.899999999999999,-6.515999999999998,0.7335250000000001,0.03811921179294586
562,-8.7,-6.539999999999997,0.73305,0.017637770622968674
563,-8.7,-6.695999999999998,0.7325750000000001,0.014390779659152031
564,-8.099999999999998,-6.695999999999998,0.7321,0.01845962554216385
565,-6.899999999999999,-6.683999999999998,0.7316250000000001,0.015695147216320038
566,-7.499999999999998,-6.683999999999998,0.7311500000000001,0.013731211423873901
567,-4.499999999999998,-6.659999999999999,0.7306750000000001,0.02324243262410164
568,-6.899999999999999,-6.6839999999999975,0.7302,0.030872052535414696
569,-4.499999999999998,-6.707999999999999,0.7297250000000001,0.013024541549384594
570,-3.899999999999998,-6.647999999999999,0.7292500000000001,0.03299541771411896
571,-6.299999999999999,-6.635999999999999,0.7287750000000001,0.014255497604608536
572,-5.699999999999998,-6.659999999999999,0.7283,0.02295360341668129
573,-8.099999999999998,-6.659999999999999,0.727825,0.02596454694867134
574,-7.499999999999998,-6.659999999999999,0.72735,0.01829013042151928
575,-3.899999999999998,-6.599999999999998,0.726875,0.013872208073735237
576,-7.499999999999998,-6.587999999999998,0.7263999999999999,0.016870953142642975
577,-8.099999999999998,-6.599999999999998,0.725925,0.021723685786128044
578,-7.499999999999998,-6.575999999999999,0.72545,0.010069586336612701
579,-6.899999999999999,-6.671999999999997,0.724975,0.028310727328062057
580,-5.099999999999998,-6.659999999999999,0.7245,0.007411513011902571
581,-6.299999999999999,-6.623999999999999,0.724025,0.024272901937365532
582,-4.499999999999998,-6.575999999999999,0.7235500000000001,0.09615057706832886
583,-7.499999999999998,-6.599999999999998,0.723075,0.01042874250560999
584,-7.499999999999998,-6.611999999999998,0.7226,0.01399303786456585
585,-7.499999999999998,-6.599999999999998,0.722125,0.019039785489439964
586,-2.699999999999998,-6.491999999999998,0.7216500000000001,0.01067307684570551
587,-6.299999999999999,-6.515999999999999,0.721175,0.009590184316039085
588,-7.499999999999998,-6.527999999999999,0.7207,0.009409639984369278
589,-8.099999999999998,-6.635999999999999,0.720225,0.019522152841091156
590,-7.499999999999998,-6.635999999999999,0.7197500000000001,0.016001485288143158
591,-3.899999999999998,-6.575999999999998,0.719275,0.016378700733184814
592,-6.899999999999999,-6.587999999999998,0.7188,0.025116372853517532
593,-5.099999999999998,-6.539999999999997,0.718325,0.01653405651450157
594,-6.899999999999999,-6.527999999999999,0.7178500000000001,0.010002601891756058
595,-8.099999999999998,-6.539999999999999,0.717375,0.017106616869568825
596,-5.699999999999998,-6.564,0.7169,0.013207239098846912
597,-0.8999999999999986,-6.443999999999997,0.716425,0.004079152829945087
598,-8.099999999999998,-6.455999999999998,0.7159500000000001,0.017156748101115227
599,-6.899999999999999,-6.4559999999999995,0.715475,0.02451290935277939
600,-8.7,-6.527999999999999,0.715,0.01433049701154232
601,-6.899999999999999,-6.551999999999998,0.7145250000000001,0.010751445777714252
602,-8.099999999999998,-6.599999999999998,0.7140500000000001,0.019586747512221336
603,-6.299999999999999,-6.587999999999999,0.7135750000000001,0.012670542113482952
604,-6.899999999999999,-6.587999999999998,0.7131,0.008395254611968994
605,-5.699999999999998,-6.575999999999998,0.7126250000000001,0.011617382057011127
606,-8.099999999999998,-6.564,0.7121500000000001,0.02276652120053768
607,-7.499999999999998,-6.611999999999998,0.7116750000000001,0.023584362119436264
608,-7.499999999999998,-6.587999999999998,0.7111999999999999,0.0118387620896101
609,-6.899999999999999,-6.611999999999998,0.710725,0.012952792458236217
610,-6.899999999999999,-6.611999999999998,0.71025,0.01760644093155861
611,-6.899999999999999,-6.611999999999998,0.709775,0.01729745604097843
612,-7.499999999999998,-6.587999999999997,0.7092999999999999,0.02182791754603386
613,-3.899999999999998,-6.491999999999998,0.708825,0.016938183456659317
614,-6.899999999999999,-6.467999999999997,0.70835,0.008808965794742107
615,-8.099999999999998,-6.491999999999998,0.707875,0.009617933072149754
616,-8.099999999999998,-6.503999999999999,0.7073999999999999,0.1266029328107834
617,-6.899999999999999,-6.551999999999998,0.706925,0.019279787316918373
618,-6.299999999999999,-6.539999999999999,0.70645,0.02057122439146042
619,-6.299999999999999,-6.575999999999999,0.705975,0.01199482660740614
620,-8.099999999999998,-6.659999999999999,0.7055,0.024231664836406708
621,-6.899999999999999,-6.671999999999998,0.705025,0.014528279192745686
622,-6.899999999999999,-6.695999999999997,0.7045500000000001,0.012353051453828812
623,-8.099999999999998,-6.695999999999998,0.704075,0.06461433321237564
624,-6.899999999999999,-6.683999999999998,0.7036,0.013338865712285042
625,-3.299999999999998,-6.671999999999997,0.703125,0.03143750876188278
626,-4.499999999999998,-6.611999999999998,0.7026500000000001,0.010631226003170013
627,-7.499999999999998,-6.599999999999998,0.702175,0.019587930291891098
628,-3.299999999999998,-6.515999999999998,0.7017,0.01934901811182499
629,-6.899999999999999,-6.515999999999998,0.701225,0.023060550913214684
630,-5.699999999999998,-6.527999999999997,0.7007500000000001,0.017322968691587448
631,-7.499999999999998,-6.551999999999997,0.700275,0.01209811307489872
632,-6.299999999999999,-6.587999999999998,0.6998,0.021966684609651566
633,-3.299999999999998,-6.503999999999999,0.699325,0.02543242648243904
634,-5.699999999999998,-6.467999999999997,0.6988500000000001,0.020390212535858154
635,-3.299999999999998,-6.383999999999999,0.698375,0.017270606011152267
636,-6.299999999999999,-6.4559999999999995,0.6979,0.01655101403594017
637,-6.299999999999999,-6.4559999999999995,0.697425,0.02489512786269188
638,-5.699999999999998,-6.419999999999998,0.6969500000000001,0.014362301677465439
639,-7.499999999999998,-6.407999999999999,0.696475,0.0064778514206409454
640,-7.499999999999998,-6.407999999999999,0.696,0.14705748856067657
641,-5.699999999999998,-6.443999999999997,0.6955250000000001,0.02368338033556938
642,-6.299999999999999,-6.431999999999999,0.6950500000000001,0.015123708173632622
643,-5.699999999999998,-6.443999999999999,0.694575,0.01962391659617424
644,-1.4999999999999982,-6.335999999999998,0.6940999999999999,0.009680258110165596
645,-8.099999999999998,-6.335999999999999,0.693625,0.016827264800667763
646,-6.899999999999999,-6.359999999999998,0.69315,0.024396080523729324
647,-7.499999999999998,-6.491999999999998,0.692675,0.019101526588201523
648,-5.699999999999998,-6.443999999999997,0.6921999999999999,0.07723817229270935
649,-7.499999999999998,-6.455999999999998,0.691725,0.018967032432556152
650,-7.499999999999998,-6.431999999999999,0.69125,0.01382126659154892
651,-0.8999999999999986,-6.3119999999999985,0.690775,0.01672228053212166
652,-6.899999999999999,-6.287999999999998,0.6902999999999999,0.023972544819116592
653,-8.099999999999998,-6.323999999999999,0.689825,0.030987240374088287
654,-5.099999999999998,-6.287999999999999,0.68935,0.011100037954747677
655,-5.699999999999998,-6.2879999999999985,0.688875,0.010181011632084846
656,-6.899999999999999,-6.263999999999998,0.6883999999999999,0.01725705899298191
657,-5.099999999999998,-6.215999999999999,0.687925,0.006510963663458824
658,-6.299999999999999,-6.191999999999999,0.68745,0.009758147411048412
659,-3.899999999999998,-6.131999999999998,0.686975,0.035618193447589874
660,-6.899999999999999,-6.131999999999998,0.6865,0.012311015278100967
661,-6.299999999999999,-6.119999999999999,0.686025,0.01838947832584381
662,-7.499999999999998,-6.119999999999999,0.6855500000000001,0.027193404734134674
663,-0.8999999999999986,-6.059999999999998,0.685075,0.03351723030209541
664,-2.099999999999998,-5.963999999999999,0.6846,0.012099714949727058
665,-7.499999999999998,-5.951999999999999,0.684125,0.02533867210149765
666,-6.299999999999999,-5.915999999999998,0.6836500000000001,0.01159757375717163
667,-6.899999999999999,-5.915999999999998,0.683175,0.04028821736574173
668,-0.8999999999999986,-5.807999999999997,0.6827,0.015312974341213703
669,-8.099999999999998,-5.8439999999999985,0.682225,0.02991153858602047
670,-0.8999999999999986,-5.6999999999999975,0.6817500000000001,0.038914937525987625
671,-6.899999999999999,-5.6999999999999975,0.681275,0.00936967134475708
672,-4.499999999999998,-5.651999999999998,0.6808,0.02051359787583351
673,-2.699999999999998,-5.543999999999999,0.680325,0.022188624367117882
674,-4.499999999999998,-5.495999999999998,0.6798500000000001,0.14975832402706146
675,-2.099999999999998,-5.4719999999999995,0.679375,0.016946058720350266
676,-3.899999999999998,-5.459999999999997,0.6789,0.02106131985783577
677,-7.499999999999998,-5.459999999999997,0.678425,0.008413812145590782
678,-2.699999999999998,-5.447999999999999,0.67795,0.025899292901158333
679,-5.699999999999998,-5.423999999999999,0.6774749999999999,0.012487631291151047
680,-8.099999999999998,-5.4719999999999995,0.6769999999999999,0.042483359575271606
681,-6.299999999999999,-5.447999999999999,0.676525,0.011115863919258118
682,-6.899999999999999,-5.459999999999999,0.67605,0.018178243190050125
683,-4.499999999999998,-5.483999999999998,0.675575,0.01916617900133133
684,-8.099999999999998,-5.531999999999999,0.6750999999999999,0.018017176538705826
685,-8.099999999999998,-5.627999999999999,0.674625,0.015271596610546112
686,-6.299999999999999,-5.627999999999998,0.67415,0.028202001005411148
687,-7.499999999999998,-5.651999999999999,0.673675,0.02995062991976738
688,-6.299999999999999,-5.663999999999999,0.6732,0.03940112888813019
689,-5.099999999999998,-5.615999999999998,0.672725,0.0124931326135993
690,-8.099999999999998,-5.627999999999999,0.67225,0.04363979771733284
691,-5.099999999999998,-5.615999999999999,0.6717750000000001,0.022342519834637642
692,-6.299999999999999,-5.615999999999999,0.6713,0.043860673904418945
693,-0.8999999999999986,-5.519999999999998,0.670825,0.024937545880675316
694,-7.499999999999998,-5.639999999999998,0.67035,0.055257558822631836
695,-6.899999999999999,-5.615999999999999,0.6698750000000001,0.009102506563067436
696,-6.899999999999999,-5.615999999999998,0.6694,0.03744092956185341
697,-5.099999999999998,-5.567999999999999,0.668925,0.010729989036917686
698,-3.899999999999998,-5.531999999999998,0.66845,0.03881729021668434
699,-6.899999999999999,-5.519999999999998,0.6679750000000001,0.022618912160396576
700,-0.8999999999999986,-5.387999999999997,0.6675,0.03989352285861969
701,-8.099999999999998,-5.531999999999998,0.667025,0.016215752810239792
702,-5.699999999999998,-5.507999999999998,0.6665500000000001,0.020700614899396896
703,-8.7,-5.519999999999998,0.6660750000000001,0.0359252393245697
704,-5.699999999999998,-5.531999999999998,0.6656000000000001,0.01538260467350483
705,-8.099999999999998,-5.579999999999999,0.665125,0.04846077039837837
706,-8.099999999999998,-5.603999999999998,0.6646500000000001,0.0159609392285347
707,-6.899999999999999,-5.639999999999998,0.6641750000000001,0.03550722450017929
708,-4.499999999999998,-5.603999999999997,0.6637000000000001,0.03440801799297333
709,-6.899999999999999,-5.663999999999999,0.663225,0.015024596825242043
710,-6.299999999999999,-5.651999999999998,0.6627500000000001,0.02261669561266899
711,-5.699999999999998,-5.639999999999999,0.6622750000000001,0.015646107494831085
712,-8.099999999999998,-5.651999999999998,0.6618,0.11289370059967041
713,-7.499999999999998,-5.783999999999999,0.6613249999999999,0.0315711572766304
714,-5.099999999999998,-5.8439999999999985,0.66085,0.023521441966295242
715,-6.899999999999999,-5.831999999999998,0.660375,0.012387944385409355
716,-2.099999999999998,-5.747999999999998,0.6599,0.08578534424304962
717,-6.299999999999999,-5.735999999999999,0.6594249999999999,0.03339741751551628
718,-2.099999999999998,-5.759999999999999,0.65895,0.011726942844688892
719,-5.699999999999998,-5.712,0.658475,0.05949215963482857
720,-8.099999999999998,-5.855999999999998,0.658,0.028237933292984962
721,-8.099999999999998,-5.88,0.657525,0.04095756262540817
722,-5.099999999999998,-5.8919999999999995,0.65705,0.026582112535834312
723,-5.099999999999998,-5.94,0.6565750000000001,0.021586105227470398
724,-3.299999999999998,-5.9159999999999995,0.6561,0.04010565206408501
725,-3.899999999999998,-5.951999999999998,0.655625,0.022404370829463005
726,-6.299999999999999,-5.999999999999997,0.65515,0.0231047123670578
727,-3.299999999999998,-5.9159999999999995,0.6546750000000001,0.021327462047338486
728,-0.8999999999999986,-5.879999999999998,0.6542,0.01534411869943142
729,-0.8999999999999986,-5.783999999999997,0.653725,0.013238479383289814
730,-5.099999999999998,-5.723999999999998,0.65325,0.20542939007282257
731,-6.899999999999999,-5.735999999999998,0.6527750000000001,0.01527347881346941
732,-8.099999999999998,-5.759999999999998,0.6523,0.03388509899377823
733,-3.899999999999998,-5.747999999999999,0.651825,0.019296135753393173
734,-6.899999999999999,-5.7239999999999975,0.65135,0.03865336999297142
735,-7.499999999999998,-5.711999999999998,0.6508750000000001,0.03256317600607872
736,-6.899999999999999,-5.723999999999998,0.6504,0.029306180775165558
737,-3.299999999999998,-5.639999999999999,0.649925,0.13499733805656433
738,-8.099999999999998,-5.675999999999999,0.64945,0.036094535142183304
739,-3.899999999999998,-5.651999999999999,0.6489750000000001,0.016650637611746788
740,-8.099999999999998,-5.651999999999998,0.6485,0.036750324070453644
741,-6.299999999999999,-5.675999999999999,0.648025,0.04289703816175461
742,-6.899999999999999,-5.687999999999999,0.6475500000000001,0.025969453155994415
743,-6.299999999999999,-5.795999999999998,0.6470750000000001,0.02250676229596138
744,-5.099999999999998,-5.747999999999998,0.6466000000000001,0.01445259340107441
745,-4.499999999999998,-5.699999999999999,0.646125,0.029457351192831993
746,-0.8999999999999986,-5.579999999999997,0.6456500000000001,0.029694601893424988
747,-8.099999999999998,-5.639999999999998,0.645175,0.025756724178791046
748,-7.499999999999998,-5.711999999999998,0.6447,0.06335176527500153
749,-0.8999999999999986,-5.591999999999998,0.6442249999999999,0.013370217755436897
750,-6.299999999999999,-5.699999999999999,0.64375,0.014561990275979042
751,-6.899999999999999,-5.675999999999998,0.643275,0.058552391827106476
752,-7.499999999999998,-5.711999999999998,0.6428,0.015659373253583908
753,-2.099999999999998,-5.58,0.6423249999999999,0.15975064039230347
754,-5.099999999999998,-5.568,0.64185,0.05918869376182556
755,-5.699999999999998,-5.519999999999999,0.641375,0.06868422776460648
756,-5.099999999999998,-5.459999999999999,0.6409,0.012940256856381893
757,-5.699999999999998,-5.435999999999998,0.6404249999999999,0.020231779664754868
758,-3.299999999999998,-5.411999999999998,0.63995,0.027817297726869583
759,-4.499999999999998,-5.363999999999999,0.639475,0.02171734720468521
760,-6.299999999999999,-5.363999999999999,0.639,0.043074026703834534
761,-3.899999999999998,-5.3279999999999985,0.638525,0.030161049216985703
762,-5.699999999999998,-5.279999999999998,0.63805,0.026619305834174156
763,-7.499999999999998,-5.279999999999998,0.6375750000000001,0.041433099657297134
764,-3.899999999999998,-5.255999999999998,0.6371,0.029211949557065964
765,-6.899999999999999,-5.255999999999998,0.636625,0.05520220100879669
766,-6.299999999999999,-5.339999999999999,0.63615,0.04217783361673355
767,-2.099999999999998,-5.255999999999999,0.6356750000000001,0.0222727432847023
768,-6.299999999999999,-5.339999999999999,0.6352,0.024607844650745392
769,-4.499999999999998,-5.315999999999998,0.634725,0.11675814539194107
770,-6.299999999999999,-5.2799999999999985,0.63425,0.01875065639615059
771,-6.299999999999999,-5.243999999999999,0.6337750000000001,0.027416646480560303
772,-2.099999999999998,-5.183999999999998,0.6333,0.036814235150814056
773,-5.699999999999998,-5.195999999999998,0.632825,0.02340606041252613
774,-6.899999999999999,-5.267999999999997,0.63235,0.016243521124124527
775,-5.099999999999998,-5.291999999999998,0.6318750000000001,0.050130005925893784
776,-5.699999999999998,-5.279999999999998,0.6314,0.07736045122146606
777,-6.899999999999999,-5.351999999999997,0.630925,0.014163454994559288
778,-2.699999999999998,-5.387999999999997,0.63045,0.021814247593283653
779,-5.099999999999998,-5.471999999999998,0.6299750000000001,0.01663581281900406
780,-6.899999999999999,-5.507999999999997,0.6295000000000001,0.0317649282515049
781,-5.099999999999998,-5.471999999999998,0.629025,0.03358636051416397
782,-8.099999999999998,-5.4719999999999995,0.62855,0.02421281859278679
783,-6.899999999999999,-5.531999999999998,0.628075,0.015920251607894897
784,-3.299999999999998,-5.459999999999999,0.6276,0.025265641510486603
785,-5.099999999999998,-5.411999999999999,0.6271249999999999,0.03174217790365219
786,-2.699999999999998,-5.327999999999999,0.62665,0.022240817546844482
787,-7.499999999999998,-5.411999999999999,0.626175,0.027058476582169533
788,-6.899999999999999,-5.387999999999998,0.6257,0.01920066587626934
789,-4.499999999999998,-5.399999999999999,0.6252249999999999,0.030537959188222885
790,-3.299999999999998,-5.3039999999999985,0.62475,0.03039959818124771
791,-0.8999999999999986,-5.195999999999998,0.624275,0.027385450899600983
792,-3.899999999999998,-5.135999999999999,0.6238,0.02429346740245819
793,-8.099999999999998,-5.172,0.6233249999999999,0.050528865307569504
794,-5.699999999999998,-5.183999999999998,0.62285,0.009368865750730038
795,-5.699999999999998,-5.207999999999998,0.622375,0.018116895109415054
796,-3.899999999999998,-5.267999999999998,0.6219,0.01022501103579998
797,-0.8999999999999986,-5.123999999999999,0.6214249999999999,0.031646113842725754
798,-7.499999999999998,-5.123999999999998,0.62095,0.04955244064331055
799,-0.8999999999999986,-5.123999999999998,0.620475,0.019744329154491425
800,-5.699999999999998,-5.111999999999998,0.62,0.09016069024801254
801,-6.899999999999999,-5.111999999999997,0.619525,0.027789609506726265
802,-6.299999999999999,-5.087999999999999,0.61905,0.0443473756313324
803,-3.299999999999998,-5.111999999999998,0.6185750000000001,0.028860852122306824
804,-6.299999999999999,-5.135999999999999,0.6181,0.017501547932624817
805,-5.699999999999998,-5.135999999999999,0.617625,0.12842720746994019
806,-0.8999999999999986,-5.051999999999999,0.61715,0.016115639358758926
807,-6.899999999999999,-5.075999999999999,0.6166750000000001,0.027798499912023544
808,-6.299999999999999,-5.135999999999998,0.6162,0.03144150227308273
809,-3.299999999999998,-5.111999999999999,0.615725,0.03113115020096302
810,-6.899999999999999,-5.123999999999999,0.61525,0.018151232972741127
811,-5.699999999999998,-5.159999999999999,0.6147750000000001,0.012625748291611671
812,-8.099999999999998,-5.207999999999998,0.6143,0.04049460589885712
813,-6.899999999999999,-5.195999999999998,0.6138250000000001,0.02206309512257576
814,-0.8999999999999986,-5.135999999999998,0.61335,0.009908726438879967
815,-6.899999999999999,-5.135999999999998,0.6128750000000001,0.05010562390089035
816,-5.099999999999998,-5.111999999999998,0.6124,0.061140045523643494
817,-7.499999999999998,-5.219999999999998,0.611925,0.02011391520500183
818,-6.899999999999999,-5.231999999999998,0.6114499999999999,0.09280311316251755
819,-7.499999999999998,-5.291999999999998,0.610975,0.04756809398531914
820,-6.899999999999999,-5.303999999999998,0.6105,0.18859624862670898
821,-7.499999999999998,-5.3279999999999985,0.610025,0.01343785785138607
822,-3.899999999999998,-5.363999999999997,0.60955,0.009262456558644772
823,-6.299999999999999,-5.375999999999998,0.609075,0.03982992097735405
824,-5.699999999999998,-5.3519999999999985,0.6086000000000001,0.03153161704540253
825,-6.299999999999999,-5.375999999999998,0.608125,0.024933043867349625
826,-0.8999999999999986,-5.279999999999998,0.60765,0.049436911940574646
827,-6.899999999999999,-5.279999999999998,0.607175,0.017551515251398087
828,-7.499999999999998,-5.375999999999998,0.6067000000000001,0.0558963380753994
829,-6.899999999999999,-5.411999999999998,0.606225,0.019372981041669846
830,-6.299999999999999,-5.399999999999998,0.60575,0.028840065002441406
831,-8.099999999999998,-5.459999999999999,0.605275,0.032715875655412674
832,-7.499999999999998,-5.4479999999999995,0.6048000000000001,0.01883617416024208
833,-4.499999999999998,-5.399999999999999,0.604325,0.07536967098712921
834,-3.899999999999998,-5.411999999999998,0.60385,0.07509244978427887
835,-5.699999999999998,-5.423999999999998,0.603375,0.017742492258548737
836,-6.899999999999999,-5.507999999999998,0.6029000000000001,0.019336268305778503
837,-2.099999999999998,-5.399999999999999,0.602425,0.014506550505757332
838,-2.699999999999998,-5.315999999999998,0.60195,0.012743777595460415
839,-4.499999999999998,-5.315999999999998,0.601475,0.021063728258013725
840,-1.4999999999999982,-5.279999999999998,0.6010000000000001,0.022637324407696724
841,-0.8999999999999986,-5.279999999999998,0.6005250000000001,0.03792788088321686
842,-3.299999999999998,-5.267999999999998,0.60005,0.04109293967485428
843,-4.499999999999998,-5.195999999999998,0.5995750000000001,0.02486874908208847
844,-6.299999999999999,-5.207999999999998,0.5991000000000001,0.22507299482822418
845,-5.699999999999998,-5.207999999999998,0.5986250000000001,0.027594469487667084
846,-0.8999999999999986,-5.147999999999999,0.59815,0.03160411864519119
847,-4.499999999999998,-5.219999999999999,0.5976750000000001,0.024845879524946213
848,-6.899999999999999,-5.207999999999998,0.5972000000000001,0.043535515666007996
849,-5.699999999999998,-5.303999999999998,0.5967250000000001,0.052674971520900726
850,-5.699999999999998,-5.3039999999999985,0.59625,0.025638379156589508
851,-2.099999999999998,-5.207999999999999,0.595775,0.18753860890865326
852,-5.699999999999998,-5.195999999999999,0.5953,0.03119814023375511
853,-3.899999999999998,-5.207999999999998,0.594825,0.0602128803730011
854,-7.499999999999998,-5.231999999999998,0.5943499999999999,0.015711193904280663
855,-4.499999999999998,-5.207999999999998,0.593875,0.01734859123826027
856,-5.699999999999998,-5.3039999999999985,0.5934,0.029701095074415207
857,-6.899999999999999,-5.3039999999999985,0.592925,0.18071436882019043
858,-0.8999999999999986,-5.195999999999998,0.5924499999999999,0.08862198889255524
859,-6.299999999999999,-5.255999999999999,0.591975,0.02730456367135048
860,-7.499999999999998,-5.267999999999998,0.5915,0.14390218257904053
861,-6.899999999999999,-5.291999999999998,0.591025,0.11768144369125366
862,-4.499999999999998,-5.219999999999999,0.59055,0.0287976935505867
863,-0.8999999999999986,-5.1,0.590075,0.049012817442417145
864,-1.4999999999999982,-5.111999999999998,0.5896000000000001,0.05382915586233139
865,-6.299999999999999,-5.099999999999999,0.589125,0.05051085352897644
866,-6.299999999999999,-5.123999999999999,0.58865,0.16042326390743256
867,-3.299999999999998,-5.039999999999999,0.588175,0.022961363196372986
868,-7.499999999999998,-5.051999999999999,0.5877000000000001,0.018503613770008087
869,-3.299999999999998,-4.967999999999999,0.587225,0.041982993483543396
870,-0.8999999999999986,-4.847999999999999,0.58675,0.058724794536828995
871,-7.499999999999998,-4.847999999999999,0.586275,0.05622558668255806
872,-5.099999999999998,-4.871999999999999,0.5858000000000001,0.06850364804267883
873,-5.099999999999998,-4.847999999999998,0.585325,0.08065211772918701
874,-6.899999999999999,-4.871999999999999,0.58485,0.02190890908241272
875,-2.699999999999998,-4.799999999999998,0.584375,0.027295459061861038
876,-5.699999999999998,-4.895999999999998,0.5839000000000001,0.04215482994914055
877,-4.499999999999998,-4.847999999999998,0.583425,0.04229570925235748
878,-2.099999999999998,-4.739999999999998,0.58295,0.059460870921611786
879,-5.699999999999998,-4.7159999999999975,0.582475,0.03138204663991928
880,-6.899999999999999,-4.727999999999998,0.5820000000000001,0.034628063440322876
881,-5.699999999999998,-4.679999999999998,0.5815250000000001,0.01675710454583168
882,-6.899999999999999,-4.6679999999999975,0.58105,0.029590167105197906
883,-0.8999999999999986,-4.595999999999998,0.5805750000000001,0.04735821858048439
884,-3.899999999999998,-4.595999999999998,0.5801000000000001,0.03608349710702896
885,-5.699999999999998,-4.595999999999998,0.5796250000000001,0.03065742924809456
886,-4.499999999999998,-4.547999999999998,0.5791499999999999,0.026193201541900635
887,-5.099999999999998,-4.607999999999999,0.578675,0.021252289414405823
888,-4.499999999999998,-4.643999999999998,0.5782,0.07471178472042084
889,-6.899999999999999,-4.691999999999998,0.577725,0.05225083604454994
890,-6.299999999999999,-4.787999999999999,0.5772499999999999,0.10975527763366699
891,-3.899999999999998,-4.847999999999999,0.576775,0.04566381126642227
892,-0.8999999999999986,-4.799999999999999,0.5763,0.052295438945293427
893,-4.499999999999998,-4.799999999999999,0.575825,0.06446226686239243
894,-6.899999999999999,-4.8119999999999985,0.5753499999999999,0.051264096051454544
895,-2.699999999999998,-4.751999999999999,0.574875,0.039213765412569046
896,-3.299999999999998,-4.799999999999999,0.5744,0.02653786912560463
897,-0.8999999999999986,-4.727999999999999,0.573925,0.026363462209701538
898,-2.699999999999998,-4.643999999999998,0.5734499999999999,0.026659732684493065
899,-3.899999999999998,-4.607999999999999,0.572975,0.32276463508605957
900,-0.8999999999999986,-4.511999999999999,0.5725,0.02363593503832817
901,-6.299999999999999,-4.595999999999998,0.572025,0.03269275277853012
902,-6.899999999999999,-4.619999999999999,0.57155,0.029694372788071632
903,-8.099999999999998,-4.703999999999999,0.571075,0.10203813016414642
904,-6.299999999999999,-4.679999999999998,0.5706000000000001,0.01964953914284706
905,-4.499999999999998,-4.679999999999999,0.570125,0.04984172433614731
906,-0.8999999999999986,-4.583999999999999,0.56965,0.019588060677051544
907,-6.899999999999999,-4.583999999999999,0.569175,0.07328757643699646
908,-5.099999999999998,-4.667999999999998,0.5687000000000001,0.03137516975402832
909,-5.699999999999998,-4.655999999999999,0.568225,0.20228533446788788
910,-6.299999999999999,-4.631999999999998,0.56775,0.12200219184160233
911,-6.299999999999999,-4.619999999999999,0.567275,0.022100230678915977
912,-0.8999999999999986,-4.547999999999999,0.5668000000000001,0.0482184924185276
913,-4.499999999999998,-4.619999999999998,0.566325,0.035579584538936615
914,-5.699999999999998,-4.703999999999998,0.56585,0.025067221373319626
915,-0.8999999999999986,-4.595999999999998,0.565375,0.043693847954273224
916,-0.8999999999999986,-4.487999999999999,0.5649000000000001,0.01359778642654419
917,-2.699999999999998,-4.475999999999998,0.564425,0.4569975733757019
918,-4.499999999999998,-4.415999999999998,0.56395,0.05444585531949997
919,-6.299999999999999,-4.475999999999999,0.563475,0.05669739842414856
920,-0.8999999999999986,-4.475999999999998,0.5630000000000001,0.17329123616218567
921,-6.899999999999999,-4.463999999999999,0.562525,0.015408113598823547
922,-0.8999999999999986,-4.379999999999999,0.5620499999999999,0.08857949078083038
923,-6.299999999999999,-4.403999999999999,0.561575,0.028732478618621826
924,-4.499999999999998,-4.355999999999998,0.5611,0.13266336917877197
925,-5.099999999999998,-4.403999999999998,0.560625,0.02042132057249546
926,-1.4999999999999982,-4.3199999999999985,0.5601499999999999,0.09761056303977966
927,-6.299999999999999,-4.355999999999998,0.559675,0.04936220496892929
928,-2.699999999999998,-4.3679999999999986,0.5592,0.029709290713071823
929,-7.499999999999998,-4.403999999999998,0.558725,0.07728730142116547
930,-1.4999999999999982,-4.295999999999998,0.5582499999999999,0.06434187293052673
931,-2.099999999999998,-4.223999999999998,0.557775,0.060070719569921494
932,-3.899999999999998,-4.163999999999999,0.5573,0.033001743257045746
933,-2.699999999999998,-4.199999999999998,0.556825,0.06149202957749367
934,-1.4999999999999982,-4.151999999999998,0.5563499999999999,0.251049280166626
935,-6.899999999999999,-4.175999999999998,0.555875,0.1570730060338974
936,-5.699999999999998,-4.199999999999998,0.5554,0.033655546605587006
937,-4.499999999999998,-4.187999999999999,0.554925,0.05292786657810211
938,-2.099999999999998,-4.139999999999998,0.55445,0.04463379085063934
939,-8.099999999999998,-4.163999999999999,0.553975,0.04263175278902054
940,-8.7,-4.211999999999998,0.5535,0.039842650294303894
941,-6.299999999999999,-4.259999999999999,0.5530250000000001,0.1631307601928711
942,-6.299999999999999,-4.3679999999999986,0.5525500000000001,0.027780119329690933
943,-6.899999999999999,-4.415999999999999,0.552075,0.042963072657585144
944,-5.699999999999998,-4.391999999999999,0.5516000000000001,0.10633647441864014
945,-2.099999999999998,-4.379999999999998,0.5511250000000001,0.031186543405056
946,-3.299999999999998,-4.379999999999998,0.5506500000000001,0.048940569162368774
947,-6.899999999999999,-4.499999999999999,0.550175,0.03329280763864517
948,-8.7,-4.619999999999998,0.5497,0.11226386576890945
949,-7.499999999999998,-4.691999999999998,0.5492250000000001,0.035954799503088
950,-8.099999999999998,-4.8359999999999985,0.54875,0.11144459247589111
951,-5.099999999999998,-4.8119999999999985,0.548275,0.05069626122713089
952,-7.499999999999998,-4.823999999999999,0.5478000000000001,0.04552016779780388
953,-1.4999999999999982,-4.691999999999998,0.5473250000000001,0.059358127415180206
954,-3.299999999999998,-4.632,0.5468500000000001,0.03948354721069336
955,-6.299999999999999,-4.667999999999999,0.5463749999999999,0.04078000411391258
956,-3.299999999999998,-4.715999999999999,0.5459,0.2730363607406616
957,-5.699999999999998,-4.691999999999998,0.545425,0.03545080125331879
958,-0.8999999999999986,-4.607999999999999,0.54495,0.024157986044883728
959,-0.8999999999999986,-4.511999999999998,0.5444749999999999,0.025116151198744774
960,-8.099999999999998,-4.547999999999998,0.544,0.07670101523399353
961,-0.8999999999999986,-4.439999999999999,0.543525,0.024978457018733025
962,-5.699999999999998,-4.535999999999999,0.54305,0.04633215814828873
963,-8.099999999999998,-4.607999999999998,0.5425749999999999,0.1096777468919754
964,-5.699999999999998,-4.607999999999998,0.5421,0.07981128990650177
965,-3.899999999999998,-4.667999999999998,0.541625,0.05640359967947006
966,-5.099999999999998,-4.751999999999998,0.54115,0.05215202271938324
967,-2.699999999999998,-4.751999999999998,0.5406749999999999,0.17588645219802856
968,-5.699999999999998,-4.775999999999998,0.5402,0.04493112862110138
969,-6.299999999999999,-4.775999999999999,0.539725,0.04405567795038223
970,-0.8999999999999986,-4.775999999999999,0.53925,0.03354262560606003
971,-5.699999999999998,-4.751999999999998,0.538775,0.02233273722231388
972,-0.8999999999999986,-4.751999999999998,0.5383,0.09319417178630829
973,-5.699999999999998,-4.739999999999998,0.5378250000000001,0.03371763229370117
974,-5.699999999999998,-4.7639999999999985,0.53735,0.023692626506090164
975,-6.899999999999999,-4.799999999999998,0.536875,0.09478504210710526
976,-5.699999999999998,-4.883999999999998,0.5364,0.028849143534898758
977,-0.8999999999999986,-4.775999999999999,0.5359250000000001,0.048394206911325455
978,-0.8999999999999986,-4.739999999999998,0.53545,0.02169451117515564
979,-0.8999999999999986,-4.607999999999999,0.534975,0.022838735952973366
980,-1.4999999999999982,-4.607999999999999,0.5345,0.017908964306116104
981,-0.8999999999999986,-4.583999999999999,0.5340250000000001,0.06638932228088379
982,-4.499999999999998,-4.595999999999998,0.53355,0.08240921050310135
983,-5.699999999999998,-4.655999999999999,0.533075,0.03558843582868576
984,-8.099999999999998,-4.787999999999998,0.5326,0.05487193912267685
985,-5.099999999999998,-4.751999999999998,0.5321250000000001,0.027786366641521454
986,-6.299999999999999,-4.7639999999999985,0.53165,0.0289370808750391
987,-5.699999999999998,-4.7879999999999985,0.531175,0.029155705124139786
988,-5.699999999999998,-4.859999999999998,0.5307,0.051519546657800674
989,-0.8999999999999986,-4.715999999999998,0.5302250000000001,0.03693816065788269
990,-5.099999999999998,-4.643999999999998,0.5297499999999999,0.026299867779016495
991,-4.499999999999998,-4.607999999999999,0.5292749999999999,0.11041891574859619
992,-6.299999999999999,-4.607999999999999,0.5288,0.021834153681993484
993,-5.099999999999998,-4.571999999999999,0.528325,0.09787240624427795
994,-6.899999999999999,-4.595999999999998,0.52785,0.01571827568113804
995,-8.099999999999998,-4.715999999999998,0.5273749999999999,0.033717963844537735
996,-4.499999999999998,-4.739999999999998,0.5269,0.37555813789367676
997,-0.8999999999999986,-4.619999999999999,0.526425,0.019106166437268257
998,-0.8999999999999986,-4.463999999999999,0.52595,0.03724212571978569
999,-3.899999999999998,-4.391999999999999,0.5254749999999999,0.03558572381734848
1000,-0.8999999999999986,-4.247999999999999,0.525,0.060000285506248474
1001,-4.499999999999998,-4.235999999999999,0.524525,0.0402454137802124
1002,-5.099999999999998,-4.187999999999999,0.52405,0.0776854008436203
1003,-6.899999999999999,-4.2959999999999985,0.523575,0.0328650064766407
1004,-5.699999999999998,-4.343999999999998,0.5231,0.010041540488600731
1005,-6.899999999999999,-4.355999999999998,0.522625,0.10902396589517593
1006,-5.099999999999998,-4.391999999999999,0.52215,0.03396817296743393
1007,-2.699999999999998,-4.331999999999997,0.521675,0.02615819126367569
1008,-5.099999999999998,-4.415999999999998,0.5212,0.07127372175455093
1009,-5.699999999999998,-4.511999999999998,0.520725,0.03410182520747185
1010,-5.099999999999998,-4.451999999999997,0.52025,0.02869439870119095
1011,-7.499999999999998,-4.583999999999998,0.5197750000000001,0.05528158321976662
1012,-2.099999999999998,-4.511999999999998,0.5193,0.06160729005932808
1013,-2.099999999999998,-4.391999999999999,0.5188250000000001,0.08095216006040573
1014,-2.699999999999998,-4.331999999999997,0.51835,0.02831929735839367
1015,-0.8999999999999986,-4.2719999999999985,0.5178750000000001,0.12601515650749207
1016,-4.499999999999998,-4.259999999999998,0.5174,0.03427090495824814
1017,-5.699999999999998,-4.3199999999999985,0.5169250000000001,0.035263411700725555
1018,-2.699999999999998,-4.259999999999998,0.51645,0.2952462434768677
1019,-0.8999999999999986,-4.151999999999998,0.5159750000000001,0.062459688633680344
1020,-0.8999999999999986,-4.151999999999998,0.5155,0.028639648109674454
1021,-5.099999999999998,-4.139999999999999,0.5150250000000001,0.36413246393203735
1022,-3.899999999999998,-4.199999999999999,0.51455,0.03434565290808678
1023,-0.8999999999999986,-4.103999999999998,0.5140750000000001,0.028277449309825897
1024,-0.8999999999999986,-4.007999999999998,0.5136,0.10172828286886215
1025,-3.299999999999998,-3.935999999999999,0.513125,0.11606979370117188
1026,-6.299999999999999,-3.947999999999999,0.5126499999999999,0.07525418698787689
1027,-3.899999999999998,-4.007999999999999,0.512175,0.17491190135478973
1028,-2.699999999999998,-4.043999999999998,0.5116999999999999,0.0528833344578743
1029,-0.8999999999999986,-4.043999999999998,0.511225,0.04326612129807472
1030,-7.499999999999998,-4.163999999999998,0.51075,0.029359254986047745
1031,-2.699999999999998,-4.1999999999999975,0.510275,0.0440824031829834
1032,-4.499999999999998,-4.199999999999998,0.5098,0.024584904313087463
1033,-6.899999999999999,-4.223999999999998,0.509325,0.029916681349277496
1034,-2.099999999999998,-4.103999999999998,0.50885,0.03645128011703491
1035,-5.099999999999998,-4.103999999999998,0.508375,0.036677468568086624
1036,-2.099999999999998,-4.019999999999999,0.5079,0.0561785027384758
1037,-6.899999999999999,-4.043999999999999,0.507425,0.07590629905462265
1038,-3.899999999999998,-4.007999999999998,0.50695,0.018415143713355064
1039,-7.499999999999998,-4.139999999999998,0.506475,0.031386848539114
1040,-4.499999999999998,-4.127999999999998,0.506,0.03276042640209198
1041,-6.899999999999999,-4.175999999999998,0.505525,0.09267909824848175
1042,-0.8999999999999986,-4.067999999999999,0.50505,0.17238716781139374
1043,-0.8999999999999986,-3.9839999999999987,0.504575,0.17740900814533234
1044,-8.7,-4.019999999999999,0.5041,0.06463347375392914
1045,-3.899999999999998,-3.935999999999998,0.503625,0.04019795358181
1046,-0.8999999999999986,-3.8639999999999985,0.50315,0.029107345268130302
1047,-6.899999999999999,-3.9839999999999987,0.502675,0.05089535936713219
1048,-6.299999999999999,-4.091999999999999,0.5022,0.029589515179395676
1049,-6.299999999999999,-4.139999999999999,0.501725,0.05930064618587494
1050,-0.8999999999999986,-4.139999999999998,0.50125,0.024825651198625565
1051,-2.699999999999998,-4.103999999999998,0.5007750000000001,0.027452366426587105
1052,-7.499999999999998,-4.151999999999998,0.5003,0.08907387405633926
1053,-7.499999999999998,-4.163999999999999,0.499825,0.15382170677185059
1054,-6.899999999999999,-4.187999999999999,0.49934999999999996,0.267544150352478
1055,-1.4999999999999982,-4.079999999999998,0.498875,0.03861517459154129
1056,-8.099999999999998,-4.139999999999998,0.49839999999999995,0.04101525619626045
1057,-3.299999999999998,-4.151999999999998,0.497925,0.03387337177991867
1058,-0.8999999999999986,-4.067999999999999,0.49744999999999995,0.01121431402862072
1059,-0.8999999999999986,-3.9719999999999986,0.496975,0.02720634639263153
1060,-0.8999999999999986,-3.8879999999999986,0.49649999999999994,0.0690777376294136
1061,-3.899999999999998,-3.815999999999999,0.496025,0.06298014521598816
1062,-5.099999999999998,-3.8759999999999986,0.49554999999999993,0.15734097361564636
1063,-0.8999999999999986,-3.851999999999998,0.495075,0.08086378127336502
1064,-6.299999999999999,-3.923999999999999,0.49459999999999993,0.06044363975524902
1065,-0.8999999999999986,-3.923999999999999,0.494125,0.14442719519138336
1066,-5.699999999999998,-3.9479999999999986,0.4936499999999999,0.0935429111123085
1067,-5.699999999999998,-3.9479999999999977,0.493175,0.04846375435590744
1068,-2.099999999999998,-3.9359999999999986,0.4926999999999999,0.0346674919128418
1069,-6.299999999999999,-4.043999999999999,0.49222499999999997,0.11874055862426758
1070,-2.699999999999998,-4.079999999999998,0.49174999999999996,0.05184948444366455
1071,-0.8999999999999986,-3.9959999999999978,0.491275,0.14368394017219543
1072,-2.699999999999998,-3.9719999999999986,0.49079999999999996,0.03362588956952095
1073,-5.099999999999998,-4.055999999999998,0.490325,0.02735716477036476
1074,-0.8999999999999986,-4.055999999999998,0.48984999999999995,0.14081603288650513
1075,-0.8999999999999986,-4.007999999999998,0.489375,0.06631383299827576
1076,-6.899999999999999,-4.019999999999999,0.48889999999999995,0.047178514301776886
1077,-2.099999999999998,-3.983999999999998,0.488425,0.06771422177553177
1078,-8.099999999999998,-4.091999999999998,0.48794999999999994,0.0911664217710495
1079,-0.8999999999999986,-4.091999999999998,0.487475,0.06257261335849762
1080,-5.699999999999998,-4.055999999999998,0.48699999999999993,0.08728741109371185
1081,-2.099999999999998,-4.043999999999998,0.486525,0.03898807615041733
1082,-0.8999999999999986,-3.9719999999999986,0.4860499999999999,0.04557857662439346
1083,-0.8999999999999986,-3.8519999999999994,0.485575,0.029652798548340797
1084,-5.099999999999998,-3.9119999999999986,0.4850999999999999,0.06279890984296799
1085,-0.8999999999999986,-3.827999999999999,0.484625,0.030939053744077682
1086,-1.4999999999999982,-3.8159999999999985,0.4841499999999999,0.04967563971877098
1087,-2.699999999999998,-3.731999999999999,0.48367499999999997,0.08190356940031052
1088,-3.299999999999998,-3.719999999999999,0.4831999999999999,0.12779240310192108
1089,-2.699999999999998,-3.6239999999999988,0.48272499999999996,0.06015601009130478
1090,-6.299999999999999,-3.659999999999999,0.48224999999999996,0.08851200342178345
1091,-3.899999999999998,-3.5999999999999988,0.481775,0.03250051289796829
1092,-0.8999999999999986,-3.5999999999999988,0.48129999999999995,0.112969309091568
1093,-3.899999999999998,-3.659999999999999,0.480825,0.049109771847724915
1094,-0.8999999999999986,-3.5039999999999987,0.48034999999999994,0.022813063114881516
1095,-0.8999999999999986,-3.4439999999999986,0.479875,0.03736155852675438
1096,-7.499999999999998,-3.5759999999999987,0.47939999999999994,0.06043238565325737
1097,-0.8999999999999986,-3.4559999999999986,0.478925,0.22339589893817902
1098,-3.899999999999998,-3.4079999999999986,0.47844999999999993,0.048750266432762146
1099,-5.699999999999998,-3.3959999999999986,0.477975,0.028047602623701096
1100,-5.099999999999998,-3.479999999999998,0.4774999999999999,0.09140278398990631
1101,-5.699999999999998,-3.5399999999999983,0.477025,0.08390869200229645
1102,-7.499999999999998,-3.5399999999999983,0.4765499999999999,0.06420984119176865
1103,-4.499999999999998,-3.479999999999998,0.47607499999999997,0.030725626274943352
1104,-5.699999999999998,-3.4559999999999977,0.4755999999999999,0.029976055026054382
1105,-0.8999999999999986,-3.443999999999998,0.47512499999999996,0.038765810430049896
1106,-0.8999999999999986,-3.299999999999999,0.4746499999999999,0.04349997639656067
1107,-0.8999999999999986,-3.251999999999999,0.47417499999999996,0.0378715954720974
1108,-3.899999999999998,-3.311999999999999,0.4736999999999999,0.12392596900463104
1109,-3.299999999999998,-3.359999999999999,0.47322499999999995,0.05689261853694916
1110,-2.099999999999998,-3.3839999999999986,0.47274999999999995,0.25439929962158203
1111,-7.499999999999998,-3.4559999999999986,0.472275,0.07048791646957397
1112,-3.299999999999998,-3.419999999999998,0.47179999999999994,0.03519878536462784
1113,-5.099999999999998,-3.5039999999999982,0.471325,0.06337543576955795
1114,-3.899999999999998,-3.4559999999999977,0.47084999999999994,0.020931821316480637
1115,-6.299999999999999,-3.5639999999999987,0.470375,0.030657263472676277
1116,-3.899999999999998,-3.5279999999999982,0.46989999999999993,0.04324230179190636
1117,-0.8999999999999986,-3.4319999999999986,0.469425,0.23873358964920044
1118,-2.099999999999998,-3.431999999999998,0.4689499999999999,0.032603804022073746
1119,-5.699999999999998,-3.419999999999998,0.468475,0.08704595267772675
1120,-3.299999999999998,-3.431999999999998,0.4679999999999999,0.19544115662574768
1121,-6.299999999999999,-3.5399999999999987,0.46752499999999997,0.17059937119483948
1122,-8.099999999999998,-3.647999999999999,0.4670499999999999,0.28704407811164856
1123,-2.699999999999998,-3.5999999999999983,0.46657499999999996,0.04160835221409798
1124,-0.8999999999999986,-3.5999999999999983,0.4660999999999999,0.05043162405490875
1125,-3.899999999999998,-3.659999999999999,0.46562499999999996,0.06652116775512695
1126,-4.499999999999998,-3.6119999999999988,0.46515,0.04438319802284241
1127,-0.8999999999999986,-3.587999999999999,0.46467499999999995,0.1998692899942398
1128,-4.499999999999998,-3.5159999999999987,0.4642,0.19066095352172852
1129,-0.8999999999999986,-3.5159999999999987,0.46372499999999994,0.052774373441934586
1130,-5.699999999999998,-3.5159999999999987,0.46325,0.15291772782802582
1131,-0.8999999999999986,-3.4919999999999987,0.462775,0.42477744817733765
1132,-0.8999999999999986,-3.491999999999998,0.46230000000000004,0.06088153272867203
1133,-2.699999999999998,-3.5279999999999982,0.461825,0.13477042317390442
1134,-4.499999999999998,-3.515999999999998,0.46135000000000004,0.05714717507362366
1135,-3.299999999999998,-3.5639999999999987,0.460875,0.08998124301433563
1136,-0.8999999999999986,-3.5519999999999987,0.46040000000000003,0.02294030413031578
1137,-0.8999999999999986,-3.515999999999999,0.459925,0.06455308943986893
1138,-3.299999999999998,-3.5159999999999987,0.45945,0.04088771343231201
1139,-0.8999999999999986,-3.4799999999999995,0.45897499999999997,0.2130538672208786
1140,-5.099999999999998,-3.4559999999999986,0.4585,0.028431646525859833
1141,-6.299999999999999,-3.5039999999999987,0.45802499999999996,0.05655987933278084
1142,-0.8999999999999986,-3.503999999999999,0.45755,0.050503335893154144
1143,-3.899999999999998,-3.5039999999999987,0.45707499999999995,0.1194232702255249
1144,-4.499999999999998,-3.5759999999999987,0.4566,0.04670222848653793
1145,-6.299999999999999,-3.683999999999999,0.45612499999999995,0.1379675269126892
1146,-0.8999999999999986,-3.5519999999999987,0.45565,0.05397979915142059
1147,-0.8999999999999986,-3.5519999999999983,0.45517499999999994,0.08533097803592682
1148,-0.8999999999999986,-3.4919999999999987,0.4547,0.06520341336727142
1149,-5.699999999999998,-3.491999999999998,0.45422499999999993,0.17822584509849548
1150,-0.8999999999999986,-3.4079999999999977,0.45375,0.13132493197917938
1151,-0.8999999999999986,-3.311999999999998,0.453275,0.06883925944566727
1152,-0.8999999999999986,-3.179999999999999,0.45280000000000004,0.15328103303909302
1153,-2.699999999999998,-3.143999999999998,0.452325,0.11213649809360504
1154,-0.8999999999999986,-3.0479999999999983,0.45185000000000003,0.11392657458782196
1155,-2.099999999999998,-3.0719999999999983,0.45137499999999997,0.18298473954200745
1156,-3.899999999999998,-3.131999999999999,0.4509,0.12557578086853027
1157,-0.8999999999999986,-3.1319999999999983,0.45042499999999996,0.03160771727561951
1158,-1.4999999999999982,-3.0839999999999987,0.44995,0.0866619199514389
1159,-5.699999999999998,-3.1319999999999983,0.44947499999999996,0.0607338473200798
1160,-1.4999999999999982,-3.1199999999999983,0.449,0.04490413889288902
1161,-0.8999999999999986,-2.987999999999999,0.44852499999999995,0.23878714442253113
1162,-5.699999999999998,-3.0359999999999987,0.44805,0.10816771537065506
1163,-2.699999999999998,-2.987999999999998,0.44757499999999995,0.08784282207489014
1164,-2.699999999999998,-2.963999999999998,0.4471,0.09204558283090591
1165,-0.8999999999999986,-2.8559999999999985,0.44662499999999994,0.08222553133964539
1166,-3.299999999999998,-2.8439999999999994,0.44615,0.06513924151659012
1167,-1.4999999999999982,-2.855999999999999,0.44567499999999993,0.17937731742858887
1168,-5.699999999999998,-2.9279999999999986,0.4452,0.10603178292512894
1169,-6.299999999999999,-2.939999999999999,0.4447249999999999,0.07928764820098877
1170,-5.099999999999998,-2.9759999999999986,0.44425,0.065853051841259
1171,-0.8999999999999986,-2.8679999999999986,0.443775,0.03752781078219414
1172,-6.299999999999999,-2.831999999999999,0.4433,0.06349454820156097
1173,-5.099999999999998,-2.879999999999999,0.44282499999999997,0.05117484927177429
1174,-6.299999999999999,-2.987999999999998,0.44235,0.044390179216861725
1175,-1.4999999999999982,-2.939999999999999,0.44187499999999996,0.3066175580024719
1176,-2.699999999999998,-2.903999999999998,0.4414,0.05002864450216293
1177,-0.8999999999999986,-2.9039999999999986,0.44092499999999996,0.37422576546669006
1178,-1.4999999999999982,-2.8439999999999985,0.44045,0.17914392054080963
1179,-0.8999999999999986,-2.8439999999999985,0.43997499999999995,0.035352516919374466
1180,-4.499999999999998,-2.819999999999999,0.4395,0.1666611135005951
1181,-4.499999999999998,-2.8919999999999986,0.43902499999999994,0.11864182353019714
1182,-1.4999999999999982,-2.9039999999999986,0.43855,0.07657375931739807
1183,-5.699999999999998,-2.9639999999999986,0.43807499999999994,0.09974765032529831
1184,-3.299999999999998,-2.939999999999999,0.4376,0.10055471211671829
1185,-0.8999999999999986,-2.8919999999999986,0.43712499999999993,0.04800160974264145
1186,-0.8999999999999986,-2.8919999999999986,0.43665,0.21018086373806
1187,-2.099999999999998,-2.9159999999999986,0.4361749999999999,0.08431220054626465
1188,-3.299999999999998,-2.9159999999999986,0.4357,0.05377541482448578
1189,-0.8999999999999986,-2.9159999999999986,0.4352249999999999,0.07982686161994934
1190,-3.299999999999998,-2.879999999999999,0.43474999999999997,0.06138034164905548
1191,-2.099999999999998,-2.7959999999999985,0.43427499999999997,0.03891238570213318
1192,-1.4999999999999982,-2.8079999999999985,0.4338,0.1510608196258545
1193,-4.499999999999998,-2.8199999999999985,0.43332499999999996,0.06873264908790588
1194,-0.8999999999999986,-2.7479999999999984,0.43285,0.11000887304544449
1195,-0.8999999999999986,-2.6399999999999983,0.43237499999999995,0.07630135864019394
1196,-0.8999999999999986,-2.639999999999999,0.4319,0.07637153565883636
1197,-2.099999999999998,-2.663999999999998,0.43142499999999995,0.036302439868450165
1198,-6.299999999999999,-2.771999999999998,0.43095,0.04779823124408722
1199,-6.299999999999999,-2.7839999999999985,0.43047499999999994,0.05077856034040451
1200,-5.099999999999998,-2.8679999999999986,0.43,0.06757844239473343
1201,-2.099999999999998,-2.891999999999998,0.42952499999999993,0.12365759909152985
1202,-7.499999999999998,-3.0239999999999982,0.42905,0.06774993985891342
1203,-0.8999999999999986,-2.987999999999998,0.42857499999999993,0.0939093679189682
1204,-3.299999999999998,-3.0359999999999987,0.4281,0.11879947781562805
1205,-2.699999999999998,-3.0479999999999983,0.4276249999999999,0.04196205735206604
1206,-0.8999999999999986,-2.987999999999998,0.42715,0.04355153068900108
1207,-0.8999999999999986,-2.987999999999998,0.4266749999999999,0.0804058313369751
1208,-0.8999999999999986,-2.9759999999999986,0.42619999999999997,0.039894893765449524
1209,-0.8999999999999986,-2.879999999999998,0.4257249999999999,0.046050749719142914
1210,-5.699999999999998,-2.9639999999999986,0.42524999999999996,0.0707140639424324
1211,-6.299999999999999,-3.0719999999999987,0.42477499999999996,0.1284598708152771
1212,-0.8999999999999986,-2.9759999999999986,0.4243,0.05181165784597397
1213,-0.8999999999999986,-2.939999999999999,0.42382499999999995,0.06140271574258804
1214,-3.299999999999998,-2.9519999999999986,0.42335,0.028003836050629616
1215,-0.8999999999999986,-2.9519999999999986,0.42287499999999995,0.02886628545820713
1216,-0.8999999999999986,-2.9039999999999986,0.4224,0.10631009936332703
1217,-5.699999999999998,-2.9879999999999978,0.42192499999999994,0.09469157457351685
1218,-2.699999999999998,-2.9279999999999986,0.42145,0.0647207498550415
1219,-0.8999999999999986,-2.8199999999999985,0.42097499999999993,0.07935289293527603
1220,-3.299999999999998,-2.7839999999999994,0.4205,0.0783243179321289
1221,-0.8999999999999986,-2.7839999999999985,0.4200249999999999,0.1204492598772049
1222,-0.8999999999999986,-2.6759999999999993,0.41955,0.19859325885772705
1223,-0.8999999999999986,-2.5919999999999983,0.4190749999999999,0.08988623321056366
1224,-0.8999999999999986,-2.4839999999999987,0.41859999999999997,0.12052443623542786
1225,-5.099999999999998,-2.5559999999999987,0.4181249999999999,0.04774188622832298
1226,-0.8999999999999986,-2.5199999999999982,0.41764999999999997,0.12262292951345444
1227,-3.899999999999998,-2.5799999999999983,0.4171749999999999,0.1934007704257965
1228,-6.299999999999999,-2.6759999999999984,0.41669999999999996,0.11449684202671051
1229,-6.899999999999999,-2.7959999999999985,0.4162249999999999,0.13060541450977325
1230,-0.8999999999999986,-2.7239999999999984,0.41574999999999995,0.05512760579586029
1231,-0.8999999999999986,-2.651999999999999,0.41527499999999995,0.28198572993278503
1232,-6.299999999999999,-2.747999999999999,0.4148,0.14905188977718353
1233,-3.899999999999998,-2.711999999999999,0.41432499999999994,0.0756417065858841
1234,-0.8999999999999986,-2.663999999999999,0.41385,0.07948251813650131
1235,-0.8999999999999986,-2.663999999999999,0.41337499999999994,0.056720931082963943
1236,2.6999999999999993,-2.5919999999999987,0.4129,0.06351291388273239
1237,-5.099999999999998,-2.651999999999999,0.41242499999999993,0.11521835625171661
1238,-6.899999999999999,-2.7239999999999984,0.41195,0.15773360431194305
1239,-5.099999999999998,-2.8079999999999985,0.4114749999999999,0.0733659416437149
1240,-0.8999999999999986,-2.759999999999999,0.411,0.08425918221473694
1241,-0.8999999999999986,-2.7359999999999984,0.4105249999999999,0.2047114372253418
1242,-5.699999999999998,-2.8199999999999985,0.41004999999999997,0.11654429137706757
1243,-3.899999999999998,-2.8079999999999985,0.4095749999999999,0.12835122644901276
1244,-0.8999999999999986,-2.8079999999999985,0.40909999999999996,0.10631870478391647
1245,-6.899999999999999,-2.9279999999999986,0.4086249999999999,1.3658853769302368
1246,-3.299999999999998,-2.9759999999999986,0.40814999999999996,0.5694378614425659
1247,-0.8999999999999986,-2.9519999999999986,0.4076749999999999,0.19658584892749786
1248,-0.8999999999999986,-2.8439999999999985,0.40719999999999995,0.041299283504486084
1249,-0.8999999999999986,-2.7359999999999984,0.4067249999999999,0.11193279922008514
1250,-0.8999999999999986,-2.651999999999999,0.40624999999999994,0.19294509291648865
1251,-0.8999999999999986,-2.6279999999999983,0.40577500000000005,0.0555654913187027
1252,-0.8999999999999986,-2.4959999999999987,0.4053,0.039286740124225616
1253,-3.899999999999998,-2.5559999999999983,0.40482500000000005,0.09242819249629974
1254,-0.8999999999999986,-2.5079999999999982,0.40435,0.09116636216640472
1255,-0.8999999999999986,-2.4719999999999986,0.40387500000000004,0.07212935388088226
1256,-0.8999999999999986,-2.4719999999999986,0.4034,0.3385583758354187
1257,-0.8999999999999986,-2.4719999999999986,0.40292500000000003,0.24056032299995422
1258,-6.899999999999999,-2.5919999999999987,0.40245,0.2767479121685028
1259,-0.29999999999999893,-2.5799999999999987,0.401975,0.07054867595434189
1260,-0.8999999999999986,-2.483999999999998,0.40149999999999997,0.17446227371692657
1261,-4.499999999999998,-2.447999999999999,0.401025,0.15131749212741852
1262,-0.8999999999999986,-2.4479999999999986,0.40054999999999996,0.18465453386306763
1263,-0.8999999999999986,-2.4479999999999986,0.400075,0.13061338663101196
1264,-0.8999999999999986,-2.399999999999999,0.39959999999999996,0.12923088669776917
1265,-2.699999999999998,-2.4359999999999986,0.399125,0.2203299105167389
1266,-8.099999999999998,-2.5799999999999987,0.39864999999999995,0.2454652488231659
1267,-2.099999999999998,-2.5079999999999982,0.398175,0.6353777647018433
1268,-6.899999999999999,-2.5919999999999987,0.39769999999999994,0.08854365348815918
1269,-5.699999999999998,-2.6879999999999984,0.397225,0.31777751445770264
1270,-0.8999999999999986,-2.639999999999999,0.39675,0.17651382088661194
1271,-0.8999999999999986,-2.639999999999999,0.39627500000000004,0.4283885061740875
1272,-0.8999999999999986,-2.639999999999999,0.3958,0.05286112427711487
1273,-0.8999999999999986,-2.639999999999999,0.39532500000000004,0.08229629695415497
1274,-2.099999999999998,-2.663999999999999,0.39485,0.1407034993171692
1275,-1.4999999999999982,-2.5919999999999987,0.39437500000000003,0.41152137517929077
1276,-2.699999999999998,-2.6279999999999983,0.3939,0.289294570684433
1277,-3.299999999999998,-2.6159999999999983,0.393425,0.09223346412181854
1278,-3.299999999999998,-2.5559999999999987,0.39294999999999997,0.22603386640548706
1279,-1.4999999999999982,-2.4479999999999986,0.392475,0.22411474585533142
1280,-0.8999999999999986,-2.4479999999999986,0.39199999999999996,0.036656200885772705
1281,-0.8999999999999986,-2.4479999999999986,0.391525,0.14960020780563354
1282,-0.8999999999999986,-2.339999999999999,0.39104999999999995,0.09830646216869354
1283,-0.8999999999999986,-2.2799999999999985,0.390575,0.05169261246919632
1284,-0.8999999999999986,-2.2799999999999985,0.39009999999999995,0.18655329942703247
1285,-1.4999999999999982,-2.291999999999998,0.389625,0.1043071374297142
1286,-0.8999999999999986,-2.3639999999999985,0.38914999999999994,0.565263032913208
1287,-6.299999999999999,-2.387999999999998,0.388675,0.1059654951095581
1288,-3.299999999999998,-2.3159999999999985,0.38819999999999993,0.08028943091630936
1289,-0.8999999999999986,-2.231999999999998,0.387725,0.26692524552345276
1290,-0.8999999999999986,-2.231999999999999,0.38725,0.16925853490829468
1291,-2.699999999999998,-2.267999999999999,0.38677500000000004,0.22810377180576324
1292,-0.8999999999999986,-2.1719999999999984,0.3863,0.15723392367362976
1293,-4.499999999999998,-2.183999999999999,0.38582500000000003,0.43278929591178894
1294,-2.099999999999998,-2.2079999999999984,0.38534999999999997,0.6720940470695496
1295,-5.699999999999998,-2.1839999999999984,0.384875,0.16048504412174225
1296,-0.8999999999999986,-2.1359999999999983,0.38439999999999996,0.08471362292766571
1297,-6.899999999999999,-2.2559999999999985,0.383925,0.22600039839744568
1298,-0.8999999999999986,-2.2559999999999985,0.38344999999999996,0.08391354978084564
1299,-0.8999999999999986,-2.2559999999999985,0.382975,0.18368449807167053
1300,-2.099999999999998,-2.2799999999999985,0.38249999999999995,0.8034058213233948
1301,-8.099999999999998,-2.423999999999998,0.382025,0.0459776408970356
1302,-0.8999999999999986,-2.423999999999998,0.38154999999999994,0.05807892978191376
1303,-3.899999999999998,-2.423999999999998,0.381075,0.2509833872318268
1304,-2.699999999999998,-2.459999999999998,0.38059999999999994,0.08830787241458893
1305,-1.4999999999999982,-2.4719999999999986,0.380125,0.11011042445898056
1306,-1.4999999999999982,-2.483999999999998,0.37964999999999993,0.16298514604568481
1307,-1.4999999999999982,-2.4959999999999987,0.379175,0.04857315868139267
1308,-0.8999999999999986,-2.3759999999999986,0.3786999999999999,0.1281335949897766
1309,-0.8999999999999986,-2.3879999999999986,0.378225,0.03892534226179123
1310,-1.4999999999999982,-2.399999999999998,0.37775,0.1232428252696991
1311,-3.899999999999998,-2.387999999999998,0.377275,0.1179453432559967
1312,-1.4999999999999982,-2.399999999999998,0.37679999999999997,0.04687974974513054
1313,-2.699999999999998,-2.4359999999999986,0.376325,0.14760105311870575
1314,-3.299999999999998,-2.4839999999999987,0.37584999999999996,0.054476071149110794
1315,-4.499999999999998,-2.5199999999999982,0.375375,0.04448195546865463
1316,-3.899999999999998,-2.435999999999998,0.37489999999999996,0.1732916533946991
1317,-4.499999999999998,-2.483999999999998,0.374425,0.09337933361530304
1318,-4.499999999999998,-2.4359999999999986,0.37394999999999995,0.1729404330253601
1319,-0.8999999999999986,-2.339999999999998,0.373475,0.07179297506809235
1320,-4.499999999999998,-2.4119999999999986,0.37299999999999994,0.05281517654657364
1321,-2.099999999999998,-2.4359999999999986,0.372525,0.10612331330776215
1322,-0.8999999999999986,-2.4359999999999986,0.37204999999999994,0.21126577258110046
1323,-0.8999999999999986,-2.4359999999999986,0.371575,0.32419613003730774
1324,-0.8999999999999986,-2.4119999999999986,0.37109999999999993,0.12983836233615875
1325,-1.4999999999999982,-2.4119999999999986,0.370625,0.0928998664021492
1326,-3.299999999999998,-2.4239999999999986,0.3701499999999999,0.1955360770225525
1327,-0.8999999999999986,-2.3759999999999986,0.369675,0.09308265894651413
1328,-1.4999999999999982,-2.339999999999998,0.3691999999999999,0.47645890712738037
1329,-3.899999999999998,-2.3879999999999986,0.36872499999999997,0.06586810201406479
1330,-4.499999999999998,-2.459999999999998,0.36824999999999997,0.11544349789619446
1331,-2.699999999999998,-2.4959999999999987,0.367775,0.11632071435451508
1332,-0.8999999999999986,-2.4959999999999987,0.36729999999999996,0.5510985851287842
1333,-6.299999999999999,-2.6039999999999988,0.366825,0.14367364346981049
1334,-0.8999999999999986,-2.6039999999999988,0.36634999999999995,0.11062364280223846
1335,-0.8999999999999986,-2.5919999999999983,0.365875,0.088003009557724
1336,-0.8999999999999986,-2.5919999999999983,0.36539999999999995,0.19609591364860535
1337,-0.8999999999999986,-2.483999999999998,0.364925,0.06576977670192719
1338,-0.8999999999999986,-2.4359999999999986,0.36444999999999994,0.12780439853668213
1339,-2.099999999999998,-2.459999999999998,0.363975,0.09466928988695145
1340,-0.8999999999999986,-2.459999999999998,0.36349999999999993,0.14231754839420319
1341,0.3000000000000007,-2.3999999999999986,0.363025,0.18414872884750366
1342,0.3000000000000007,-2.3759999999999986,0.36254999999999993,0.09470871090888977
1343,-0.8999999999999986,-2.303999999999998,0.362075,0.20561224222183228
1344,-4.499999999999998,-2.351999999999998,0.3615999999999999,0.20825453102588654
1345,-0.8999999999999986,-2.2559999999999985,0.361125,0.1043689101934433
1346,-0.8999999999999986,-2.2559999999999985,0.3606499999999999,0.13650581240653992
1347,-0.8999999999999986,-2.1359999999999983,0.36017499999999997,0.11429832875728607
1348,-2.699999999999998,-2.1719999999999984,0.3596999999999999,0.09686506539583206
1349,-0.8999999999999986,-2.1719999999999984,0.35922499999999996,0.1437108814716339
1350,-5.099999999999998,-2.231999999999998,0.35874999999999996,0.07995913177728653
1351,-1.4999999999999982,-2.0999999999999983,0.358275,0.11353480815887451
1352,-0.8999999999999986,-2.0999999999999983,0.35779999999999995,0.10410811007022858
1353,-4.499999999999998,-2.1119999999999983,0.357325,0.344627320766449
1354,-3.899999999999998,-2.1359999999999983,0.35684999999999995,0.07230249047279358
1355,-2.099999999999998,-2.147999999999998,0.356375,0.23555225133895874
1356,-0.8999999999999986,-2.1359999999999983,0.35589999999999994,0.19005806744098663
1357,-0.8999999999999986,-2.1239999999999988,0.355425,0.1600084900856018
1358,-0.8999999999999986,-2.1239999999999988,0.35494999999999993,0.27514204382896423
1359,-0.8999999999999986,-2.1239999999999988,0.354475,0.147133931517601
1360,-0.8999999999999986,-2.1119999999999988,0.3539999999999999,0.2713747024536133
1361,-0.8999999999999986,-2.0519999999999987,0.353525,0.08718724548816681
1362,-2.099999999999998,-2.0639999999999983,0.3530499999999999,0.6329305171966553
1363,-0.8999999999999986,-2.0279999999999982,0.35257499999999997,0.622434139251709
1364,-0.8999999999999986,-1.9799999999999989,0.3520999999999999,0.2563074827194214
1365,-0.8999999999999986,-1.9079999999999984,0.35162499999999997,0.22521637380123138
1366,-2.699999999999998,-1.8839999999999983,0.3511499999999999,0.191490039229393
1367,-3.299999999999998,-1.8599999999999985,0.35067499999999996,0.4272158145904541
1368,-0.8999999999999986,-1.7879999999999985,0.3501999999999999,0.2737638056278229
1369,-0.8999999999999986,-1.7879999999999985,0.34972499999999995,0.1334993690252304
1370,-0.8999999999999986,-1.7159999999999984,0.34924999999999995,0.26772257685661316
1371,-0.8999999999999986,-1.6919999999999988,0.348775,0.08004537224769592
1372,-3.299999999999998,-1.7399999999999987,0.34829999999999994,0.07595786452293396
1373,-6.299999999999999,-1.8479999999999983,0.347825,0.18264952301979065
1374,-0.8999999999999986,-1.8479999999999983,0.34734999999999994,0.2098928540945053
1375,-0.8999999999999986,-1.8359999999999985,0.346875,0.1098431795835495
1376,-3.899999999999998,-1.847999999999998,0.34640000000000004,0.2937924563884735
1377,-3.299999999999998,-1.8959999999999981,0.345925,0.1742687225341797
1378,-0.8999999999999986,-1.8839999999999986,0.34545000000000003,0.13576936721801758
1379,-0.8999999999999986,-1.8239999999999987,0.344975,0.3276987075805664
1380,0.3000000000000007,-1.7279999999999986,0.34450000000000003,0.17542503774166107
1381,-0.8999999999999986,-1.6919999999999988,0.34402499999999997,0.19415713846683502
1382,-0.8999999999999986,-1.6919999999999988,0.34355,0.18539157509803772
1383,-0.8999999999999986,-1.5839999999999987,0.34307499999999996,0.0863373726606369
1384,-5.099999999999998,-1.6679999999999984,0.3426,0.33450424671173096
1385,-0.8999999999999986,-1.6679999999999984,0.34212499999999996,0.48465192317962646
1386,-5.099999999999998,-1.7519999999999982,0.34165,0.28809654712677
1387,-3.899999999999998,-1.8119999999999983,0.34117499999999995,1.3612970113754272
1388,-0.8999999999999986,-1.8119999999999983,0.3407,0.14387179911136627
1389,-0.8999999999999986,-1.7879999999999985,0.34022499999999994,0.20744813978672028
1390,-0.29999999999999805,-1.7759999999999982,0.33969299999999997,0.1415494978427887
1391,-0.8999999999999986,-1.7999999999999983,0.339218,0.11461231857538223
1392,-1.4999999999999982,-1.8359999999999985,0.33874299999999996,0.3919348418712616
1393,-0.8999999999999986,-1.8359999999999985,0.338268,0.10107410699129105
1394,-0.8999999999999986,-1.7639999999999987,0.33779299999999995,0.7105497717857361
1395,-2.099999999999998,-1.7879999999999985,0.337318,0.07975003868341446
1396,-0.8999999999999986,-1.7879999999999985,0.33684299999999995,0.20401118695735931
1397,-1.4999999999999982,-1.7999999999999983,0.336368,0.27515342831611633
1398,-0.8999999999999986,-1.7639999999999987,0.33589299999999994,0.1055559292435646
1399,-0.8999999999999986,-1.7639999999999987,0.335418,0.23629650473594666
1400,-0.8999999999999986,-1.6799999999999988,0.33494299999999994,0.31603485345840454
1401,-5.099999999999998,-1.7519999999999982,0.334468,0.4045895040035248
1402,-0.8999999999999986,-1.7519999999999987,0.333993,0.3049834370613098
1403,-3.899999999999998,-1.7399999999999987,0.33351800000000004,0.1646181046962738
1404,-0.8999999999999986,-1.6799999999999984,0.333043,0.25922805070877075
1405,-3.299999999999998,-1.7039999999999984,0.33256800000000003,0.4268415868282318
1406,-0.8999999999999986,-1.703999999999998,0.33209299999999997,0.21900226175785065
1407,-0.8999999999999986,-1.7039999999999986,0.331618,0.4340774714946747
1408,-1.4999999999999982,-1.7159999999999984,0.33114299999999997,0.28768107295036316
1409,-0.8999999999999986,-1.7159999999999984,0.330668,0.4533660411834717
1410,-1.4999999999999982,-1.7279999999999984,0.33019299999999996,0.17324012517929077
1411,-3.299999999999998,-1.7759999999999982,0.329718,0.2076464146375656
1412,-3.299999999999998,-1.7999999999999983,0.32924299999999995,0.3012281358242035
1413,-6.299999999999999,-1.9079999999999984,0.328768,0.2343313843011856
1414,-0.8999999999999986,-1.9079999999999984,0.32829299999999995,0.337397962808609
1415,-5.099999999999998,-1.9919999999999982,0.327818,0.12976622581481934
1416,1.9000000000000017,-1.8999999999999984,0.327305,0.1104217916727066
1417,-2.699999999999998,-1.8879999999999983,0.32682999999999995,0.33619940280914307
1418,-2.699999999999998,-1.9239999999999986,0.326355,0.2624531388282776
1419,-4.499999999999998,-1.9959999999999984,0.32587999999999995,0.28912317752838135
1420,-3.899999999999998,-2.0559999999999983,0.325405,0.10829173773527145
1421,-1.4999999999999982,-2.0679999999999983,0.32492999999999994,0.23251619935035706
1422,-0.8999999999999986,-2.0199999999999982,0.324455,0.6114782094955444
1423,-0.8999999999999986,-1.9119999999999981,0.32398,0.6074535846710205
1424,-3.899999999999998,-1.9719999999999984,0.32350500000000004,0.9763069152832031
1425,-0.8999999999999986,-1.9719999999999982,0.32303,0.3115486204624176
1426,-0.8999999999999986,-1.9119999999999988,0.32255500000000004,0.3964223563671112
1427,-0.8999999999999986,-1.863999999999998,0.32208,0.289421409368515
1428,-0.8999999999999986,-1.8639999999999985,0.32160500000000003,0.15571101009845734
1429,-5.099999999999998,-1.9479999999999984,0.32112999999999997,1.1432536840438843
1430,-0.8999999999999986,-1.9719999999999982,0.320655,0.3313373327255249
1431,-0.8999999999999986,-1.9719999999999982,0.32017999999999996,0.23523125052452087
1432,-1.4999999999999982,-1.983999999999998,0.319705,0.8464243412017822
1433,-0.8999999999999986,-1.983999999999998,0.31922999999999996,0.13921856880187988
1434,-0.8999999999999986,-1.8999999999999984,0.318755,0.21316705644130707
1435,-3.299999999999998,-1.9479999999999982,0.31827999999999995,0.15300697088241577
1436,0.3000000000000007,-1.8399999999999983,0.317805,0.2004765272140503
1437,-0.8999999999999986,-1.7799999999999983,0.31732999999999995,0.5621542930603027
1438,-0.8999999999999986,-1.7799999999999983,0.316855,0.3238662779331207
1439,-0.8999999999999986,-1.7799999999999983,0.31637999999999994,0.09847953170537949
1440,-1.4999999999999982,-1.8039999999999987,0.315905,0.3529498279094696
1441,-3.299999999999998,-1.8519999999999985,0.31542999999999993,0.27715176343917847
1442,-2.099999999999998,-1.8639999999999983,0.314955,0.43972864747047424
1443,-0.8999999999999986,-1.863999999999998,0.31448,0.24347978830337524
1444,-3.299999999999998,-1.9119999999999984,0.31400500000000003,0.25829291343688965
1445,-2.699999999999998,-1.9239999999999984,0.31353,0.1062735915184021
1446,-1.4999999999999982,-1.9359999999999982,0.313055,0.28116458654403687
1447,3.099999999999998,-1.8439999999999985,0.31254200000000004,0.29089662432670593
1448,-0.8999999999999986,-1.8439999999999985,0.312067,0.373710036277771
1449,-1.0999999999999988,-1.8479999999999983,0.311554,0.6046591997146606
1450,-0.8999999999999986,-1.8479999999999983,0.31107899999999994,0.09339410066604614
1451,-0.8999999999999986,-1.7639999999999987,0.310604,0.0802636370062828
1452,-1.4999999999999982,-1.7759999999999985,0.31012899999999993,0.14004546403884888
1453,-2.099999999999998,-1.7399999999999982,0.309654,0.07097826898097992
1454,-0.8999999999999986,-1.7399999999999982,0.3091789999999999,0.4338569641113281
1455,-0.8999999999999986,-1.6919999999999988,0.308704,0.6746209859848022
1456,-0.8999999999999986,-1.6919999999999988,0.3082289999999999,0.33317098021507263
1457,-2.099999999999998,-1.7159999999999984,0.30775399999999997,0.24115774035453796
1458,-0.8999999999999986,-1.7039999999999986,0.3072789999999999,0.38066959381103516
1459,-2.099999999999998,-1.7279999999999984,0.30680399999999997,0.15569612383842468
1460,-0.8999999999999986,-1.7159999999999984,0.3063289999999999,0.14568719267845154
1461,-0.8999999999999986,-1.6679999999999984,0.30585399999999996,0.35721322894096375
1462,-0.8999999999999986,-1.6199999999999988,0.3053789999999999,0.17733469605445862
1463,-4.499999999999998,-1.5839999999999987,0.30490399999999995,0.20532429218292236
1464,-0.8999999999999986,-1.5839999999999987,0.30442899999999995,0.08027730882167816
1465,-0.8999999999999986,-1.4999999999999982,0.303954,0.2896581292152405
1466,-0.8999999999999986,-1.5559999999999985,0.30347899999999994,0.23196664452552795
1467,1.6999999999999975,-1.4679999999999986,0.30292800000000003,0.10055853426456451
1468,-0.8999999999999986,-1.4319999999999988,0.30245299999999997,0.43002569675445557
1469,-0.8999999999999986,-1.3599999999999988,0.301978,0.2305167019367218
1470,-0.8999999999999986,-1.299999999999999,0.30150299999999997,0.07850547134876251
1471,-0.8999999999999986,-1.2879999999999985,0.301028,0.5986942052841187
1472,-0.8999999999999986,-1.2879999999999985,0.30055299999999996,0.21042713522911072
1473,-3.299999999999998,-1.3359999999999987,0.300078,0.5188952684402466
1474,-2.699999999999998,-1.3119999999999985,0.29960299999999995,0.3751646876335144
1475,-0.8999999999999986,-1.3119999999999987,0.299128,0.18155895173549652
1476,-2.099999999999998,-1.3359999999999985,0.29865299999999995,0.3369564116001129
1477,-2.099999999999998,-1.3599999999999983,0.298178,0.19507339596748352
1478,-0.8999999999999986,-1.3599999999999988,0.29770299999999994,0.4343692660331726
1479,-0.8999999999999986,-1.2759999999999985,0.297228,0.20512473583221436
1480,-0.8999999999999986,-1.2759999999999985,0.296753,0.22081200778484344
1481,-0.8999999999999986,-1.2759999999999985,0.29627800000000004,0.4186871647834778
1482,-3.899999999999998,-1.3239999999999987,0.295803,0.2852848172187805
1483,-0.8999999999999986,-1.3239999999999987,0.29532800000000003,0.37491387128829956
1484,-0.8999999999999986,-1.3239999999999987,0.294853,0.19172072410583496
1485,-0.8999999999999986,-1.2759999999999985,0.29437800000000003,0.2095620185136795
1486,-6.299999999999999,-1.4079999999999986,0.29390299999999997,0.3235522210597992
1487,-0.8999999999999986,-1.4079999999999984,0.293428,0.19563642144203186
1488,-0.8999999999999986,-1.407999999999999,0.29295299999999996,0.26520615816116333
1489,-0.8999999999999986,-1.407999999999999,0.292478,0.09124775975942612
1490,-0.8999999999999986,-1.3959999999999986,0.29200299999999996,0.3283008337020874
1491,-0.8999999999999986,-1.347999999999999,0.291528,0.19787248969078064
1492,-0.8999999999999986,-1.3239999999999987,0.29105299999999995,0.06603039801120758
1493,-4.499999999999998,-1.3959999999999986,0.290578,0.5588887929916382
1494,-0.8999999999999986,-1.3479999999999983,0.29010299999999994,0.8753241300582886
1495,-3.899999999999998,-1.3719999999999986,0.289628,0.45060020685195923
1496,-2.699999999999998,-1.3959999999999986,0.28915299999999994,0.34964999556541443
1497,-0.8999999999999986,-1.4759999999999984,0.288678,0.364041268825531
1498,-5.099999999999998,-1.5599999999999983,0.28820299999999993,0.24614350497722626
1499,-1.4999999999999982,-1.5679999999999985,0.287728,0.5029901266098022
1500,-0.8999999999999986,-1.5679999999999985,0.287253,0.38593047857284546
1501,-0.8999999999999986,-1.567999999999999,0.28677800000000003,0.3834845721721649
1502,-0.8999999999999986,-1.5559999999999985,0.286303,0.562083899974823
1503,-0.8999999999999986,-1.5319999999999987,0.285828,0.2268092930316925
1504,-0.8999999999999986,-1.5319999999999987,0.28535299999999997,0.5381406545639038
1505,-0.8999999999999986,-1.5319999999999987,0.284878,0.1993408054113388
1506,-0.8999999999999986,-1.5319999999999987,0.28440299999999996,0.3109906017780304
1507,-0.8999999999999986,-1.507999999999999,0.283928,0.49714189767837524
1508,-3.299999999999998,-1.5559999999999987,0.28345299999999995,0.2276322841644287
1509,-0.8999999999999986,-1.5319999999999987,0.282978,0.43366461992263794
1510,-6.299999999999999,-1.6399999999999986,0.28250299999999995,0.14998532831668854
1511,-3.899999999999998,-1.6999999999999984,0.282028,0.07067110389471054
1512,-0.8999999999999986,-1.6999999999999984,0.28155299999999994,0.250654399394989
1513,-0.8999999999999986,-1.627999999999999,0.281078,0.1376049816608429
1514,-0.8999999999999986,-1.627999999999999,0.28060299999999994,0.15913623571395874
1515,-0.8999999999999986,-1.627999999999999,0.280128,0.10463955998420715
1516,0.3000000000000007,-1.603999999999999,0.27965299999999993,0.16011369228363037
1517,-0.8999999999999986,-1.6559999999999986,0.279178,0.5714010000228882
1518,-0.8999999999999986,-1.6559999999999986,0.2787029999999999,0.04169384390115738
1519,-0.8999999999999986,-1.6559999999999986,0.278228,0.32633769512176514
1520,-0.8999999999999986,-1.6559999999999986,0.27775299999999997,0.2152092456817627
1521,-0.8999999999999986,-1.6559999999999986,0.277278,0.5818114876747131
1522,-2.699999999999998,-1.6919999999999984,0.27680299999999997,1.240461826324463
1523,-0.8999999999999986,-1.6439999999999986,0.276328,2.2604410648345947
1524,-0.8999999999999986,-1.607999999999999,0.27585299999999996,0.33870139718055725
1525,2.3999999999999986,-1.5419999999999987,0.2753495,0.26913928985595703
1526,-0.8999999999999986,-1.5179999999999985,0.27487449999999997,0.15621304512023926
1527,-0.8999999999999986,-1.4939999999999987,0.2743995,0.2538629472255707
1528,-0.8999999999999986,-1.4939999999999987,0.27392449999999996,0.3457595109939575
1529,-0.8999999999999986,-1.4939999999999987,0.2734495,0.19357864558696747
1530,-0.8999999999999986,-1.4939999999999987,0.27297449999999995,0.2785366177558899
1531,-0.8999999999999986,-1.4939999999999987,0.2724995,0.11438620835542679
1532,-0.8999999999999986,-1.4339999999999986,0.27202449999999995,0.6684231758117676
1533,-0.8999999999999986,-1.4339999999999986,0.2715495,0.3543591797351837
1534,-1.4999999999999982,-1.4459999999999986,0.27107449999999994,0.23928385972976685
1535,-0.8999999999999986,-1.4459999999999986,0.2705995,0.5134224891662598
1536,-0.8999999999999986,-1.337999999999999,0.2701245,0.30102917551994324
1537,-0.8999999999999986,-1.337999999999999,0.26964950000000004,0.27966824173927307
1538,-0.8999999999999986,-1.337999999999999,0.2691745,0.2553746700286865
1539,-0.8999999999999986,-1.337999999999999,0.26869950000000004,0.18329158425331116
1540,0.4000000000000017,-1.3119999999999987,0.268215,1.1080769300460815
1541,-0.8999999999999986,-1.3119999999999987,0.26774,0.13312576711177826
1542,-0.8999999999999986,-1.3119999999999987,0.26726500000000003,0.7438221573829651
1543,-0.8999999999999986,-1.2399999999999987,0.26678999999999997,0.21340301632881165
1544,-0.8999999999999986,-1.2399999999999987,0.266315,0.2392800897359848
1545,-0.8999999999999986,-1.1799999999999986,0.26583999999999997,0.18913793563842773
1546,-0.8999999999999986,-1.1439999999999986,0.265365,0.16053740680217743
1547,-0.29999999999999893,-1.1319999999999986,0.26488999999999996,0.48580947518348694
1548,-0.8999999999999986,-1.0479999999999985,0.264415,0.6818760633468628
1549,-0.8999999999999986,-1.0359999999999985,0.26393999999999995,1.441856026649475
1550,-0.8999999999999986,-1.0359999999999987,0.263465,0.3386459946632385
1551,0.3000000000000007,-1.0119999999999987,0.26298999999999995,0.19164080917835236
1552,-0.8999999999999986,-1.0119999999999987,0.262515,0.6314986944198608
1553,-2.699999999999998,-1.0479999999999987,0.26203999999999994,0.48895567655563354
1554,0.6000000000000019,-1.0179999999999987,0.2615365,0.2942183017730713
1555,-0.8999999999999986,-1.0179999999999987,0.26106149999999995,1.8528461456298828
1556,-0.8999999999999986,-1.0179999999999987,0.2605865,0.17576728761196136
1557,-0.8999999999999986,-1.0179999999999987,0.2601115,0.08276709914207458
1558,-0.8999999999999986,-0.9699999999999985,0.25963650000000005,1.8314155340194702
1559,-0.8999999999999986,-0.9699999999999985,0.2591615,0.5512152910232544
1560,-0.8999999999999986,-0.8619999999999987,0.25868650000000004,0.2334984689950943
1561,-0.8999999999999986,-0.8019999999999986,0.2582115,1.2201895713806152
1562,-3.299999999999998,-0.8499999999999985,0.25773650000000004,0.26844164729118347
1563,-1.4999999999999982,-0.8619999999999987,0.2572615,0.18267865478992462
1564,-0.8999999999999986,-0.8619999999999987,0.25678650000000003,0.27904781699180603
1565,-0.8999999999999986,-0.8619999999999987,0.25631149999999997,0.4937235713005066
1566,-2.699999999999998,-0.9219999999999985,0.2558365,0.6263140439987183
1567,-0.8999999999999986,-0.9219999999999985,0.25536149999999996,0.5835562944412231
1568,-0.8999999999999986,-0.9219999999999985,0.2548865,0.2388843148946762
1569,-0.8999999999999986,-0.9219999999999986,0.25441149999999996,0.7707429528236389
1570,-0.8999999999999986,-0.9219999999999985,0.2539365,0.5061353445053101
1571,2.0999999999999996,-0.8619999999999987,0.25346149999999995,0.10147804021835327
1572,-0.8999999999999986,-0.8259999999999985,0.2529865,0.13482514023780823
1573,-2.099999999999998,-0.8499999999999985,0.25251149999999994,0.37221240997314453
1574,-0.8999999999999986,-0.8499999999999984,0.2520365,2.163414716720581
1575,-0.8999999999999986,-0.9159999999999985,0.25156149999999994,0.5258054733276367
1576,0.3000000000000007,-0.8919999999999985,0.2510865,0.12176799029111862
1577,-0.8999999999999986,-0.8919999999999986,0.2506115,0.4718377888202667
1578,-1.4999999999999982,-0.9039999999999985,0.25013650000000004,0.13022127747535706
1579,-0.8999999999999986,-0.9039999999999985,0.24966149999999998,0.3512570559978485
1580,-0.8999999999999986,-0.9039999999999985,0.24918650000000003,0.629505455493927
1581,-0.8999999999999986,-0.9039999999999986,0.24871149999999997,0.355096697807312
1582,-0.8999999999999986,-0.9039999999999986,0.24823650000000003,0.506160318851471
1583,-0.8999999999999986,-0.9039999999999985,0.24776149999999997,0.585845410823822
1584,-0.8999999999999986,-0.8919999999999985,0.24728650000000002,0.35498183965682983
1585,-0.8999999999999986,-0.8919999999999986,0.24681149999999996,0.09136103093624115
1586,-2.099999999999998,-0.9159999999999985,0.2463365,0.8251588344573975
1587,-0.8999999999999986,-0.9159999999999984,0.24586149999999996,0.1595841348171234
1588,-0.8999999999999986,-0.9159999999999985,0.2453865,0.0980633944272995
1589,-1.7999999999999985,-0.9339999999999985,0.24488299999999996,0.9909029603004456
1590,-0.8999999999999986,-0.9599999999999986,0.24440800000000001,0.19667614996433258
1591,-0.39999999999999813,-0.9499999999999986,0.24388549999999998,0.6477957367897034
1592,-0.8999999999999986,-0.9499999999999986,0.24341050000000003,0.13403145968914032
1593,-0.8999999999999986,-0.9499999999999986,0.24293549999999997,0.09857051819562912
1594,-0.8999999999999986,-0.9499999999999986,0.24246050000000002,0.31927013397216797
1595,-0.8999999999999986,-0.9499999999999986,0.24198549999999996,0.3570018410682678
1596,-3.899999999999998,-1.0099999999999987,0.24151050000000002,0.2756856381893158
1597,-5.099999999999998,-1.1059999999999985,0.24103549999999996,1.3120687007904053
1598,-0.8999999999999986,-1.1059999999999983,0.2405605,0.3493976294994354
1599,-0.8999999999999986,-1.1059999999999985,0.2400855,0.5002291798591614
1600,-0.8999999999999986,-1.1059999999999985,0.23961050000000006,0.15773271024227142
1601,-0.8999999999999986,-1.1299999999999983,0.2391355,0.7949744462966919
1602,-0.8999999999999986,-1.1299999999999986,0.23866050000000005,0.3543195128440857
1603,-4.499999999999998,-1.1659999999999986,0.2381855,0.4965599775314331
1604,-0.8999999999999986,-1.1959999999999986,0.23771050000000005,0.13776114583015442
1605,-0.8999999999999986,-1.1959999999999986,0.2372355,0.1854276955127716
1606,-0.8999999999999986,-1.1959999999999986,0.23676050000000004,1.3435829877853394
1607,-0.8999999999999986,-1.1959999999999986,0.23628549999999998,0.904363214969635
1608,-0.8999999999999986,-1.1959999999999986,0.23581050000000003,0.899264931678772
1609,-0.8999999999999986,-1.1959999999999986,0.23533549999999998,0.07561624050140381
1610,-0.8999999999999986,-1.1959999999999986,0.23486050000000003,0.2151191234588623
1611,-0.8999999999999986,-1.1959999999999986,0.23438549999999997,0.0782504677772522
1612,-0.8999999999999986,-1.1479999999999986,0.23391050000000002,0.3733869194984436
1613,-0.8999999999999986,-1.1359999999999986,0.23343549999999996,0.617529034614563
1614,-1.4999999999999982,-1.1479999999999986,0.23296050000000001,1.6024316549301147
1615,-2.099999999999998,-1.1719999999999984,0.23248549999999996,0.21262042224407196
1616,0.6000000000000023,-1.1059999999999988,0.2318965,0.7008349299430847
1617,-0.8999999999999986,-1.1059999999999985,0.23142149999999995,0.22439733147621155
1618,-2.699999999999998,-1.1419999999999986,0.2309465,0.2076975405216217
1619,-0.8999999999999986,-1.1419999999999986,0.23047149999999994,0.29381629824638367
1620,-2.099999999999998,-1.1659999999999986,0.2299965,0.21554285287857056
1621,0.3000000000000007,-1.2019999999999984,0.2295215,0.19849586486816406
1622,-0.29999999999999893,-1.1899999999999984,0.22904650000000004,0.2242659330368042
1623,-0.8999999999999986,-1.1659999999999986,0.22857149999999998,0.1211373507976532
1624,-1.0999999999999983,-1.1699999999999986,0.2280585,0.24087703227996826
1625,-3.299999999999998,-1.2179999999999986,0.22758350000000005,0.42263299226760864
1626,-0.29999999999999893,-1.2299999999999982,0.2271085,0.2713688910007477
1627,-0.8999999999999986,-1.2299999999999984,0.22663350000000004,0.36753028631210327
1628,-0.8999999999999986,-1.2179999999999984,0.22615849999999998,0.1670362949371338
1629,-0.8999999999999986,-1.2179999999999986,0.22568350000000004,1.3686689138412476
1630,-0.8999999999999986,-1.2179999999999984,0.22520849999999998,0.8877013921737671
1631,-0.8999999999999986,-1.2179999999999986,0.22473350000000003,0.15259164571762085
1632,-0.8999999999999986,-1.2179999999999984,0.22425849999999997,0.24059702455997467
1633,-0.29999999999999893,-1.2059999999999986,0.22378350000000002,0.43472856283187866
1634,-0.8999999999999986,-1.2059999999999984,0.22330849999999997,0.1071101725101471
1635,-0.8999999999999986,-1.2059999999999986,0.22283350000000002,0.7494795322418213
1636,-0.8999999999999986,-1.1819999999999984,0.22235849999999996,0.47570186853408813
1637,-0.8999999999999986,-1.1819999999999984,0.2218835,0.1381256878376007
1638,1.5,-1.1339999999999986,0.22140849999999995,0.47013431787490845
1639,-0.8999999999999986,-1.1159999999999988,0.2209335,0.1290135532617569
1640,-0.8999999999999986,-1.1159999999999985,0.2204585,0.3962310552597046
1641,-0.8999999999999986,-1.1259999999999986,0.21998350000000005,0.5251538753509521
1642,-0.8999999999999986,-1.1259999999999986,0.2195085,0.6046963930130005
1643,-0.8999999999999986,-1.1259999999999986,0.21903350000000005,0.173139750957489
1644,-2.699999999999998,-1.1619999999999984,0.2185585,0.9118124842643738
1645,-0.8999999999999986,-1.1619999999999984,0.21808350000000004,0.2224835455417633
1646,-0.8999999999999986,-1.1019999999999985,0.21760849999999998,0.09231206029653549
1647,-0.8999999999999986,-1.0179999999999985,0.21713350000000003,0.09240776300430298
1648,-0.8999999999999986,-1.0179999999999985,0.21665849999999998,0.08051379024982452
1649,-0.8999999999999986,-1.0179999999999985,0.21618350000000003,0.21021166443824768
1650,-0.8999999999999986,-1.0179999999999985,0.21570849999999997,0.6927143931388855
1651,-0.8999999999999986,-1.0179999999999985,0.21523350000000002,0.37496745586395264
1652,-0.8999999999999986,-1.0179999999999985,0.21475849999999996,0.5190315842628479
1653,-0.8999999999999986,-0.9459999999999985,0.21428350000000002,0.10087507963180542
1654,-0.8999999999999986,-0.9459999999999985,0.21380849999999996,0.16147568821907043
1655,-0.8999999999999986,-0.9459999999999985,0.2133335,0.8759876489639282
1656,-3.899999999999998,-1.0059999999999985,0.21285849999999995,0.2677059769630432
1657,-0.8999999999999986,-1.0059999999999985,0.2123835,0.07838127017021179
1658,-2.0999999999999988,-1.0299999999999985,0.21185150000000003,0.1995602548122406
1659,-0.8999999999999986,-1.0299999999999985,0.21137649999999997,0.22192460298538208
1660,-0.8999999999999986,-1.0299999999999985,0.21090150000000002,0.3982229232788086
1661,-0.8999999999999986,-1.0299999999999985,0.21042649999999996,0.2679020166397095
1662,-0.8999999999999986,-1.0299999999999985,0.2099515,0.17808662354946136
1663,-0.8999999999999986,-1.0299999999999985,0.20947649999999995,0.4239905774593353
1664,-2.099999999999998,-1.0419999999999985,0.2090015,0.386305034160614
1665,-0.8999999999999986,-1.0179999999999985,0.20852649999999995,0.17860755324363708
1666,-0.8999999999999986,-1.0479999999999985,0.2080515,0.16550344228744507
1667,-0.8999999999999986,-1.0479999999999985,0.20757649999999994,0.26201486587524414
1668,-0.3999999999999977,-1.0019999999999984,0.206997,0.09695073962211609
1669,-0.8999999999999986,-1.0019999999999987,0.20652200000000004,0.9982352256774902
1670,-2.099999999999998,-1.0019999999999984,0.20604699999999998,0.3524665832519531
1671,-0.8999999999999986,-1.0259999999999987,0.20557200000000003,0.13480126857757568
1672,-0.8999999999999986,-1.0379999999999985,0.20509699999999997,0.2316616177558899
1673,-0.8999999999999986,-1.0379999999999985,0.20462200000000003,0.20289300382137299
1674,-0.8999999999999986,-1.0339999999999985,0.20414699999999997,0.7353441715240479
1675,-0.8999999999999986,-0.9859999999999985,0.20367200000000002,0.7001196146011353
1676,-0.8999999999999986,-0.9979999999999986,0.20319699999999996,0.825575590133667
1677,-0.8999999999999986,-0.9979999999999984,0.202722,0.11728525161743164
1678,-0.8999999999999986,-0.9979999999999986,0.20224699999999995,0.4812643527984619
1679,-0.8999999999999986,-0.9979999999999984,0.201772,0.12260487675666809
1680,-0.8999999999999986,-0.9979999999999986,0.20129699999999995,0.4468180537223816
1681,-0.8999999999999986,-0.9979999999999984,0.200822,0.5969451069831848
1682,-2.099999999999998,-1.0219999999999985,0.20034699999999994,0.08261317014694214
1683,-0.8999999999999986,-1.0339999999999985,0.199872,0.12024792283773422
1684,-0.8999999999999986,-1.0339999999999985,0.19939699999999994,0.3514244258403778
1685,-0.8999999999999986,-1.0339999999999985,0.198922,0.27900856733322144
1686,-0.8999999999999986,-1.0339999999999985,0.19844699999999993,0.23006653785705566
1687,-0.8999999999999986,-1.0339999999999985,0.19797199999999998,0.8686140775680542
1688,-0.8999999999999986,-1.0819999999999985,0.19749699999999998,0.05188138410449028
1689,-0.8999999999999986,-1.0819999999999985,0.19702200000000003,0.27159202098846436
1690,-0.8999999999999986,-1.0819999999999985,0.19654699999999997,0.061889275908470154
1691,-0.8999999999999986,-1.0819999999999985,0.19607200000000002,0.0760505422949791
1692,-0.8999999999999986,-1.0819999999999985,0.19559699999999997,0.31815800070762634
1693,-0.8999999999999986,-1.0819999999999985,0.19512200000000002,0.11470186710357666
1694,-0.4000000000000008,-1.0359999999999985,0.19451400000000002,0.21750052273273468
1695,0.3000000000000007,-1.0119999999999985,0.19403899999999996,0.12183237075805664
1696,-0.8999999999999986,-1.0119999999999987,0.193564,0.050966162234544754
1697,-0.8999999999999986,-1.0119999999999985,0.19308899999999996,0.3255184292793274
1698,-0.8999999999999986,-1.0119999999999987,0.192614,0.08124852180480957
1699,-0.8999999999999986,-1.0119999999999987,0.19213899999999995,1.091139554977417
1700,-0.8999999999999986,-1.0119999999999987,0.191664,0.3338513970375061
1701,-0.8999999999999986,-1.0119999999999985,0.191189,0.08684922009706497
1702,-4.499999999999998,-1.0839999999999987,0.19071400000000005,0.04839964956045151
1703,-0.8999999999999986,-1.0839999999999987,0.190239,0.31866201758384705
1704,-0.8999999999999986,-1.0839999999999987,0.18976400000000004,0.09028469771146774
1705,-0.8999999999999986,-1.0839999999999987,0.18928899999999999,0.07786127924919128
1706,4.699999999999997,-0.9119999999999987,0.1886525,0.07779906690120697
1707,-0.8999999999999986,-0.9119999999999987,0.18817749999999994,0.08845450729131699
1708,1.5,-0.8399999999999987,0.1877025,0.18079346418380737
1709,2.6999999999999993,-0.7679999999999987,0.1872275,0.042702317237854004
1710,2.8999999999999986,-0.6919999999999988,0.1867335,0.09368562698364258
1711,0.9000000000000012,-0.6559999999999988,0.18620150000000002,0.09465289115905762
1712,-0.8999999999999986,-0.6559999999999988,0.18572650000000007,0.10742644965648651
1713,-0.19999999999999885,-0.6419999999999988,0.185185,0.03592506796121597
1714,-0.8999999999999986,-0.6179999999999988,0.18471000000000004,0.19814027845859528
1715,0.9000000000000004,-0.5819999999999989,0.18423499999999998,0.43253397941589355
1716,2.299999999999999,-0.517999999999999,0.18368399999999996,0.16895481944084167
1717,-0.8999999999999986,-0.5179999999999988,0.183209,0.07710850983858109
1718,-0.8999999999999986,-0.5279999999999989,0.18273399999999995,0.06716467440128326
1719,-0.8999999999999986,-0.5279999999999989,0.182259,0.05306639522314072
1720,-0.29999999999999893,-0.4919999999999989,0.18178399999999995,0.15660938620567322
1721,-0.8999999999999986,-0.4919999999999989,0.181309,0.6662285327911377
1722,-0.8999999999999986,-0.49199999999999894,0.18083399999999994,0.10591500997543335
1723,1.0000000000000027,-0.4539999999999989,0.18020699999999995,0.1846335381269455
1724,-0.8999999999999986,-0.45399999999999885,0.179732,0.1585836410522461
1725,-0.8999999999999986,-0.4539999999999989,0.17925699999999994,0.4431316554546356
1726,-0.8999999999999986,-0.4539999999999989,0.178782,0.1222023218870163
1727,-0.8999999999999986,-0.4539999999999989,0.17830699999999994,0.21563154458999634
1728,-0.8999999999999986,-0.4539999999999989,0.177832,0.14107614755630493
1729,-0.8999999999999986,-0.4539999999999989,0.17735699999999993,0.12144885212182999
1730,1.1999999999999922,-0.4119999999999991,0.17653999999999997,0.05521528795361519
1731,-0.8999999999999986,-0.4119999999999991,0.17606500000000003,0.07221996784210205
1732,-0.8999999999999986,-0.3879999999999991,0.17558999999999997,0.1269172579050064
1733,-0.8999999999999986,-0.3879999999999991,0.17511500000000002,0.09210264682769775
1734,-0.8999999999999986,-0.3879999999999991,0.17463999999999996,0.09976530075073242
1735,-0.8999999999999986,-0.3879999999999991,0.17416500000000001,0.12179116904735565
1736,-0.8999999999999986,-0.3879999999999991,0.17368999999999998,0.29063135385513306
1737,-0.8999999999999986,-0.3879999999999991,0.17321500000000004,0.29235056042671204
1738,-0.8999999999999986,-0.3879999999999991,0.17273999999999998,0.09773284941911697
1739,-0.8999999999999986,-0.3879999999999991,0.17226500000000003,0.12938712537288666
1740,-0.8999999999999986,-0.3879999999999991,0.17179,0.44557082653045654
1741,-0.8999999999999986,-0.3879999999999991,0.17131500000000005,0.12046848237514496
1742,0.9000000000000017,-0.3519999999999991,0.17084,0.12226766347885132
1743,-0.8999999999999986,-0.3519999999999991,0.17036500000000004,0.16279645264148712
1744,-1.4999999999999982,-0.37399999999999906,0.16988999999999999,0.05003390461206436
1745,-0.8999999999999986,-0.39799999999999913,0.16941500000000004,0.24477465450763702
1746,-0.8999999999999986,-0.39799999999999897,0.16893999999999998,0.9379245638847351
1747,-0.8999999999999986,-0.397999999999999,0.16846500000000003,0.11223243176937103
1748,0.3000000000000007,-0.37399999999999906,0.16798999999999997,0.037808336317539215
1749,-0.8999999999999986,-0.37399999999999906,0.16751500000000002,0.08986550569534302
1750,-0.8999999999999986,-0.37399999999999906,0.16703999999999997,0.23746627569198608
1751,-0.8999999999999986,-0.37399999999999906,0.16656500000000002,0.18160447478294373
1752,-0.8999999999999986,-0.30199999999999905,0.16608999999999996,0.12435372173786163
1753,-0.8999999999999986,-0.30199999999999905,0.165615,0.7406994104385376
1754,-0.8999999999999986,-0.30199999999999905,0.16513999999999995,0.2130734920501709
1755,-0.8999999999999986,-0.30199999999999905,0.164665,0.15626129508018494
1756,1.5,-0.36599999999999894,0.16418999999999997,0.07125590741634369
1757,-0.8999999999999986,-0.365999999999999,0.16371500000000003,0.0849030464887619
1758,-0.8999999999999986,-0.4139999999999989,0.16323999999999997,0.2651617228984833
1759,-0.5999999999999983,-0.4799999999999989,0.16273650000000006,0.16009749472141266
1760,-0.8999999999999986,-0.5559999999999988,0.1622615,0.145368754863739
1761,-0.8999999999999986,-0.5919999999999989,0.16178650000000006,0.16345788538455963
1762,-0.8999999999999986,-0.5919999999999989,0.1613115,0.1726677566766739
1763,-0.8999999999999986,-0.6059999999999988,0.16083650000000005,0.3166654109954834
1764,-0.8999999999999986,-0.6059999999999988,0.1603615,0.0856037437915802
1765,-0.8999999999999986,-0.6419999999999988,0.15988650000000004,0.2771839201450348
1766,-0.8999999999999986,-0.7059999999999989,0.15941149999999998,0.09383396059274673
1767,1.8000000000000007,-0.6519999999999988,0.15885100000000002,0.13809436559677124
1768,-0.8999999999999986,-0.6519999999999988,0.15837599999999996,0.25036895275115967
1769,-0.8999999999999986,-0.6519999999999988,0.157901,0.15739379823207855
1770,-0.8999999999999986,-0.6639999999999988,0.15742599999999995,0.25983238220214844
1771,2.3,-0.5999999999999988,0.156932,0.05974699556827545
1772,-0.8999999999999986,-0.5999999999999988,0.15645700000000004,0.15231680870056152
1773,-0.29999999999999893,-0.6259999999999988,0.155982,0.13048693537712097
1774,-0.8999999999999986,-0.6259999999999988,0.15550700000000006,0.10690166056156158
1775,-0.8999999999999986,-0.6259999999999988,0.155032,0.1033567488193512
1776,2.6999999999999993,-0.5539999999999988,0.15455700000000006,0.11888796836137772
1777,0.3000000000000007,-0.5299999999999989,0.154082,0.2276248186826706
1778,-0.5999999999999979,-0.5239999999999988,0.1535215,0.2216038554906845
1779,-0.8999999999999986,-0.5239999999999989,0.15304649999999997,0.12098261713981628
1780,-0.8999999999999986,-0.5659999999999986,0.15257150000000003,0.2979719936847687
1781,3.6999999999999957,-0.47399999999999887,0.15197299999999997,0.500115692615509
1782,-0.8999999999999986,-0.47399999999999876,0.15149800000000002,0.14300869405269623
1783,0.3000000000000007,-0.44999999999999885,0.151023,0.10308343172073364
1784,-0.8999999999999986,-0.4499999999999988,0.15054800000000004,0.3330128788948059
1785,-0.8999999999999986,-0.44999999999999885,0.15007299999999998,0.12043152749538422
1786,-0.8999999999999986,-0.4499999999999988,0.14959800000000004,0.18681848049163818
1787,1.8999999999999986,-0.3939999999999989,0.14908499999999997,0.09609715640544891
1788,-0.8999999999999986,-0.3939999999999989,0.14861000000000002,0.13706853985786438
1789,-0.8999999999999986,-0.3939999999999989,0.14813499999999996,0.242745503783226
1790,-0.8999999999999986,-0.39399999999999885,0.14766,0.15959016978740692
1791,1.5,-0.345999999999999,0.14718499999999995,0.21054059267044067
1792,2.799999999999999,-0.30799999999999894,0.14670050000000004,0.22818629443645477
1793,-1.0999999999999983,-0.31199999999999894,0.1461305,0.20937561988830566
1794,-0.8999999999999986,-0.29999999999999893,0.14565549999999994,0.29397276043891907
1795,-0.29999999999999893,-0.2879999999999989,0.1451805,0.14300233125686646
1796,-0.8999999999999986,-0.2879999999999989,0.14470549999999993,0.18065007030963898
1797,-0.8999999999999986,-0.287999999999999,0.14423049999999998,0.12451508641242981
1798,2.1999999999999993,-0.249999999999999,0.14374599999999998,0.12099160254001617
1799,-0.8999999999999986,-0.249999999999999,0.14327100000000004,0.06995442509651184
1800,-0.8999999999999986,-0.249999999999999,0.14279599999999998,0.23181703686714172
1801,-0.8999999999999986,-0.249999999999999,0.14232100000000003,0.12047597765922546
1802,-0.8999999999999986,-0.249999999999999,0.14184599999999997,0.13092392683029175
1803,2.799999999999999,-0.17599999999999905,0.14136149999999997,0.1275554597377777
1804,2.299999999999997,-0.11199999999999914,0.14081049999999995,0.1235668733716011
1805,-2.3999999999999986,-0.14199999999999913,0.14024999999999999,0.2742000222206116
1806,0.3000000000000007,-0.16599999999999912,0.13977500000000004,0.14499396085739136
1807,1.5,-0.11799999999999916,0.13929999999999998,0.07452566176652908
1808,-0.29999999999999893,-0.10599999999999915,0.13882500000000003,0.31381163001060486
1809,-0.8999999999999986,-0.11199999999999916,0.13834999999999997,0.19716119766235352
1810,-0.8999999999999986,-0.11199999999999916,0.13787500000000003,0.05714321509003639
1811,-0.8999999999999986,-0.11199999999999916,0.13739999999999997,0.07452599704265594
1812,-0.8999999999999986,-0.11199999999999916,0.13692500000000002,0.08818661421537399
1813,0.09999999999999964,-0.0919999999999992,0.13641200000000003,0.05019991844892502
1814,4.399999999999995,0.014000000000000679,0.13580399999999995,0.17855606973171234
1815,-0.8999999999999986,0.014000000000000679,0.135329,0.22672247886657715
1816,-0.8999999999999986,0.014000000000000679,0.13485399999999997,0.13396474719047546
1817,-0.8999999999999986,-0.03999999999999931,0.13437900000000003,0.31658488512039185
1818,2.7000000000000006,0.032000000000000674,0.13339099999999998,0.48620277643203735
1819,2.799999999999999,0.10600000000000062,0.13290649999999996,0.10142573714256287
1820,-0.8999999999999986,0.10600000000000064,0.1324315,0.09701851010322571
1821,-0.8999999999999986,0.04200000000000066,0.13195649999999998,0.3156203627586365
1822,-0.8999999999999986,0.04200000000000067,0.13148150000000003,0.16524335741996765
1823,-0.8999999999999986,0.030000000000000665,0.13100649999999997,0.16715504229068756
1824,-0.8999999999999986,0.030000000000000675,0.13053150000000002,0.09166543930768967
1825,4.799999999999997,0.1440000000000006,0.1298855,0.3622162342071533
1826,-0.8999999999999986,0.07200000000000063,0.12941050000000004,0.6918553709983826
1827,-0.8999999999999986,0.048000000000000646,0.12893549999999998,0.12377966195344925
1828,2.1999999999999975,0.10400000000000055,0.12839400000000004,0.41028785705566406
1829,-0.8999999999999986,0.10400000000000055,0.12791899999999998,0.290805459022522
1830,-0.8999999999999986,0.10400000000000055,0.12744400000000003,0.12046872824430466
1831,0.9000000000000004,0.04800000000000064,0.126969,0.3571207523345947
1832,-0.8999999999999986,0.04800000000000064,0.12649400000000005,0.2049083411693573
1833,-0.8999999999999986,0.024000000000000653,0.126019,0.038500625640153885
1834,-0.8999999999999986,0.02400000000000066,0.12554400000000004,0.0669868141412735
1835,-0.8999999999999986,0.024000000000000653,0.12506899999999999,0.12092230468988419
1836,0.8000000000000016,0.05800000000000065,0.12454650000000003,0.22248949110507965
1837,3.1999999999999975,0.08400000000000063,0.124024,0.0700477734208107
1838,-0.8999999999999986,0.08400000000000063,0.12354900000000005,0.11385249346494675
1839,0.9000000000000004,0.1200000000000006,0.12307399999999999,0.24857810139656067
1840,-0.8999999999999986,0.1200000000000006,0.12259900000000004,0.13881361484527588
1841,3.4999999999999964,0.16000000000000053,0.12204800000000002,0.17334173619747162
1842,4.899999999999995,0.20200000000000046,0.1214495,0.13090384006500244
1843,-0.8999999999999986,0.20600000000000043,0.12097450000000005,0.04312201589345932
1844,-0.8999999999999986,0.20600000000000043,0.1204995,0.22875478863716125
1845,3.399999999999997,0.2800000000000004,0.11995800000000004,0.1127302274107933
1846,-0.8999999999999986,0.28000000000000036,0.11948299999999998,0.12859629094600677
1847,-0.8999999999999986,0.2800000000000004,0.11900800000000003,0.0861642062664032
1848,-0.8999999999999986,0.2180000000000004,0.11853299999999999,0.12214568257331848
1849,0.9000000000000004,0.2540000000000004,0.11805800000000004,0.3337484300136566
1850,2.799999999999997,0.32800000000000024,0.11751649999999997,0.11994894593954086
1851,0.9000000000000004,0.3640000000000003,0.11704150000000002,0.07685025781393051
1852,-0.8999999999999986,0.3640000000000002,0.11656649999999996,0.09332449734210968
1853,2.599999999999998,0.36000000000000026,0.11604400000000002,0.14969995617866516
1854,1.9000000000000012,0.35200000000000037,0.11553100000000004,0.08836233615875244
1855,0.8000000000000012,0.41600000000000037,0.1152365,0.1953624039888382
1856,-0.8999999999999986,0.3920000000000004,0.11476149999999996,0.37259313464164734
1857,-0.29999999999999893,0.35600000000000037,0.11428650000000001,0.16717389225959778
1858,0.6000000000000019,0.37400000000000033,0.11378299999999998,0.15309357643127441
1859,-0.8999999999999986,0.3740000000000004,0.11330800000000003,0.18947382271289825
1860,0.8000000000000012,0.4080000000000004,0.11272850000000004,0.29694366455078125
1861,-0.8999999999999986,0.4080000000000003,0.11225349999999998,0.09676335752010345
1862,2.8999999999999986,0.4840000000000003,0.11175950000000001,0.22739695012569427
1863,-0.8999999999999986,0.4640000000000004,0.11128449999999995,0.09203743934631348
1864,-0.8999999999999986,0.35800000000000054,0.1108095,0.15113137662410736
1865,-0.2999999999999985,0.37000000000000055,0.11033449999999996,0.12427769601345062
1866,-0.8999999999999986,0.37000000000000055,0.10985950000000001,0.14730994403362274
1867,3.399999999999997,0.45600000000000035,0.10931800000000005,0.04564308002591133
1868,-0.8999999999999986,0.38400000000000034,0.108843,0.2061191350221634
1869,1.5,0.3580000000000004,0.10836800000000005,0.2827726900577545
1870,-0.8999999999999986,0.3580000000000004,0.10789299999999999,0.16435697674751282
1871,-0.8999999999999986,0.3580000000000004,0.10741800000000004,0.06948177516460419
1872,-0.8999999999999986,0.3580000000000004,0.106943,0.1242235079407692
1873,-0.29999999999999893,0.37000000000000044,0.10646800000000005,0.19785571098327637
1874,-0.8999999999999986,0.37000000000000044,0.10599299999999999,0.12565812468528748
1875,2.599999999999998,0.32600000000000046,0.10547050000000005,0.05135459452867508
1876,0.9000000000000021,0.36200000000000043,0.10493850000000005,0.18790683150291443
1877,-0.8999999999999986,0.36200000000000043,0.10446349999999999,0.11754772067070007
1878,-0.8999999999999986,0.30000000000000054,0.10398850000000004,0.2062632292509079
1879,-0.8999999999999986,0.3000000000000005,0.1035135,0.1497892290353775
1880,2.799999999999999,0.3740000000000005,0.10302899999999998,0.07675006985664368
1881,1.5999999999999979,0.38800000000000046,0.10248750000000002,0.329254686832428
1882,-0.29999999999999893,0.4000000000000004,0.10201249999999996,0.19711123406887054
1883,1.7999999999999954,0.45400000000000035,0.1011955,0.1228928491473198
1884,2.1999999999999975,0.5160000000000002,0.10065400000000004,0.34814703464508057
1885,2.599999999999998,0.5860000000000002,0.10013149999999998,0.10153058916330338
1886,-0.8999999999999986,0.552,0.09965650000000004,0.22788262367248535
1887,2.299999999999999,0.5340000000000003,0.09916249999999996,0.03948993235826492
1888,1.4000000000000021,0.5800000000000001,0.09858299999999996,0.03878166154026985
1889,2.6999999999999993,0.6160000000000001,0.09810800000000001,0.10190926492214203
1890,-1.8999999999999986,0.5960000000000001,0.09755699999999999,0.16033385694026947
1891,1.8000000000000016,0.5620000000000003,0.09705349999999996,0.2788509726524353
1892,-0.8999999999999986,0.4460000000000004,0.09657850000000001,0.2749219536781311
1893,-5.099999999999998,0.3620000000000004,0.09610349999999997,0.29455798864364624
1894,-0.8999999999999986,0.3620000000000004,0.09562850000000002,0.0879158228635788
1895,1.8000000000000007,0.3300000000000005,0.09512499999999999,0.18741151690483093
1896,-0.8999999999999986,0.3300000000000005,0.09465000000000004,0.23327723145484924
1897,-0.8999999999999986,0.3300000000000005,0.09417499999999998,0.08986379206180573
1898,-0.8999999999999986,0.3300000000000005,0.09370000000000003,0.06797726452350616
1899,-0.29999999999999893,0.3060000000000005,0.09322499999999999,0.10712229460477829
1900,-0.8999999999999986,0.23200000000000057,0.09275000000000004,0.13202477991580963
1901,1.400000000000003,0.2420000000000006,0.092085,0.05214004963636398
1902,-1.8999999999999986,0.22200000000000059,0.09159100000000003,0.1432688683271408
1903,-0.8999999999999986,0.1520000000000007,0.09111599999999999,0.17186586558818817
1904,0.3000000000000007,0.12000000000000068,0.09064100000000004,0.12023776769638062
1905,-0.8999999999999986,0.08600000000000069,0.090166,0.2841983437538147
1906,-0.8999999999999986,0.08600000000000067,0.08969100000000005,0.29899415373802185
1907,0.5999999999999956,0.10400000000000059,0.08887399999999995,0.14276425540447235
1908,0.20000000000000195,0.0960000000000006,0.08835150000000003,0.2584621012210846
1909,-0.8999999999999986,0.0960000000000006,0.08787649999999997,0.4988117218017578
1910,-0.8999999999999986,0.06200000000000058,0.08740150000000002,0.06476365774869919
1911,2.6999999999999993,0.13400000000000056,0.08692649999999996,0.11652740091085434
1912,-0.8999999999999986,0.0580000000000006,0.08645150000000001,0.0637817531824112
1913,2.5999999999999996,0.12800000000000059,0.08592899999999998,0.0804307609796524
1914,-0.8999999999999986,0.12800000000000056,0.08545400000000003,0.09701365977525711
1915,3.099999999999998,0.1960000000000005,0.08494100000000004,0.20479047298431396
1916,0.8000000000000012,0.2300000000000005,0.08464650000000001,0.1773047149181366
1917,3.200000000000002,0.2260000000000006,0.08403850000000003,0.10489463806152344
1918,-0.7999999999999985,0.22800000000000065,0.08355400000000002,0.14797702431678772
1919,-2.5999999999999988,0.14600000000000063,0.08301249999999996,0.07602842897176743
1920,1.5,0.19400000000000062,0.08253750000000001,0.05848134309053421
1921,-0.8999999999999986,0.1940000000000006,0.08206249999999995,0.08322449028491974
1922,-0.8999999999999986,0.19400000000000062,0.08158750000000001,0.2245243787765503
1923,0.3000000000000007,0.20600000000000057,0.08111249999999995,0.3942478895187378
1924,-0.8999999999999986,0.20600000000000057,0.0806375,0.0639694482088089
1925,-0.8999999999999986,0.13600000000000065,0.08016249999999994,0.15780988335609436
1926,0.9000000000000004,0.13600000000000065,0.0796875,0.27273696660995483
1927,-1.899999999999999,0.11600000000000062,0.07913649999999997,0.07132373750209808
1928,-0.8999999999999986,0.11600000000000066,0.07866150000000002,0.0875309407711029
1929,0.9000000000000004,0.1520000000000006,0.07818649999999998,0.07382820546627045
1930,1.8000000000000012,0.13200000000000064,0.07768300000000006,0.08333645761013031
1931,-1.2999999999999985,0.0740000000000007,0.07718899999999998,0.3411825895309448
1932,-1.3999999999999981,0.05200000000000075,0.07664750000000002,0.14430835843086243
1933,0.9000000000000004,0.034000000000000814,0.07617249999999996,0.09084361046552658
1934,2.8999999999999986,0.04800000000000084,0.0756785,0.06730777025222778
1935,2.899999999999997,0.05400000000000082,0.07512749999999997,0.06050914525985718
1936,0.40000000000000124,0.08000000000000082,0.07458600000000001,0.08742819726467133
1937,-2.099999999999998,-0.007999999999999128,0.07411099999999995,0.0548374205827713
1938,-0.8999999999999986,-0.05399999999999913,0.07363600000000001,0.0825919359922409
1939,1.200000000000001,-0.0839999999999991,0.07304699999999995,0.03547846898436546
1940,1.1000000000000023,-0.02399999999999908,0.07249600000000003,0.06686606258153915
1941,-0.8999999999999986,-0.07799999999999907,0.07202099999999997,0.13624286651611328
1942,-0.8999999999999986,-0.07799999999999907,0.07154600000000003,0.07543040066957474
1943,-0.8999999999999986,0.00600000000000092,0.07107099999999998,0.10140001773834229
1944,3.099999999999998,0.08600000000000087,0.070558,0.07679643481969833
1945,2.200000000000001,0.09400000000000087,0.07007349999999998,0.02149130403995514
1946,-0.8999999999999986,0.09400000000000087,0.06959850000000004,0.045706234872341156
1947,2.3999999999999986,0.1600000000000008,0.069095,0.08932184427976608
1948,-0.8999999999999986,0.1600000000000008,0.06861999999999996,0.08453264832496643
1949,-0.8999999999999986,0.14800000000000083,0.06814500000000001,0.07578723877668381
1950,2.4000000000000004,0.2140000000000008,0.06764149999999998,0.17716141045093536
1951,-0.8999999999999986,0.16800000000000076,0.06716650000000003,0.1404736191034317
1952,0.700000000000002,0.22000000000000078,0.06665350000000005,0.5840513110160828
1953,-0.8999999999999986,0.22000000000000078,0.06617849999999999,0.05272209644317627
1954,3.3000000000000016,0.2800000000000008,0.06556099999999995,0.3642950654029846
1955,0.9000000000000004,0.3160000000000008,0.065086,0.22545883059501648
1956,5.899999999999993,0.4520000000000006,0.06444949999999995,0.049141690135002136
1957,1.200000000000002,0.46400000000000075,0.06388899999999997,0.03768252581357956
1958,-0.8999999999999986,0.4420000000000007,0.06341400000000003,0.28997039794921875
1959,1.9999999999999982,0.5000000000000007,0.06289149999999998,0.23530679941177368
1960,-0.8999999999999986,0.5000000000000007,0.06241650000000003,0.20019221305847168
1961,-0.8999999999999986,0.42800000000000066,0.061941499999999976,0.05692442134022713
1962,-0.8999999999999986,0.42800000000000066,0.06146650000000003,0.08839185535907745
1963,-0.8999999999999986,0.3580000000000007,0.060991499999999976,0.23100629448890686
1964,-0.8999999999999986,0.3580000000000007,0.06051650000000003,0.04314979165792465
1965,-0.8999999999999986,0.2780000000000008,0.06004149999999997,0.24421940743923187
1966,-0.29999999999999893,0.2560000000000008,0.05956650000000002,0.12742094695568085
1967,0.9000000000000004,0.21000000000000074,0.05909149999999997,0.04021093621850014
1968,-0.8999999999999986,0.20800000000000074,0.05861650000000002,0.07596707344055176
1969,-0.8999999999999986,0.24200000000000077,0.05814149999999997,0.0669015645980835
1970,-1.3999999999999986,0.1840000000000008,0.05765699999999996,0.07001295685768127
1971,0.4999999999999989,0.21200000000000074,0.05702050000000001,0.034889474511146545
1972,1.8999999999999986,0.2680000000000006,0.05619399999999997,0.06046757102012634
1973,-0.8999999999999986,0.2440000000000007,0.055719000000000025,0.07690522074699402
1974,2.500000000000003,0.3120000000000007,0.05506349999999995,0.23656883835792542
1975,-0.8999999999999986,0.3120000000000007,0.054588500000000005,0.2385205775499344
1976,2.4999999999999982,0.34400000000000064,0.05407550000000002,0.29552480578422546
1977,-1.4999999999999987,0.35200000000000076,0.053543500000000015,0.08881361782550812
1978,2.099999999999998,0.41200000000000064,0.05301150000000001,0.1431543081998825
1979,5.299999999999994,0.5000000000000006,0.05237499999999995,0.04449937492609024
1980,0.9000000000000004,0.48200000000000043,0.0519,0.04341176897287369
1981,-0.8999999999999986,0.49000000000000055,0.05142499999999995,0.03627871721982956
1982,5.099999999999997,0.6200000000000004,0.05080750000000002,0.02272106520831585
1983,1.300000000000002,0.6280000000000004,0.050294500000000034,0.05249156057834625
1984,3.1000000000000014,0.6320000000000005,0.05,0.03973948210477829
