episode,return,moving_return,eps,loss
1,-8.7,-8.7,0.9998416666666667,
2,-5.699999999999998,-7.199999999999999,0.9996833333333334,
3,-7.499999999999998,-7.3,0.9995250000000001,
4,-8.099999999999998,-7.499999999999999,0.9993666666666666,
5,-7.499999999999998,-7.499999999999998,0.9992083333333334,
6,-6.299999999999999,-7.299999999999998,0.99905,
7,-8.099999999999998,-7.414285714285713,0.9988916666666667,
8,-8.099999999999998,-7.499999999999998,0.9987333333333334,
9,-8.7,-7.633333333333332,0.9985750000000001,
10,-6.299999999999999,-7.499999999999998,0.9984166666666666,
11,-8.099999999999998,-7.554545454545453,0.9982583333333334,
12,-7.499999999999998,-7.549999999999998,0.9981,
13,-6.899999999999999,-7.499999999999998,0.9979416666666667,
14,-8.099999999999998,-7.54285714285714,0.9977833333333334,
15,-6.299999999999999,-7.459999999999997,0.9976250000000001,
16,-8.7,-7.537499999999998,0.9974666666666666,
17,-8.099999999999998,-7.570588235294116,0.9973083333333334,
18,-8.099999999999998,-7.599999999999998,0.99715,
19,-7.499999999999998,-7.59473684210526,0.9969916666666667,
20,-6.299999999999999,-7.5299999999999985,0.9968333333333333,0.2785693407058716
21,-8.099999999999998,-7.557142857142855,0.9966750000000001,0.9790558815002441
22,-6.899999999999999,-7.527272727272726,0.9965166666666666,0.26073935627937317
23,-6.899999999999999,-7.499999999999999,0.9963583333333333,0.1638471931219101
24,-8.7,-7.55,0.9962,0.08281996846199036
25,-6.899999999999999,-7.524,0.9960416666666667,0.11103197932243347
26,-8.7,-7.569230769230769,0.9958833333333333,0.1446371078491211
27,-8.099999999999998,-7.588888888888888,0.9957250000000001,0.19128677248954773
28,-7.499999999999998,-7.5857142857142845,0.9955666666666666,0.14481741189956665
29,-7.499999999999998,-7.5827586206896544,0.9954083333333333,0.10738947987556458
30,-7.499999999999998,-7.579999999999999,0.99525,0.19929096102714539
31,-7.499999999999998,-7.5774193548387085,0.9950916666666667,0.3942437469959259
32,-6.299999999999999,-7.537499999999998,0.9949333333333333,0.3138611316680908
33,-7.499999999999998,-7.536363636363634,0.9947750000000001,0.2521139979362488
34,-7.499999999999998,-7.535294117647057,0.9946166666666666,0.11225338280200958
35,-7.499999999999998,-7.534285714285712,0.9944583333333333,0.8400298357009888
36,-8.099999999999998,-7.549999999999999,0.9943,0.3034208118915558
37,-4.499999999999998,-7.467567567567566,0.9941416666666667,0.1514255553483963
38,-6.899999999999999,-7.452631578947367,0.9939833333333333,0.047050416469573975
39,-8.7,-7.484615384615383,0.9938250000000001,0.2238970696926117
40,-6.299999999999999,-7.454999999999998,0.9936666666666666,1.6224336624145508
41,-7.499999999999998,-7.456097560975608,0.9935083333333333,0.02122383564710617
42,-6.899999999999999,-7.44285714285714,0.99335,0.040703095495700836
43,-6.299999999999999,-7.41627906976744,0.9931916666666667,0.015844210982322693
44,-8.7,-7.4454545454545435,0.9930333333333333,0.011612027883529663
45,-8.099999999999998,-7.459999999999998,0.9928750000000001,0.0721016675233841
46,-7.499999999999998,-7.46086956521739,0.9927166666666666,0.029636042192578316
47,-5.699999999999998,-7.423404255319147,0.9925583333333333,0.03347775340080261
48,-8.7,-7.449999999999998,0.9924,0.04226420819759369
49,-5.699999999999998,-7.414285714285712,0.9922416666666667,0.015196427702903748
50,-5.699999999999998,-7.379999999999998,0.9920833333333333,0.03110465593636036
51,-7.499999999999998,-7.355999999999998,0.9919250000000001,0.025018148124217987
52,-7.499999999999998,-7.391999999999999,0.9917666666666666,0.01215512864291668
53,-6.899999999999999,-7.379999999999999,0.9916083333333333,0.027560491114854813
54,-8.099999999999998,-7.38,0.9914499999999999,0.05368787795305252
55,-7.499999999999998,-7.38,0.9912916666666667,0.02627231553196907
56,-8.099999999999998,-7.4159999999999995,0.9911333333333333,0.03251979500055313
57,-8.7,-7.428,0.990975,0.027484310790896416
58,-6.299999999999999,-7.391999999999999,0.9908166666666667,0.05092233419418335
59,-6.899999999999999,-7.355999999999998,0.9906583333333333,0.009577062912285328
60,-8.099999999999998,-7.391999999999999,0.9905,0.018214792013168335
61,-8.7,-7.403999999999999,0.9903416666666667,0.012751758098602295
62,-7.499999999999998,-7.403999999999997,0.9901833333333334,0.004249748773872852
63,-8.099999999999998,-7.427999999999998,0.990025,0.012644415721297264
64,-5.699999999999998,-7.379999999999999,0.9898666666666667,0.012358666397631168
65,-7.499999999999998,-7.403999999999997,0.9897083333333333,0.006374151445925236
66,-6.299999999999999,-7.355999999999999,0.98955,0.010939734987914562
67,-8.099999999999998,-7.355999999999999,0.9893916666666667,0.002619038103148341
68,-5.099999999999998,-7.295999999999999,0.9892333333333334,0.009873941540718079
69,-8.099999999999998,-7.308,0.989075,0.0063223205506801605
70,-8.099999999999998,-7.343999999999999,0.9889166666666667,0.008803856559097767
71,-7.499999999999998,-7.331999999999999,0.9887583333333333,0.00819103792309761
72,-6.899999999999999,-7.331999999999998,0.9886,0.005957484245300293
73,-8.099999999999998,-7.355999999999999,0.9884416666666667,0.006614117883145809
74,-7.499999999999998,-7.331999999999998,0.9882833333333334,0.009693849831819534
75,-6.899999999999999,-7.331999999999998,0.988125,0.011509444564580917
76,-8.099999999999998,-7.319999999999998,0.9879666666666667,0.010083477944135666
77,-5.099999999999998,-7.259999999999999,0.9878083333333333,0.011005332693457603
78,-8.099999999999998,-7.2719999999999985,0.98765,0.013514299876987934
79,-6.899999999999999,-7.259999999999998,0.9874916666666667,0.005136050283908844
80,-8.099999999999998,-7.2719999999999985,0.9873333333333334,0.007784419693052769
81,-5.699999999999998,-7.235999999999998,0.987175,0.024187825620174408
82,-6.299999999999999,-7.235999999999998,0.9870166666666667,0.005936719477176666
83,-8.099999999999998,-7.247999999999998,0.9868583333333333,0.0052970824763178825
84,-7.499999999999998,-7.247999999999999,0.9867,0.009021268226206303
85,-7.499999999999998,-7.247999999999998,0.9865416666666667,0.00802863109856844
86,-6.899999999999999,-7.2239999999999975,0.9863833333333334,0.0030785524286329746
87,-8.7,-7.307999999999998,0.986225,0.009976515546441078
88,-8.099999999999998,-7.331999999999998,0.9860666666666666,0.003937926143407822
89,-6.899999999999999,-7.295999999999998,0.9859083333333333,0.010097499936819077
90,-8.099999999999998,-7.331999999999998,0.98575,0.01993788778781891
91,-8.099999999999998,-7.3439999999999985,0.9855916666666666,0.012937553226947784
92,-6.899999999999999,-7.3439999999999985,0.9854333333333334,0.012880842201411724
93,-6.299999999999999,-7.343999999999998,0.985275,0.00717175705358386
94,-7.499999999999998,-7.3199999999999985,0.9851166666666666,0.008132506161928177
95,-8.099999999999998,-7.3199999999999985,0.9849583333333333,0.005490367766469717
96,-7.499999999999998,-7.3199999999999985,0.9848,0.011766863986849785
97,-6.899999999999999,-7.343999999999998,0.9846416666666666,0.010562298819422722
98,-8.7,-7.343999999999998,0.9844833333333334,0.004932832904160023
99,-6.899999999999999,-7.3679999999999986,0.984325,0.0034913145937025547
100,-6.899999999999999,-7.391999999999997,0.9841666666666666,0.004592886194586754
101,-8.099999999999998,-7.403999999999999,0.9840083333333333,0.005735351238399744
102,-7.499999999999998,-7.403999999999999,0.98385,0.014156547375023365
103,-7.499999999999998,-7.4159999999999995,0.9836916666666666,0.004844690673053265
104,-7.499999999999998,-7.403999999999997,0.9835333333333334,0.004118373617529869
105,-7.499999999999998,-7.403999999999999,0.983375,0.004411885514855385
106,-8.099999999999998,-7.403999999999999,0.9832166666666666,0.013749206438660622
107,-7.499999999999998,-7.379999999999999,0.9830583333333333,0.002586496528238058
108,-8.7,-7.427999999999998,0.9829,0.009286806918680668
109,-8.099999999999998,-7.451999999999998,0.9827416666666666,0.008419458754360676
110,-5.699999999999998,-7.403999999999999,0.9825833333333334,0.010847567580640316
111,-8.099999999999998,-7.391999999999999,0.982425,0.008885683491826057
112,-8.099999999999998,-7.403999999999999,0.9822666666666666,0.0064596738666296005
113,-8.099999999999998,-7.403999999999999,0.9821083333333332,0.014328308403491974
114,-7.499999999999998,-7.439999999999999,0.98195,0.0029917689971625805
115,-8.7,-7.463999999999998,0.9817916666666666,0.004257044289261103
116,-8.099999999999998,-7.499999999999999,0.9816333333333334,0.0094095878303051
117,-8.7,-7.511999999999998,0.981475,0.010153953917324543
118,-7.499999999999998,-7.559999999999998,0.9813166666666666,0.005683554336428642
119,-8.099999999999998,-7.559999999999999,0.9811583333333334,0.00541861355304718
120,-7.499999999999998,-7.547999999999999,0.981,0.007030016742646694
121,-6.899999999999999,-7.535999999999998,0.9808416666666667,0.007725871633738279
122,-8.099999999999998,-7.559999999999999,0.9806833333333334,0.013822239823639393
123,-8.099999999999998,-7.56,0.9805250000000001,0.00945975910872221
124,-8.7,-7.584,0.9803666666666667,0.002356400014832616
125,-8.099999999999998,-7.607999999999999,0.9802083333333333,0.007693223189562559
126,-7.499999999999998,-7.595999999999999,0.98005,0.005493077449500561
127,-6.299999999999999,-7.619999999999999,0.9798916666666667,0.012212900444865227
128,-7.499999999999998,-7.607999999999999,0.9797333333333333,0.005573687609285116
129,-5.099999999999998,-7.571999999999998,0.9795750000000001,0.012036692351102829
130,-6.899999999999999,-7.547999999999998,0.9794166666666666,0.0041269706562161446
131,-7.499999999999998,-7.583999999999998,0.9792583333333333,0.0023014561738818884
132,-6.899999999999999,-7.595999999999998,0.9791,0.007100754417479038
133,-8.7,-7.607999999999997,0.9789416666666667,0.010797522962093353
134,-7.499999999999998,-7.607999999999999,0.9787833333333333,0.006362131331115961
135,-7.499999999999998,-7.607999999999999,0.9786250000000001,0.011110101826488972
136,-8.099999999999998,-7.632,0.9784666666666667,0.005147069226950407
137,-7.499999999999998,-7.608,0.9783083333333333,0.005850016139447689
138,-6.299999999999999,-7.571999999999999,0.97815,0.014342203736305237
139,-8.099999999999998,-7.595999999999999,0.9779916666666667,0.009382741525769234
140,-8.099999999999998,-7.595999999999999,0.9778333333333333,0.008481854572892189
141,-7.499999999999998,-7.583999999999999,0.9776750000000001,0.007131190039217472
142,-7.499999999999998,-7.595999999999999,0.9775166666666667,0.019378673285245895
143,-6.899999999999999,-7.607999999999997,0.9773583333333333,0.007147820200771093
144,-8.099999999999998,-7.619999999999997,0.9772,0.0024263192899525166
145,-8.099999999999998,-7.62,0.9770416666666667,0.017304422333836555
146,-8.099999999999998,-7.632,0.9768833333333333,0.014529785141348839
147,-7.499999999999998,-7.643999999999998,0.9767250000000001,0.004104789346456528
148,-8.099999999999998,-7.631999999999998,0.9765666666666667,0.008421454578638077
149,-8.099999999999998,-7.655999999999999,0.9764083333333333,0.012115100398659706
150,-8.099999999999998,-7.679999999999999,0.97625,0.013898665085434914
151,-8.7,-7.691999999999998,0.9760916666666667,0.015153746120631695
152,-8.7,-7.715999999999997,0.9759333333333333,0.011327848769724369
153,-7.499999999999998,-7.7159999999999975,0.9757750000000001,0.005244424566626549
154,-8.099999999999998,-7.727999999999998,0.9756166666666667,0.01036822609603405
155,-6.899999999999999,-7.7159999999999975,0.9754583333333333,0.009153442457318306
156,-6.899999999999999,-7.691999999999997,0.9753,0.0025268623139709234
157,-8.099999999999998,-7.703999999999999,0.9751416666666667,0.004086578264832497
158,-8.7,-7.703999999999999,0.9749833333333333,0.007549279369413853
159,-8.099999999999998,-7.703999999999999,0.974825,0.010823613032698631
160,-8.099999999999998,-7.751999999999999,0.9746666666666667,0.011445121839642525
161,-8.099999999999998,-7.751999999999999,0.9745083333333333,0.004858153872191906
162,-5.699999999999998,-7.703999999999999,0.9743499999999999,0.0023224186152219772
163,-8.099999999999998,-7.703999999999999,0.9741916666666667,0.005061128176748753
164,-4.499999999999998,-7.643999999999998,0.9740333333333333,0.006556163541972637
165,-8.099999999999998,-7.632,0.973875,0.005107722245156765
166,-7.499999999999998,-7.619999999999999,0.9737166666666667,0.015443060547113419
167,-8.099999999999998,-7.607999999999999,0.9735583333333333,0.006147357635200024
168,-7.499999999999998,-7.607999999999999,0.9733999999999999,0.008218248374760151
169,-7.499999999999998,-7.595999999999998,0.9732416666666667,0.007220862898975611
170,-8.099999999999998,-7.607999999999999,0.9730833333333333,0.008387427777051926
171,-7.499999999999998,-7.619999999999997,0.972925,0.010555797256529331
172,-6.899999999999999,-7.595999999999998,0.9727666666666667,0.006273631937801838
173,-8.099999999999998,-7.595999999999998,0.9726083333333333,0.004937207326292992
174,-7.499999999999998,-7.571999999999998,0.9724499999999999,0.006801706738770008
175,-6.299999999999999,-7.535999999999998,0.9722916666666667,0.009162766858935356
176,-8.7,-7.559999999999999,0.9721333333333333,0.015525873750448227
177,-5.699999999999998,-7.547999999999997,0.971975,0.011542357504367828
178,-4.499999999999998,-7.487999999999999,0.9718166666666667,0.004949134774506092
179,-6.299999999999999,-7.511999999999998,0.9716583333333333,0.006274634040892124
180,-8.7,-7.547999999999998,0.9715,0.004789938218891621
181,-8.099999999999998,-7.559999999999999,0.9713416666666667,0.019470632076263428
182,-4.499999999999998,-7.511999999999998,0.9711833333333334,0.009904127568006516
183,-7.499999999999998,-7.487999999999997,0.971025,0.002817865926772356
184,-4.499999999999998,-7.427999999999997,0.9708666666666668,0.0016069256234914064
185,-8.7,-7.451999999999998,0.9707083333333333,0.008915121667087078
186,-7.499999999999998,-7.439999999999999,0.97055,0.002997144591063261
187,-7.499999999999998,-7.439999999999998,0.9703916666666667,0.01909388042986393
188,-7.499999999999998,-7.463999999999999,0.9702333333333334,0.010970313102006912
189,-8.7,-7.475999999999998,0.970075,0.012355087324976921
190,-8.7,-7.487999999999999,0.9699166666666668,0.011043000034987926
191,-8.099999999999998,-7.499999999999999,0.9697583333333333,0.008036091923713684
192,-8.099999999999998,-7.5120000000000005,0.9696,0.011021498590707779
193,-6.899999999999999,-7.511999999999998,0.9694416666666666,0.002757562790066004
194,-6.899999999999999,-7.487999999999997,0.9692833333333334,0.016352377831935883
195,-8.099999999999998,-7.4879999999999995,0.969125,0.01155794132500887
196,-8.7,-7.499999999999999,0.9689666666666668,0.007953334599733353
197,-6.299999999999999,-7.475999999999999,0.9688083333333333,0.011925432831048965
198,-7.499999999999998,-7.463999999999999,0.96865,0.007464772555977106
199,-8.099999999999998,-7.463999999999999,0.9684916666666666,0.009967057034373283
200,-8.7,-7.475999999999999,0.9683333333333334,0.008595003746449947
201,-6.299999999999999,-7.428,0.968175,0.008750067092478275
202,-7.499999999999998,-7.403999999999999,0.9680166666666667,0.010705731809139252
203,-7.499999999999998,-7.403999999999999,0.9678583333333333,0.0025712777860462666
204,-8.099999999999998,-7.403999999999999,0.9677,0.012236099690198898
205,-8.099999999999998,-7.428,0.9675416666666666,0.009469171985983849
206,-8.099999999999998,-7.451999999999999,0.9673833333333334,0.01064884290099144
207,-7.499999999999998,-7.44,0.967225,0.015259737148880959
208,-5.699999999999998,-7.379999999999999,0.9670666666666667,0.012121081352233887
209,-6.299999999999999,-7.3439999999999985,0.9669083333333333,0.023785531520843506
210,-6.299999999999999,-7.307999999999998,0.96675,0.0059499884955585
211,-8.099999999999998,-7.307999999999998,0.9665916666666666,0.013016298413276672
212,-7.499999999999998,-7.3439999999999985,0.9664333333333334,0.01279403455555439
213,-8.099999999999998,-7.3439999999999985,0.966275,0.011617954820394516
214,-7.499999999999998,-7.403999999999999,0.9661166666666667,0.006872978992760181
215,-8.099999999999998,-7.403999999999999,0.9659583333333333,0.0018531193491071463
216,-7.499999999999998,-7.403999999999999,0.9658,0.012090463191270828
217,-6.899999999999999,-7.379999999999999,0.9656416666666666,0.00914601981639862
218,-3.899999999999998,-7.307999999999997,0.9654833333333334,0.00551824364811182
219,-7.499999999999998,-7.307999999999998,0.965325,0.018450714647769928
220,-8.099999999999998,-7.308,0.9651666666666667,0.011377636343240738
221,-8.099999999999998,-7.32,0.9650083333333332,0.006246872246265411
222,-5.699999999999998,-7.295999999999998,0.96485,0.00434015691280365
223,-7.499999999999998,-7.283999999999999,0.9646916666666666,0.015079326927661896
224,-8.099999999999998,-7.295999999999999,0.9645333333333334,0.006240910850465298
225,-6.899999999999999,-7.307999999999998,0.964375,0.009919330477714539
226,-8.7,-7.307999999999997,0.9642166666666667,0.013745572417974472
227,-7.499999999999998,-7.3439999999999985,0.9640583333333332,0.005062400363385677
228,-6.899999999999999,-7.391999999999999,0.9639,0.0022884635254740715
229,-5.699999999999998,-7.379999999999998,0.9637416666666666,0.002699928591027856
230,-8.099999999999998,-7.3679999999999986,0.9635833333333333,0.006974573712795973
231,-7.499999999999998,-7.355999999999999,0.963425,0.002712491899728775
232,-7.499999999999998,-7.4159999999999995,0.9632666666666667,0.006433960981667042
233,-8.7,-7.439999999999999,0.9631083333333333,0.005729977507144213
234,-8.099999999999998,-7.511999999999998,0.96295,0.003865318140015006
235,-6.899999999999999,-7.475999999999999,0.9627916666666666,0.005265722516924143
236,-6.899999999999999,-7.463999999999996,0.9626333333333333,0.005215195938944817
237,-8.099999999999998,-7.475999999999999,0.962475,0.0033452424686402082
238,-8.7,-7.499999999999999,0.9623166666666667,0.005903394892811775
239,-7.499999999999998,-7.475999999999998,0.9621583333333333,0.010550612583756447
240,-8.7,-7.475999999999998,0.962,0.0017381260404363275
241,-6.299999999999999,-7.439999999999999,0.9618416666666667,0.0038009732961654663
242,-7.499999999999998,-7.428,0.9616833333333333,0.005416183732450008
243,-7.499999999999998,-7.439999999999999,0.9615250000000001,0.013156641274690628
244,-8.099999999999998,-7.463999999999999,0.9613666666666667,0.0030608954839408398
245,-7.499999999999998,-7.451999999999999,0.9612083333333334,0.003187593538314104
246,-7.499999999999998,-7.428,0.96105,0.005483927205204964
247,-7.499999999999998,-7.451999999999999,0.9608916666666667,0.004836208187043667
248,-8.099999999999998,-7.463999999999999,0.9607333333333333,0.02007119730114937
249,-5.699999999999998,-7.4159999999999995,0.9605750000000001,0.00369215733371675
250,-6.899999999999999,-7.379999999999999,0.9604166666666667,0.0032907852437347174
251,-6.899999999999999,-7.391999999999999,0.9602583333333333,0.0044970400631427765
252,-6.299999999999999,-7.3679999999999986,0.9601,0.015730800107121468
253,-6.899999999999999,-7.355999999999998,0.9599416666666667,0.0013399894814938307
254,-8.099999999999998,-7.355999999999999,0.9597833333333333,0.008104018867015839
255,-6.899999999999999,-7.331999999999998,0.9596250000000001,0.004180647432804108
256,-7.499999999999998,-7.319999999999998,0.9594666666666667,0.008861149661242962
257,-6.299999999999999,-7.295999999999998,0.9593083333333334,0.009901103563606739
258,-8.7,-7.355999999999999,0.95915,0.0054730442352592945
259,-8.099999999999998,-7.3919999999999995,0.9589916666666667,0.0062111313454806805
260,-6.299999999999999,-7.3919999999999995,0.9588333333333333,0.00510454922914505
261,-8.099999999999998,-7.3919999999999995,0.958675,0.017336426302790642
262,-6.899999999999999,-7.379999999999999,0.9585166666666667,0.011324869468808174
263,-5.699999999999998,-7.331999999999998,0.9583583333333333,0.015869904309511185
264,-7.499999999999998,-7.331999999999998,0.9581999999999999,0.014092101715505123
265,-8.099999999999998,-7.331999999999999,0.9580416666666667,0.005813924595713615
266,-8.099999999999998,-7.3439999999999985,0.9578833333333333,0.014586769044399261
267,-8.7,-7.379999999999999,0.957725,0.0029873528983443975
268,-8.7,-7.475999999999996,0.9575666666666667,0.006526810582727194
269,-8.099999999999998,-7.487999999999999,0.9574083333333334,0.0023223282769322395
270,-7.499999999999998,-7.475999999999999,0.9572499999999999,0.005937098525464535
271,-6.899999999999999,-7.451999999999998,0.9570916666666667,0.007168525829911232
272,-6.899999999999999,-7.475999999999996,0.9569333333333333,0.004650590475648642
273,-6.899999999999999,-7.463999999999999,0.956775,0.008547671139240265
274,-7.499999999999998,-7.451999999999998,0.9566166666666667,0.013196885585784912
275,-8.099999999999998,-7.475999999999999,0.9564583333333334,0.003090375568717718
276,-6.899999999999999,-7.439999999999998,0.9562999999999999,0.008010623045265675
277,-8.099999999999998,-7.451999999999998,0.9561416666666667,0.005941873416304588
278,-6.299999999999999,-7.439999999999999,0.9559833333333333,0.01387250516563654
279,-8.099999999999998,-7.487999999999999,0.955825,0.009355501271784306
280,-8.099999999999998,-7.487999999999999,0.9556666666666667,0.01513385958969593
281,-8.7,-7.512,0.9555083333333334,0.01481085829436779
282,-8.099999999999998,-7.523999999999998,0.9553499999999999,0.0022225070279091597
283,-8.099999999999998,-7.512,0.9551916666666667,0.01661643199622631
284,-8.099999999999998,-7.512,0.9550333333333333,0.007771473377943039
285,-7.499999999999998,-7.523999999999998,0.954875,0.0025363080203533173
286,-1.4999999999999982,-7.4159999999999995,0.9547166666666667,0.006456523202359676
287,-7.499999999999998,-7.403999999999999,0.9545583333333334,0.011709515005350113
288,-8.099999999999998,-7.3919999999999995,0.9543999999999999,0.016207776963710785
289,-6.899999999999999,-7.379999999999998,0.9542416666666667,0.013153567910194397
290,-5.699999999999998,-7.319999999999998,0.9540833333333333,0.013890954665839672
291,-7.499999999999998,-7.343999999999998,0.953925,0.01106292475014925
292,-6.899999999999999,-7.331999999999998,0.9537666666666667,0.010668610222637653
293,-7.499999999999998,-7.331999999999998,0.9536083333333334,0.003457159036770463
294,-8.7,-7.3439999999999985,0.9534499999999999,0.006690762005746365
295,-8.099999999999998,-7.355999999999998,0.9532916666666666,0.0019715046510100365
296,-7.499999999999998,-7.355999999999999,0.9531333333333333,0.002946185413748026
297,-6.299999999999999,-7.331999999999999,0.952975,0.006238242611289024
298,-8.099999999999998,-7.331999999999999,0.9528166666666666,0.013681327924132347
299,-6.299999999999999,-7.3439999999999985,0.9526583333333334,0.008187547326087952
300,-5.699999999999998,-7.319999999999998,0.9525,0.005171392112970352
301,-6.299999999999999,-7.307999999999998,0.9523416666666666,0.016671141609549522
302,-8.099999999999998,-7.3439999999999985,0.9521833333333334,0.012286491692066193
303,-6.899999999999999,-7.343999999999998,0.952025,0.006662736646831036
304,-8.7,-7.355999999999998,0.9518666666666667,0.0097516980022192
305,-7.499999999999998,-7.3679999999999986,0.9517083333333334,0.006240020971745253
306,-8.099999999999998,-7.379999999999999,0.95155,0.01018598210066557
307,-5.099999999999999,-7.355999999999999,0.9513916666666666,0.008098822087049484
308,-7.499999999999998,-7.331999999999998,0.9512333333333334,0.01686669886112213
309,-7.499999999999998,-7.3199999999999985,0.951075,0.014061922207474709
310,-6.899999999999999,-7.331999999999998,0.9509166666666667,0.007591419853270054
311,-8.099999999999998,-7.331999999999998,0.9507583333333334,0.00820491835474968
312,-8.7,-7.3679999999999986,0.9506,0.010929356329143047
313,-6.899999999999999,-7.391999999999997,0.9504416666666666,0.01062595471739769
314,-6.899999999999999,-7.379999999999998,0.9502833333333334,0.00868598185479641
315,-6.899999999999999,-7.355999999999997,0.950125,0.00432024709880352
316,-6.899999999999999,-7.331999999999998,0.9499666666666667,0.003071876708418131
317,-6.899999999999999,-7.295999999999997,0.9498083333333334,0.005798995960503817
318,-8.099999999999998,-7.283999999999999,0.94965,0.01137604285031557
319,-7.499999999999998,-7.2719999999999985,0.9494916666666666,0.012167328037321568
320,-8.099999999999998,-7.283999999999999,0.9493333333333334,0.011070242151618004
321,-6.299999999999999,-7.271999999999999,0.949175,0.013689255341887474
322,-7.499999999999998,-7.283999999999999,0.9490166666666667,0.006884203292429447
323,-7.499999999999998,-7.295999999999999,0.9488583333333334,0.004650386981666088
324,-6.899999999999999,-7.283999999999999,0.9487,0.016591442748904228
325,-8.099999999999998,-7.283999999999999,0.9485416666666666,0.005879516713321209
326,-8.7,-7.3199999999999985,0.9483833333333334,0.005992500111460686
327,-6.899999999999999,-7.295999999999998,0.948225,0.00726154912263155
328,-6.899999999999999,-7.307999999999998,0.9480666666666667,0.002228070516139269
329,-8.099999999999998,-7.307999999999998,0.9479083333333334,0.0056822653859853745
330,-4.499999999999998,-7.235999999999999,0.94775,0.006011408753693104
331,-6.899999999999999,-7.1999999999999975,0.9475916666666666,0.0021988973021507263
332,-7.499999999999998,-7.187999999999999,0.9474333333333333,0.012105932459235191
333,-7.499999999999998,-7.175999999999998,0.947275,0.003161079017445445
334,-7.499999999999998,-7.163999999999999,0.9471166666666667,0.010103369131684303
335,-7.499999999999998,-7.163999999999999,0.9469583333333333,0.012940389104187489
336,-8.099999999999998,-7.295999999999999,0.9468,0.02122725360095501
337,-8.099999999999998,-7.308,0.9466416666666666,0.01140376552939415
338,-5.699999999999998,-7.259999999999999,0.9464833333333333,0.008865294978022575
339,-8.099999999999998,-7.283999999999999,0.946325,0.012492768466472626
340,-8.099999999999998,-7.331999999999999,0.9461666666666667,0.0028704183641821146
341,-6.899999999999999,-7.3199999999999985,0.9460083333333333,0.00515191862359643
342,-7.499999999999998,-7.331999999999998,0.94585,0.008719714358448982
343,-7.499999999999998,-7.331999999999998,0.9456916666666666,0.00433697272092104
344,-8.7,-7.331999999999998,0.9455333333333333,0.006905129179358482
345,-6.299999999999999,-7.295999999999999,0.945375,0.005817672237753868
346,-6.899999999999999,-7.283999999999999,0.9452166666666667,0.007046951912343502
347,-6.899999999999999,-7.295999999999998,0.9450583333333333,0.013306144624948502
348,-5.099999999999998,-7.235999999999999,0.9449,0.011062605306506157
349,-6.899999999999999,-7.247999999999998,0.9447416666666666,0.018000727519392967
350,-3.299999999999998,-7.199999999999999,0.9445833333333333,0.014835745096206665
351,-8.099999999999998,-7.235999999999999,0.944425,0.009182293899357319
352,-7.499999999999998,-7.223999999999998,0.9442666666666667,0.010255614295601845
353,-8.099999999999998,-7.247999999999999,0.9441083333333333,0.010417225770652294
354,-8.099999999999998,-7.235999999999999,0.9439500000000001,0.0038501168601214886
355,-8.099999999999998,-7.247999999999999,0.9437916666666666,0.009965933859348297
356,-8.099999999999998,-7.247999999999999,0.9436333333333333,0.0069776615127921104
357,-6.899999999999999,-7.283999999999999,0.943475,0.00804982427507639
358,-6.899999999999999,-7.2719999999999985,0.9433166666666667,0.014121431857347488
359,-6.899999999999999,-7.259999999999998,0.9431583333333333,0.01299554854631424
360,-7.499999999999998,-7.271999999999999,0.943,0.0032959901727735996
361,-6.299999999999999,-7.235999999999998,0.9428416666666667,0.00995770562440157
362,-8.099999999999998,-7.224,0.9426833333333333,0.005689048208296299
363,-8.099999999999998,-7.247999999999999,0.9425250000000001,0.005627303849905729
364,-7.499999999999998,-7.259999999999999,0.9423666666666667,0.011733990162611008
365,-6.899999999999999,-7.259999999999998,0.9422083333333334,0.0058864448219537735
366,-7.499999999999998,-7.2719999999999985,0.94205,0.011124182492494583
367,-8.099999999999998,-7.295999999999999,0.9418916666666667,0.005248879548162222
368,-5.099999999999998,-7.235999999999999,0.9417333333333333,0.005672533996403217
369,-6.299999999999999,-7.211999999999998,0.941575,0.004646060056984425
370,-7.499999999999998,-7.199999999999999,0.9414166666666667,0.015270811505615711
371,-4.499999999999998,-7.163999999999999,0.9412583333333334,0.010367479175329208
372,-6.899999999999999,-7.151999999999998,0.9410999999999999,0.012481147423386574
373,-6.899999999999999,-7.139999999999998,0.9409416666666667,0.010360926389694214
374,-8.099999999999998,-7.163999999999999,0.9407833333333333,0.005075621884316206
375,-8.7,-7.175999999999999,0.940625,0.007996238768100739
376,-7.499999999999998,-7.151999999999998,0.9404666666666667,0.007195089012384415
377,-6.899999999999999,-7.151999999999998,0.9403083333333334,0.011612077243626118
378,-8.099999999999998,-7.175999999999999,0.94015,0.010772885754704475
379,-8.099999999999998,-7.175999999999999,0.9399916666666667,0.009701763279736042
380,-8.099999999999998,-7.247999999999999,0.9398333333333333,0.004425333812832832
381,-8.7,-7.283999999999999,0.939675,0.018235765397548676
382,-8.099999999999998,-7.295999999999998,0.9395166666666667,0.0034830910153687
383,-8.099999999999998,-7.307999999999998,0.9393583333333334,0.006122652441263199
384,-6.899999999999999,-7.295999999999998,0.9391999999999999,0.005917734000831842
385,-8.099999999999998,-7.307999999999998,0.9390416666666667,0.013872819021344185
386,-6.899999999999999,-7.283999999999999,0.9388833333333333,0.014370894059538841
387,-7.499999999999998,-7.271999999999997,0.938725,0.02655152790248394
388,-7.499999999999998,-7.307999999999997,0.9385666666666667,0.002266785828396678
389,-6.299999999999999,-7.2719999999999985,0.9384083333333334,0.01464089285582304
390,-8.7,-7.283999999999999,0.93825,0.008345196023583412
391,-6.299999999999999,-7.2719999999999985,0.9380916666666667,0.005251102149486542
392,-8.099999999999998,-7.283999999999999,0.9379333333333333,0.011114250868558884
393,-5.099999999999998,-7.235999999999999,0.937775,0.01292397640645504
394,-7.499999999999998,-7.211999999999998,0.9376166666666667,0.007881131023168564
395,-6.299999999999999,-7.212,0.9374583333333334,0.007989569567143917
396,-7.499999999999998,-7.223999999999998,0.9372999999999999,0.0067303795367479324
397,-6.899999999999999,-7.223999999999998,0.9371416666666667,0.008457370102405548
398,-6.899999999999999,-7.259999999999998,0.9369833333333333,0.01241758931428194
399,-8.7,-7.295999999999998,0.936825,0.004299328196793795
400,-8.7,-7.403999999999997,0.9366666666666666,0.003733137622475624
401,-8.099999999999998,-7.404,0.9365083333333334,0.010566020384430885
402,-7.499999999999998,-7.403999999999999,0.93635,0.007292407564818859
403,-6.899999999999999,-7.379999999999998,0.9361916666666666,0.012646354734897614
404,-6.299999999999999,-7.343999999999998,0.9360333333333333,0.011503584682941437
405,-8.099999999999998,-7.343999999999999,0.935875,0.011155061423778534
406,-6.299999999999999,-7.308,0.9357166666666666,0.007244274020195007
407,-7.499999999999998,-7.3199999999999985,0.9355583333333334,0.010790366679430008
408,-5.699999999999998,-7.295999999999998,0.9353999999999999,0.0027961311861872673
409,-8.099999999999998,-7.3199999999999985,0.9352416666666666,0.008595154620707035
410,-7.499999999999998,-7.3199999999999985,0.9350833333333333,0.0037415025290101767
411,-5.099999999999998,-7.295999999999999,0.934925,0.007632153108716011
412,-7.499999999999998,-7.283999999999999,0.9347666666666666,0.007247609086334705
413,-6.899999999999999,-7.259999999999998,0.9346083333333334,0.0023242230527102947
414,-7.499999999999998,-7.259999999999998,0.93445,0.014823920093476772
415,-7.499999999999998,-7.2719999999999985,0.9342916666666666,0.01371348462998867
416,-7.499999999999998,-7.2719999999999985,0.9341333333333333,0.009065189398825169
417,-8.099999999999998,-7.2719999999999985,0.933975,0.004940049257129431
418,-2.099999999999998,-7.212000000000001,0.9338166666666666,0.012246298603713512
419,-7.499999999999998,-7.235999999999999,0.9336583333333334,0.015298021957278252
420,-6.899999999999999,-7.223999999999998,0.9335,0.020366057753562927
421,-6.899999999999999,-7.271999999999997,0.9333416666666666,0.01889759488403797
422,-5.699999999999998,-7.247999999999998,0.9331833333333334,0.009494451805949211
423,-7.499999999999998,-7.259999999999999,0.933025,0.01069403626024723
424,-4.499999999999998,-7.188,0.9328666666666667,0.013087116181850433
425,-8.099999999999998,-7.175999999999999,0.9327083333333334,0.01087161898612976
426,-7.499999999999998,-7.175999999999999,0.9325500000000001,0.026778198778629303
427,-5.699999999999998,-7.151999999999998,0.9323916666666666,0.008586155250668526
428,-8.7,-7.163999999999999,0.9322333333333334,0.011352147907018661
429,-8.7,-7.175999999999998,0.932075,0.005882435478270054
430,-7.499999999999998,-7.163999999999998,0.9319166666666667,0.008720224723219872
431,-6.899999999999999,-7.1279999999999974,0.9317583333333334,0.015140547417104244
432,-8.7,-7.139999999999998,0.9316000000000001,0.011269740760326385
433,-6.299999999999999,-7.103999999999998,0.9314416666666666,0.008431944996118546
434,-8.099999999999998,-7.127999999999998,0.9312833333333334,0.00799636635929346
435,-6.899999999999999,-7.103999999999998,0.931125,0.007926508784294128
436,-6.899999999999999,-7.103999999999997,0.9309666666666667,0.0016107927076518536
437,-5.699999999999998,-7.067999999999999,0.9308083333333333,0.005275445524603128
438,-8.099999999999998,-7.079999999999999,0.9306500000000001,0.022049251943826675
439,-7.499999999999998,-7.103999999999998,0.9304916666666666,0.00735070463269949
440,-8.099999999999998,-7.092,0.9303333333333333,0.007519412785768509
441,-5.699999999999998,-7.079999999999999,0.930175,0.012582208029925823
442,-6.899999999999999,-7.055999999999998,0.9300166666666667,0.01306888461112976
443,-5.099999999999998,-7.055999999999998,0.9298583333333333,0.011471087113022804
444,-8.7,-7.079999999999999,0.9297000000000001,0.026308106258511543
445,-7.499999999999998,-7.103999999999997,0.9295416666666666,0.011962765827775002
446,-8.099999999999998,-7.115999999999999,0.9293833333333333,0.009189489297568798
447,-7.499999999999998,-7.127999999999998,0.929225,0.012220976874232292
448,-6.899999999999999,-7.1279999999999974,0.9290666666666667,0.013845992274582386
449,-5.699999999999998,-7.067999999999999,0.9289083333333333,0.008745118975639343
450,-6.899999999999999,-7.031999999999997,0.9287500000000001,0.0034689216408878565
451,-6.899999999999999,-7.007999999999997,0.9285916666666666,0.00990739744156599
452,-7.499999999999998,-7.007999999999997,0.9284333333333333,0.023807555437088013
453,-7.499999999999998,-7.019999999999999,0.928275,0.010732920840382576
454,-7.499999999999998,-7.043999999999999,0.9281166666666667,0.0037622214294970036
455,-7.499999999999998,-7.031999999999998,0.9279583333333333,0.0055308351293206215
456,-8.7,-7.079999999999999,0.9278000000000001,0.009614931419491768
457,-5.099999999999998,-7.031999999999999,0.9276416666666666,0.011127568781375885
458,-7.499999999999998,-7.068,0.9274833333333333,0.03785702586174011
459,-7.499999999999998,-7.055999999999999,0.927325,0.010045355185866356
460,-6.899999999999999,-7.043999999999999,0.9271666666666667,0.005906720645725727
461,-8.099999999999998,-7.103999999999998,0.9270083333333333,0.011464793235063553
462,-5.699999999999998,-7.067999999999999,0.9268500000000001,0.006246115081012249
463,-5.699999999999998,-7.043999999999999,0.9266916666666667,0.0170588456094265
464,-6.899999999999999,-7.031999999999997,0.9265333333333333,0.018022999167442322
465,-8.099999999999998,-7.043999999999999,0.926375,0.017098871991038322
466,-8.099999999999998,-7.055999999999999,0.9262166666666667,0.011203519999980927
467,-8.7,-7.067999999999999,0.9260583333333333,0.0060108923353254795
468,-8.7,-7.1999999999999975,0.9259000000000001,0.01346605084836483
469,-8.099999999999998,-7.212,0.9257416666666666,0.01270893681794405
470,-7.499999999999998,-7.223999999999998,0.9255833333333333,0.0032042991369962692
471,-7.499999999999998,-7.235999999999998,0.9254249999999999,0.011076254770159721
472,-6.299999999999999,-7.247999999999998,0.9252666666666667,0.0056657069362699986
473,-7.499999999999998,-7.247999999999998,0.9251083333333333,0.007656318135559559
474,-8.099999999999998,-7.3199999999999985,0.92495,0.025166895240545273
475,-5.699999999999998,-7.2719999999999985,0.9247916666666667,0.04233328253030777
476,-8.7,-7.295999999999998,0.9246333333333333,0.01696144975721836
477,-8.099999999999998,-7.343999999999998,0.9244749999999999,0.015625905245542526
478,-5.699999999999998,-7.283999999999999,0.9243166666666667,0.006782529875636101
479,-6.899999999999999,-7.2479999999999976,0.9241583333333333,0.04506807401776314
480,-7.499999999999998,-7.2479999999999976,0.924,0.007292539346963167
481,-8.099999999999998,-7.2719999999999985,0.9238416666666667,0.01647789776325226
482,-7.499999999999998,-7.247999999999998,0.9236833333333333,0.007539681624621153
483,-5.699999999999998,-7.235999999999998,0.923525,0.005852673668414354
484,-6.899999999999999,-7.211999999999997,0.9233666666666667,0.005551645997911692
485,-7.499999999999998,-7.223999999999998,0.9232083333333334,0.024791747331619263
486,-8.099999999999998,-7.247999999999998,0.92305,0.011047137901186943
487,-8.099999999999998,-7.295999999999999,0.9228916666666668,0.008458695374429226
488,-8.099999999999998,-7.295999999999999,0.9227333333333333,0.038015373051166534
489,-6.299999999999999,-7.271999999999999,0.922575,0.027028944343328476
490,-3.299999999999998,-7.175999999999999,0.9224166666666667,0.01963678002357483
491,-8.7,-7.235999999999998,0.9222583333333334,0.007356148213148117
492,-5.099999999999998,-7.199999999999999,0.9221,0.011489754542708397
493,-7.499999999999998,-7.247999999999998,0.9219416666666667,0.005152260418981314
494,-8.099999999999998,-7.235999999999998,0.9217833333333333,0.015627741813659668
495,-8.099999999999998,-7.247999999999998,0.921625,0.005217826925218105
496,-8.099999999999998,-7.247999999999999,0.9214666666666667,0.011891773901879787
497,-8.099999999999998,-7.259999999999999,0.9213083333333334,0.008721387013792992
498,-8.099999999999998,-7.283999999999999,0.92115,0.02418132685124874
499,-5.699999999999998,-7.283999999999997,0.9209916666666668,0.01122284960001707
500,-6.899999999999999,-7.283999999999997,0.9208333333333333,0.009112665429711342
501,-6.299999999999999,-7.2719999999999985,0.920675,0.015592041425406933
502,-7.499999999999998,-7.271999999999999,0.9205166666666666,0.02107609249651432
503,-6.899999999999999,-7.259999999999998,0.9203583333333334,0.010386104695498943
504,-8.7,-7.283999999999997,0.9202,0.01262139156460762
505,-7.499999999999998,-7.283999999999999,0.9200416666666666,0.006635144352912903
506,-6.899999999999999,-7.247999999999998,0.9198833333333333,0.014071134850382805
507,-7.499999999999998,-7.295999999999999,0.919725,0.014885250478982925
508,-7.499999999999998,-7.295999999999999,0.9195666666666666,0.009730927646160126
509,-6.899999999999999,-7.283999999999999,0.9194083333333334,0.013651435263454914
510,-8.099999999999998,-7.308,0.91925,0.08831216394901276
511,-6.899999999999999,-7.283999999999999,0.9190916666666668,0.007577881217002869
512,-8.7,-7.343999999999998,0.9189333333333333,0.0393507182598114
513,-6.899999999999999,-7.3679999999999986,0.918775,0.020688390359282494
514,-8.099999999999998,-7.391999999999999,0.9186166666666666,0.011954789981245995
515,-7.499999999999998,-7.38,0.9184583333333334,0.013825168833136559
516,-7.499999999999998,-7.3679999999999986,0.9183,0.03331946209073067
517,-6.899999999999999,-7.331999999999998,0.9181416666666666,0.00574951246380806
518,-8.099999999999998,-7.319999999999998,0.9179833333333333,0.011049944907426834
519,-7.499999999999998,-7.308,0.917825,0.02103225141763687
520,-8.099999999999998,-7.319999999999998,0.9176666666666666,0.00796388927847147
521,-6.299999999999999,-7.295999999999999,0.9175083333333334,0.022177111357450485
522,-7.499999999999998,-7.3199999999999985,0.91735,0.014970152638852596
523,-8.7,-7.343999999999998,0.9171916666666667,0.018561510369181633
524,-5.099999999999998,-7.283999999999997,0.9170333333333333,0.015540697611868382
525,-7.499999999999998,-7.3199999999999985,0.916875,0.013621604070067406
526,-1.4999999999999982,-7.175999999999999,0.9167166666666666,0.005746584385633469
527,-8.099999999999998,-7.175999999999999,0.9165583333333334,0.004928874783217907
528,-8.099999999999998,-7.223999999999998,0.9164,0.011395823210477829
529,-8.099999999999998,-7.247999999999999,0.9162416666666666,0.008827149868011475
530,-6.899999999999999,-7.235999999999999,0.9160833333333332,0.04407542571425438
531,-6.899999999999999,-7.211999999999997,0.915925,0.021793540567159653
532,-8.099999999999998,-7.223999999999998,0.9157666666666666,0.015275394544005394
533,-8.099999999999998,-7.271999999999999,0.9156083333333334,0.019504617899656296
534,-6.899999999999999,-7.2719999999999985,0.91545,0.018791258335113525
535,-8.7,-7.295999999999998,0.9152916666666667,0.015822146087884903
536,-7.499999999999998,-7.283999999999997,0.9151333333333332,0.011175391264259815
537,-6.299999999999999,-7.247999999999998,0.914975,0.0076796310022473335
538,-7.499999999999998,-7.235999999999998,0.9148166666666666,0.03689943626523018
539,-8.099999999999998,-7.2719999999999985,0.9146583333333334,0.00891442783176899
540,-7.499999999999998,-7.355999999999999,0.9145,0.024012751877307892
541,-7.499999999999998,-7.331999999999998,0.9143416666666666,0.011283339001238346
542,-8.099999999999998,-7.3919999999999995,0.9141833333333333,0.031033268198370934
543,-6.899999999999999,-7.379999999999998,0.914025,0.014588129706680775
544,-7.499999999999998,-7.3679999999999986,0.9138666666666667,0.026079077273607254
545,-8.099999999999998,-7.367999999999999,0.9137083333333333,0.01134486310184002
546,-8.099999999999998,-7.367999999999999,0.9135500000000001,0.011071329936385155
547,-5.699999999999998,-7.3199999999999985,0.9133916666666667,0.020632660016417503
548,-6.299999999999999,-7.283999999999999,0.9132333333333333,0.021612562239170074
549,-7.499999999999998,-7.3199999999999985,0.913075,0.025473469868302345
550,-5.699999999999998,-7.295999999999998,0.9129166666666667,0.007869983091950417
551,-4.499999999999998,-7.259999999999999,0.9127583333333333,0.0077985553070902824
552,-6.899999999999999,-7.2479999999999976,0.9126000000000001,0.022645946592092514
553,-6.899999999999999,-7.2479999999999976,0.9124416666666667,0.005305439233779907
554,-7.499999999999998,-7.223999999999998,0.9122833333333333,0.012520194053649902
555,-6.299999999999999,-7.199999999999999,0.912125,0.01102699525654316
556,-6.899999999999999,-7.199999999999999,0.9119666666666667,0.02454553171992302
557,-8.7,-7.2239999999999975,0.9118083333333333,0.016610141843557358
558,-8.099999999999998,-7.235999999999998,0.9116500000000001,0.011194437742233276
559,-8.7,-7.271999999999999,0.9114916666666667,0.006602301727980375
560,-6.899999999999999,-7.247999999999998,0.9113333333333333,0.029926065355539322
561,-8.099999999999998,-7.2719999999999985,0.911175,0.009976141154766083
562,-7.499999999999998,-7.247999999999998,0.9110166666666667,0.017318563535809517
563,-8.7,-7.283999999999999,0.9108583333333333,0.07482565939426422
564,-8.099999999999998,-7.283999999999999,0.9107000000000001,0.09421059489250183
565,-8.099999999999998,-7.295999999999999,0.9105416666666667,0.07035436481237411
566,-7.499999999999998,-7.295999999999999,0.9103833333333333,0.03439564257860184
567,-7.499999999999998,-7.307999999999998,0.910225,0.014070674777030945
568,-7.499999999999998,-7.295999999999999,0.9100666666666667,0.025189761072397232
569,-5.699999999999998,-7.259999999999999,0.9099083333333333,0.006058898754417896
570,-6.899999999999999,-7.235999999999998,0.9097500000000001,0.02806033566594124
571,-8.099999999999998,-7.2719999999999985,0.9095916666666667,0.013391613960266113
572,-6.899999999999999,-7.259999999999998,0.9094333333333333,0.017876196652650833
573,-8.099999999999998,-7.247999999999998,0.9092749999999999,0.01223021186888218
574,-7.499999999999998,-7.295999999999999,0.9091166666666667,0.0055505442433059216
575,-8.099999999999998,-7.307999999999998,0.9089583333333333,0.013655378483235836
576,-8.7,-7.451999999999998,0.9088,0.011674894951283932
577,-7.499999999999998,-7.439999999999999,0.9086416666666667,0.00710539985448122
578,-7.499999999999998,-7.427999999999997,0.9084833333333333,0.027035195380449295
579,-8.099999999999998,-7.427999999999998,0.9083249999999999,0.010365818627178669
580,-8.099999999999998,-7.451999999999999,0.9081666666666667,0.01538427546620369
581,-6.899999999999999,-7.451999999999998,0.9080083333333333,0.015339870005846024
582,-8.099999999999998,-7.451999999999998,0.90785,0.015534772537648678
583,-7.499999999999998,-7.439999999999998,0.9076916666666667,0.01771571859717369
584,-6.899999999999999,-7.439999999999998,0.9075333333333334,0.0193855669349432
585,-8.099999999999998,-7.427999999999998,0.9073749999999999,0.03305885195732117
586,-5.699999999999998,-7.3919999999999995,0.9072166666666667,0.00981263630092144
587,-6.299999999999999,-7.391999999999999,0.9070583333333333,0.04778079316020012
588,-5.099999999999998,-7.343999999999999,0.9069,0.009543044492602348
589,-5.699999999999998,-7.295999999999998,0.9067416666666667,0.010192742571234703
590,-6.899999999999999,-7.283999999999997,0.9065833333333333,0.013371661305427551
591,-7.499999999999998,-7.283999999999997,0.9064249999999999,0.013387875631451607
592,-7.499999999999998,-7.271999999999999,0.9062666666666667,0.008415201678872108
593,-7.499999999999998,-7.283999999999999,0.9061083333333333,0.013954371213912964
594,-8.099999999999998,-7.295999999999999,0.90595,0.014541604556143284
595,-5.699999999999998,-7.247999999999998,0.9057916666666667,0.025551127269864082
596,-8.7,-7.259999999999999,0.9056333333333334,0.01269705779850483
597,-8.099999999999998,-7.307999999999998,0.9054749999999999,0.07011010497808456
598,-8.099999999999998,-7.343999999999999,0.9053166666666667,0.024256126955151558
599,-8.7,-7.3679999999999986,0.9051583333333333,0.01068913098424673
600,-8.099999999999998,-7.4159999999999995,0.905,0.019735775887966156
601,-6.299999999999999,-7.451999999999999,0.9048416666666667,0.04108697548508644
602,-8.099999999999998,-7.476,0.9046833333333333,0.015776289626955986
603,-6.299999999999999,-7.463999999999999,0.904525,0.017356092110276222
604,-8.099999999999998,-7.475999999999999,0.9043666666666667,0.034420400857925415
605,-8.7,-7.523999999999998,0.9042083333333334,0.005872450768947601
606,-6.299999999999999,-7.511999999999998,0.90405,0.015148831531405449
607,-8.7,-7.511999999999998,0.9038916666666668,0.02319232188165188
608,-6.299999999999999,-7.475999999999999,0.9037333333333334,0.006511454004794359
609,-7.499999999999998,-7.451999999999999,0.903575,0.04661918804049492
610,-8.7,-7.487999999999999,0.9034166666666666,0.02564767748117447
611,-6.299999999999999,-7.451999999999998,0.9032583333333334,0.0367925688624382
612,-6.299999999999999,-7.428,0.9031,0.016949523240327835
613,-8.099999999999998,-7.4159999999999995,0.9029416666666668,0.015632987022399902
614,-8.099999999999998,-7.4159999999999995,0.9027833333333333,0.03063802793622017
615,-8.099999999999998,-7.4159999999999995,0.902625,0.0203610397875309
616,-8.099999999999998,-7.428,0.9024666666666666,0.018960827961564064
617,-7.499999999999998,-7.428,0.9023083333333334,0.020521555095911026
618,-8.099999999999998,-7.439999999999998,0.90215,0.039030686020851135
619,-8.099999999999998,-7.4879999999999995,0.9019916666666667,0.0099375881254673
620,-6.899999999999999,-7.487999999999999,0.9018333333333334,0.020174119621515274
621,-8.099999999999998,-7.487999999999999,0.901675,0.03917141631245613
622,-7.499999999999998,-7.499999999999999,0.9015166666666666,0.02663879469037056
623,-8.7,-7.511999999999998,0.9013583333333334,0.027627231553196907
624,-5.699999999999998,-7.475999999999998,0.9012,0.01419672742486
625,-7.499999999999998,-7.463999999999998,0.9010416666666667,0.01642429269850254
626,-7.499999999999998,-7.439999999999999,0.9008833333333333,0.020979836583137512
627,-8.099999999999998,-7.451999999999998,0.900725,0.04291806370019913
628,-8.099999999999998,-7.4639999999999995,0.9005666666666666,0.01584799960255623
629,-8.7,-7.475999999999998,0.9004083333333334,0.00857563503086567
630,-8.7,-7.487999999999999,0.90025,0.012166847474873066
631,-6.899999999999999,-7.487999999999997,0.9000916666666667,0.008839449845254421
632,-3.899999999999998,-7.403999999999997,0.8999333333333334,0.03611832857131958
633,-8.099999999999998,-7.415999999999998,0.899775,0.05090209096670151
634,-8.099999999999998,-7.44,0.8996166666666666,0.015480796806514263
635,-6.899999999999999,-7.4159999999999995,0.8994583333333334,0.017102066427469254
636,-6.899999999999999,-7.439999999999998,0.8993,0.018240436911582947
637,-7.499999999999998,-7.463999999999998,0.8991416666666667,0.016213038936257362
638,-7.499999999999998,-7.511999999999998,0.8989833333333332,0.02385055273771286
639,-7.499999999999998,-7.547999999999999,0.898825,0.03667584806680679
640,-8.099999999999998,-7.571999999999998,0.8986666666666666,0.005721422843635082
641,-8.7,-7.595999999999998,0.8985083333333334,0.019666701555252075
642,-6.299999999999999,-7.571999999999998,0.89835,0.015537128783762455
643,-6.899999999999999,-7.559999999999999,0.8981916666666667,0.06637454032897949
644,-3.899999999999998,-7.475999999999996,0.8980333333333334,0.02416788414120674
645,-8.099999999999998,-7.523999999999998,0.897875,0.014388756826519966
646,-6.899999999999999,-7.487999999999999,0.8977166666666666,0.03057350218296051
647,-8.099999999999998,-7.487999999999999,0.8975583333333333,0.013149028643965721
648,-8.099999999999998,-7.4879999999999995,0.8974,0.013365140184760094
649,-8.099999999999998,-7.475999999999999,0.8972416666666667,0.029782451689243317
650,-8.7,-7.487999999999999,0.8970833333333332,0.013856932520866394
651,-6.899999999999999,-7.499999999999997,0.896925,0.010437946766614914
652,-7.499999999999998,-7.487999999999997,0.8967666666666666,0.01877281628549099
653,-7.499999999999998,-7.511999999999998,0.8966083333333333,0.009125730022788048
654,-6.899999999999999,-7.487999999999999,0.89645,0.014463471248745918
655,-6.899999999999999,-7.451999999999998,0.8962916666666667,0.01382687222212553
656,-8.099999999999998,-7.487999999999999,0.8961333333333333,0.015996918082237244
657,-7.499999999999998,-7.463999999999999,0.895975,0.015244088135659695
658,-7.499999999999998,-7.487999999999999,0.8958166666666666,0.011152380146086216
659,-6.899999999999999,-7.475999999999998,0.8956583333333333,0.020964298397302628
660,-5.699999999999998,-7.415999999999998,0.8955,0.03916773945093155
661,-8.099999999999998,-7.451999999999999,0.8953416666666667,0.026057535782456398
662,-5.099999999999998,-7.428,0.8951833333333333,0.015927445143461227
663,-6.899999999999999,-7.403999999999999,0.895025,0.01977437362074852
664,-8.099999999999998,-7.403999999999999,0.8948666666666667,0.01427517645061016
665,-8.099999999999998,-7.403999999999999,0.8947083333333333,0.015983082354068756
666,-6.299999999999999,-7.367999999999999,0.8945500000000001,0.022691192105412483
667,-6.899999999999999,-7.355999999999998,0.8943916666666667,0.016567304730415344
668,-8.099999999999998,-7.355999999999999,0.8942333333333334,0.018587812781333923
669,-7.499999999999998,-7.3439999999999985,0.894075,0.011683259159326553
670,-6.899999999999999,-7.3439999999999985,0.8939166666666667,0.023382272571325302
671,-8.099999999999998,-7.3439999999999985,0.8937583333333333,0.015415394678711891
672,-6.899999999999999,-7.331999999999998,0.8936000000000001,0.03633783012628555
673,-6.899999999999999,-7.295999999999997,0.8934416666666667,0.020700540393590927
674,-6.899999999999999,-7.319999999999998,0.8932833333333334,0.01659451052546501
675,-6.299999999999999,-7.295999999999998,0.893125,0.016725245863199234
676,-7.499999999999998,-7.295999999999998,0.8929666666666667,0.020700350403785706
677,-7.499999999999998,-7.283999999999997,0.8928083333333333,0.021091550588607788
678,-7.499999999999998,-7.2719999999999985,0.89265,0.025794539600610733
679,-7.499999999999998,-7.247999999999998,0.8924916666666667,0.01599164865911007
680,-8.099999999999998,-7.235999999999999,0.8923333333333334,0.039241597056388855
681,-7.499999999999998,-7.247999999999998,0.8921749999999999,0.006394490599632263
682,-7.499999999999998,-7.3199999999999985,0.8920166666666667,0.01638798415660858
683,-6.299999999999999,-7.284,0.8918583333333333,0.012734784744679928
684,-8.099999999999998,-7.284,0.8917,0.017088720574975014
685,-7.499999999999998,-7.295999999999999,0.8915416666666667,0.038575634360313416
686,-8.099999999999998,-7.3199999999999985,0.8913833333333334,0.05330849438905716
687,-8.7,-7.3439999999999985,0.8912249999999999,0.05752979964017868
688,-3.899999999999998,-7.2719999999999985,0.8910666666666667,0.04132399708032608
689,-7.499999999999998,-7.2719999999999985,0.8909083333333333,0.014422393403947353
690,-8.099999999999998,-7.2719999999999985,0.89075,0.013463405892252922
691,-6.899999999999999,-7.235999999999999,0.8905916666666667,0.0174031313508749
692,-6.299999999999999,-7.235999999999998,0.8904333333333334,0.019832968711853027
693,-7.499999999999998,-7.247999999999998,0.8902749999999999,0.01564718224108219
694,-6.899999999999999,-7.307999999999997,0.8901166666666667,0.02010864019393921
695,-6.899999999999999,-7.283999999999997,0.8899583333333333,0.0317811593413353
696,-7.499999999999998,-7.295999999999997,0.8898,0.009151039645075798
697,-4.499999999999998,-7.223999999999998,0.8896416666666667,0.025235868990421295
698,-2.699999999999998,-7.115999999999998,0.8894833333333334,0.01845722086727619
699,-8.7,-7.1279999999999974,0.8893249999999999,0.008410459384322166
700,-7.499999999999998,-7.103999999999997,0.8891666666666667,0.016160883009433746
701,-8.099999999999998,-7.127999999999999,0.8890083333333333,0.014272915199398994
702,-6.899999999999999,-7.115999999999999,0.88885,0.01004026085138321
703,-5.099999999999998,-7.067999999999997,0.8886916666666667,0.01881268620491028
704,-5.099999999999998,-7.031999999999999,0.8885333333333334,0.03182787820696831
705,-7.499999999999998,-7.043999999999999,0.888375,0.019973473623394966
706,-4.499999999999998,-6.971999999999998,0.8882166666666667,0.014556054025888443
707,-8.099999999999998,-6.983999999999998,0.8880583333333333,0.030917368829250336
708,-8.099999999999998,-6.995999999999999,0.8879,0.009912315756082535
709,-7.499999999999998,-7.007999999999999,0.8877416666666667,0.028571803122758865
710,-8.099999999999998,-7.055999999999999,0.8875833333333334,0.005038861185312271
711,-7.499999999999998,-7.043999999999999,0.8874249999999999,0.010343831032514572
712,-8.099999999999998,-7.103999999999998,0.8872666666666666,0.008462764322757721
713,-7.499999999999998,-7.115999999999999,0.8871083333333333,0.03630002960562706
714,-6.299999999999999,-7.079999999999999,0.88695,0.006268749013543129
715,-5.699999999999998,-7.031999999999998,0.8867916666666666,0.005047707352787256
716,-8.099999999999998,-7.067999999999999,0.8866333333333334,0.025430837646126747
717,-6.899999999999999,-7.067999999999999,0.886475,0.010651381686329842
718,-7.499999999999998,-7.055999999999998,0.8863166666666666,0.006072613876312971
719,-7.499999999999998,-7.055999999999998,0.8861583333333333,0.02935967780649662
720,-8.099999999999998,-7.079999999999997,0.886,0.015247258357703686
721,-7.499999999999998,-7.067999999999999,0.8858416666666666,0.015817560255527496
722,-8.099999999999998,-7.091999999999998,0.8856833333333334,0.019643373787403107
723,-8.099999999999998,-7.115999999999999,0.885525,0.01544180791825056
724,-5.099999999999998,-7.079999999999999,0.8853666666666666,0.011330420151352882
725,-8.099999999999998,-7.115999999999999,0.8852083333333334,0.01672956719994545
726,-6.899999999999999,-7.103999999999998,0.88505,0.00512334331870079
727,-7.499999999999998,-7.103999999999997,0.8848916666666667,0.01855117827653885
728,-8.099999999999998,-7.115999999999999,0.8847333333333334,0.007491023745387793
729,-8.099999999999998,-7.127999999999999,0.8845750000000001,0.011845659464597702
730,-6.899999999999999,-7.103999999999998,0.8844166666666666,0.01759616658091545
731,-8.099999999999998,-7.115999999999999,0.8842583333333334,0.023977583274245262
732,-8.099999999999998,-7.127999999999999,0.8841,0.025381604209542274
733,-7.499999999999998,-7.151999999999999,0.8839416666666667,0.00984063372015953
734,-2.699999999999998,-7.043999999999998,0.8837833333333334,0.020169204100966454
735,-6.899999999999999,-7.031999999999998,0.883625,0.013349829241633415
736,-8.7,-7.043999999999998,0.8834666666666666,0.02583450637757778
737,-6.899999999999999,-7.007999999999998,0.8833083333333334,0.01913129910826683
738,-6.899999999999999,-7.067999999999997,0.88315,0.006999931763857603
739,-8.7,-7.091999999999998,0.8829916666666667,0.0183119960129261
740,-7.499999999999998,-7.079999999999999,0.8828333333333334,0.018659088760614395
741,-6.899999999999999,-7.079999999999997,0.8826750000000001,0.01682405173778534
742,-7.499999999999998,-7.103999999999998,0.8825166666666666,0.02153359167277813
743,-5.699999999999998,-7.067999999999999,0.8823583333333334,0.019699817523360252
744,-6.299999999999999,-7.055999999999999,0.8822,0.024626150727272034
745,-4.499999999999998,-7.007999999999998,0.8820416666666667,0.06012478470802307
746,-6.899999999999999,-6.995999999999997,0.8818833333333334,0.055304139852523804
747,-1.4999999999999982,-6.935999999999998,0.881725,0.03532624989748001
748,-8.099999999999998,-7.043999999999999,0.8815666666666666,0.011196237057447433
749,-9.299999999999999,-7.055999999999999,0.8814083333333333,0.010418097488582134
750,-7.499999999999998,-7.055999999999998,0.88125,0.022575728595256805
751,-6.299999999999999,-7.019999999999999,0.8810916666666667,0.010783393867313862
752,-7.499999999999998,-7.031999999999998,0.8809333333333333,0.018597349524497986
753,-7.499999999999998,-7.079999999999997,0.8807750000000001,0.02003389596939087
754,-8.7,-7.151999999999998,0.8806166666666666,0.05290002375841141
755,-7.499999999999998,-7.1519999999999975,0.8804583333333333,0.06304652988910675
756,-3.899999999999998,-7.139999999999998,0.8803,0.0346045196056366
757,-7.499999999999998,-7.127999999999998,0.8801416666666667,0.008933385834097862
758,-6.899999999999999,-7.103999999999998,0.8799833333333333,0.01226650271564722
759,-5.699999999999998,-7.067999999999999,0.879825,0.016699310392141342
760,-6.899999999999999,-7.043999999999998,0.8796666666666666,0.008802015334367752
761,-5.699999999999998,-7.007999999999998,0.8795083333333333,0.04503496736288071
762,-6.299999999999999,-6.971999999999998,0.87935,0.01913601905107498
763,-6.299999999999999,-6.9479999999999995,0.8791916666666667,0.023379046469926834
764,-7.499999999999998,-6.9719999999999995,0.8790333333333333,0.10299801826477051
765,-8.099999999999998,-7.019999999999999,0.8788750000000001,0.012990159913897514
766,-8.099999999999998,-7.02,0.8787166666666666,0.007472362834960222
767,-8.7,-7.055999999999999,0.8785583333333333,0.019632920622825623
768,-6.299999999999999,-7.031999999999998,0.8784,0.023594513535499573
769,-7.499999999999998,-7.031999999999998,0.8782416666666667,0.01300206407904625
770,-6.299999999999999,-6.995999999999998,0.8780833333333333,0.009368134662508965
771,-8.099999999999998,-7.007999999999998,0.877925,0.01733742468059063
772,-6.899999999999999,-6.983999999999998,0.8777666666666666,0.016584940254688263
773,-7.499999999999998,-6.971999999999998,0.8776083333333333,0.013435694389045238
774,-1.4999999999999982,-6.899999999999999,0.87745,0.10062799602746964
775,-7.499999999999998,-6.887999999999998,0.8772916666666667,0.022133389487862587
776,-7.499999999999998,-6.899999999999999,0.8771333333333333,0.010073421522974968
777,-7.499999999999998,-6.899999999999998,0.8769750000000001,0.03234032914042473
778,-6.299999999999999,-6.864,0.8768166666666667,0.00835474207997322
779,-6.899999999999999,-6.839999999999999,0.8766583333333333,0.019131813198328018
780,-8.099999999999998,-6.864,0.8765000000000001,0.052054017782211304
781,-6.899999999999999,-6.839999999999998,0.8763416666666667,0.015738943591713905
782,-8.099999999999998,-6.839999999999999,0.8761833333333334,0.021008726209402084
783,-6.899999999999999,-6.8279999999999985,0.8760249999999999,0.055697400122880936
784,-8.099999999999998,-6.935999999999999,0.8758666666666667,0.027912013232707977
785,-8.099999999999998,-6.96,0.8757083333333333,0.010520778596401215
786,-4.499999999999998,-6.8759999999999994,0.87555,0.016859710216522217
787,-6.299999999999999,-6.863999999999999,0.8753916666666667,0.029870152473449707
788,-7.499999999999998,-6.875999999999998,0.8752333333333334,0.03524862229824066
789,-8.099999999999998,-6.863999999999999,0.875075,0.017409149557352066
790,-5.699999999999998,-6.8279999999999985,0.8749166666666668,0.020035769790410995
791,-5.099999999999998,-6.791999999999998,0.8747583333333333,0.06386569887399673
792,-7.499999999999998,-6.791999999999998,0.8746,0.03703237324953079
793,-4.499999999999998,-6.767999999999998,0.8744416666666667,0.016303669661283493
794,-8.7,-6.815999999999998,0.8742833333333334,0.010643666610121727
795,-5.099999999999998,-6.8279999999999985,0.8741249999999999,0.014928980730473995
796,-5.699999999999998,-6.8039999999999985,0.8739666666666667,0.021607588976621628
797,-8.099999999999998,-6.935999999999998,0.8738083333333333,0.020399168133735657
798,-8.099999999999998,-6.936,0.87365,0.048089802265167236
799,-6.899999999999999,-6.887999999999998,0.8734916666666667,0.00988408550620079
800,-7.499999999999998,-6.887999999999998,0.8733333333333334,0.02545534446835518
801,-7.499999999999998,-6.911999999999998,0.873175,0.016739411279559135
802,-6.299999999999999,-6.887999999999998,0.8730166666666668,0.031295761466026306
803,-6.299999999999999,-6.863999999999999,0.8728583333333333,0.0412205308675766
804,-8.099999999999998,-6.851999999999999,0.8727,0.025791920721530914
805,-8.099999999999998,-6.863999999999999,0.8725416666666667,0.023131493479013443
806,-8.099999999999998,-6.9479999999999995,0.8723833333333334,0.023100126534700394
807,-3.899999999999998,-6.875999999999998,0.8722249999999999,0.04719449579715729
808,-7.499999999999998,-6.887999999999997,0.8720666666666667,0.006744500249624252
809,-8.099999999999998,-6.935999999999999,0.8719083333333333,0.053602926433086395
810,-4.499999999999998,-6.887999999999998,0.87175,0.014122871682047844
811,-6.899999999999999,-6.911999999999998,0.8715916666666667,0.023304563015699387
812,-3.299999999999998,-6.851999999999997,0.8714333333333334,0.05775568634271622
813,-1.4999999999999982,-6.755999999999998,0.871275,0.02952294610440731
814,-7.499999999999998,-6.755999999999999,0.8711166666666668,0.03873693197965622
815,-8.099999999999998,-6.755999999999999,0.8709583333333333,0.012856561690568924
816,-4.499999999999998,-6.683999999999998,0.8708,0.01683228090405464
817,-8.7,-6.6839999999999975,0.8706416666666666,0.017655979841947556
818,-6.299999999999999,-6.683999999999998,0.8704833333333334,0.027454348281025887
819,-6.299999999999999,-6.66,0.8703249999999999,0.023850884288549423
820,-8.099999999999998,-6.696000000000001,0.8701666666666666,0.021491628140211105
821,-7.499999999999998,-6.683999999999998,0.8700083333333333,0.04609121382236481
822,-8.099999999999998,-6.707999999999999,0.86985,0.03595435619354248
823,-5.099999999999998,-6.66,0.8696916666666666,0.03268824890255928
824,-6.899999999999999,-6.767999999999998,0.8695333333333334,0.020439062267541885
825,-8.099999999999998,-6.7799999999999985,0.869375,0.010838882066309452
826,-5.699999999999998,-6.743999999999999,0.8692166666666667,0.12266961485147476
827,-7.499999999999998,-6.743999999999997,0.8690583333333333,0.2026768922805786
828,-6.899999999999999,-6.755999999999997,0.8689,0.03165121003985405
829,-8.7,-6.791999999999997,0.8687416666666666,0.019686715677380562
830,-7.499999999999998,-6.779999999999998,0.8685833333333334,0.02783387154340744
831,-4.499999999999998,-6.731999999999998,0.8684249999999999,0.020215339958667755
832,-5.099999999999998,-6.671999999999998,0.8682666666666666,0.015071563422679901
833,-8.099999999999998,-6.695999999999999,0.8681083333333333,0.03117310255765915
834,-8.099999999999998,-6.695999999999999,0.86795,0.01589971035718918
835,-6.299999999999999,-6.659999999999999,0.8677916666666666,0.02577412873506546
836,-5.099999999999998,-6.671999999999998,0.8676333333333334,0.01826092228293419
837,-8.099999999999998,-6.707999999999998,0.867475,0.03277945891022682
838,-7.499999999999998,-6.707999999999998,0.8673166666666667,0.014800108037889004
839,-7.499999999999998,-6.695999999999998,0.8671583333333334,0.016534501686692238
840,-8.099999999999998,-6.743999999999999,0.867,0.02115568146109581
841,-8.099999999999998,-6.8039999999999985,0.8668416666666667,0.01808616705238819
842,-7.499999999999998,-6.8039999999999985,0.8666833333333334,0.03166099637746811
843,-7.499999999999998,-6.863999999999999,0.866525,0.013183644972741604
844,-7.499999999999998,-6.839999999999999,0.8663666666666666,0.024547740817070007
845,-7.499999999999998,-6.887999999999997,0.8662083333333334,0.020548168569803238
846,-8.099999999999998,-6.935999999999999,0.86605,0.013270840980112553
847,-7.499999999999998,-6.923999999999999,0.8658916666666667,0.046697117388248444
848,-6.899999999999999,-6.899999999999998,0.8657333333333334,0.025067292153835297
849,-7.499999999999998,-6.911999999999998,0.8655750000000001,0.013326638378202915
850,-5.699999999999998,-6.875999999999998,0.8654166666666667,0.017423857003450394
851,-5.699999999999998,-6.839999999999999,0.8652583333333334,0.014408055692911148
852,-5.699999999999998,-6.8279999999999985,0.8651,0.029548587277531624
853,-6.899999999999999,-6.839999999999998,0.8649416666666667,0.03206659108400345
854,-8.7,-6.8519999999999985,0.8647833333333333,0.016460133716464043
855,-8.099999999999998,-6.851999999999999,0.8646250000000001,0.04061577841639519
856,-5.699999999999998,-6.803999999999999,0.8644666666666666,0.03520539402961731
857,-6.899999999999999,-6.863999999999997,0.8643083333333333,0.02457503229379654
858,-6.299999999999999,-6.839999999999999,0.86415,0.0297575481235981
859,-8.099999999999998,-6.839999999999999,0.8639916666666667,0.034503303468227386
860,-8.7,-6.923999999999999,0.8638333333333333,0.03524240478873253
861,-4.499999999999998,-6.875999999999998,0.8636750000000001,0.015637820586562157
862,-5.099999999999998,-6.911999999999998,0.8635166666666667,0.02459917962551117
863,-8.099999999999998,-7.043999999999999,0.8633583333333333,0.03662543743848801
864,-8.7,-7.067999999999999,0.8632,0.029281537979841232
865,-6.899999999999999,-7.043999999999998,0.8630416666666667,0.015839118510484695
866,-6.299999999999999,-7.079999999999997,0.8628833333333333,0.04395286738872528
867,-7.499999999999998,-7.055999999999998,0.8627250000000001,0.012355221435427666
868,-8.099999999999998,-7.092,0.8625666666666666,0.01740272156894207
869,-5.699999999999998,-7.079999999999999,0.8624083333333333,0.02254137396812439
870,-5.699999999999998,-7.031999999999998,0.86225,0.03681325539946556
871,-6.899999999999999,-7.019999999999998,0.8620916666666667,0.03500811755657196
872,-6.299999999999999,-6.983999999999998,0.8619333333333333,0.03366461396217346
873,-6.899999999999999,-7.019999999999999,0.8617750000000001,0.023570165038108826
874,-8.099999999999998,-7.043999999999999,0.8616166666666667,0.026831895112991333
875,-8.099999999999998,-7.044,0.8614583333333333,0.042596276849508286
876,-8.7,-7.103999999999998,0.8613,0.03645125776529312
877,-7.499999999999998,-7.103999999999998,0.8611416666666667,0.04277373105287552
878,-6.299999999999999,-7.092,0.8609833333333333,0.057053737342357635
879,-6.299999999999999,-7.043999999999999,0.8608250000000001,0.01859142817556858
880,-8.099999999999998,-7.055999999999999,0.8606666666666666,0.01975085958838463
881,-7.499999999999998,-7.115999999999999,0.8605083333333333,0.027280448004603386
882,-6.899999999999999,-7.151999999999998,0.86035,0.04259822890162468
883,-7.499999999999998,-7.139999999999998,0.8601916666666667,0.02225036919116974
884,-6.299999999999999,-7.103999999999998,0.8600333333333333,0.014394834637641907
885,-7.499999999999998,-7.127999999999998,0.8598750000000001,0.015536736696958542
886,-8.099999999999998,-7.187999999999999,0.8597166666666667,0.04943602904677391
887,-6.899999999999999,-7.163999999999999,0.8595583333333333,0.014101468026638031
888,-8.099999999999998,-7.175999999999998,0.8593999999999999,0.045989543199539185
889,-7.499999999999998,-7.175999999999999,0.8592416666666667,0.008386597968637943
890,-6.299999999999999,-7.139999999999998,0.8590833333333333,0.04065912961959839
891,-5.699999999999998,-7.091999999999998,0.858925,0.030674241483211517
892,-7.499999999999998,-7.091999999999997,0.8587666666666666,0.040045782923698425
893,-8.099999999999998,-7.103999999999998,0.8586083333333333,0.1241677850484848
894,-8.7,-7.127999999999998,0.8584499999999999,0.012992165051400661
895,-6.899999999999999,-7.115999999999998,0.8582916666666667,0.018417488783597946
896,-7.499999999999998,-7.103999999999998,0.8581333333333333,0.01264842040836811
897,-6.899999999999999,-7.091999999999998,0.857975,0.26871517300605774
898,-7.499999999999998,-7.103999999999998,0.8578166666666667,0.13563863933086395
899,-8.099999999999998,-7.115999999999999,0.8576583333333333,0.017414579167962074
900,-6.299999999999999,-7.127999999999999,0.8575,0.00944005511701107
901,-5.099999999999998,-7.1160000000000005,0.8573416666666667,0.02121288701891899
902,-8.099999999999998,-7.164,0.8571833333333334,0.018353689461946487
903,-6.299999999999999,-7.151999999999999,0.857025,0.020178794860839844
904,-8.7,-7.151999999999998,0.8568666666666667,0.04526625573635101
905,-3.299999999999998,-7.055999999999999,0.8567083333333333,0.03256805241107941
906,-4.499999999999998,-7.031999999999999,0.85655,0.046403683722019196
907,-8.099999999999998,-7.055999999999999,0.8563916666666667,0.08154156804084778
908,-6.899999999999999,-7.067999999999999,0.8562333333333334,0.014280686154961586
909,-5.099999999999998,-7.007999999999998,0.856075,0.016688037663698196
910,-8.099999999999998,-6.995999999999999,0.8559166666666668,0.05495592951774597
911,-7.499999999999998,-7.055999999999999,0.8557583333333334,0.03751290589570999
912,-8.099999999999998,-7.115999999999999,0.8556,0.020606059581041336
913,-3.899999999999998,-7.031999999999998,0.8554416666666667,0.024912789463996887
914,-6.299999999999999,-6.983999999999997,0.8552833333333334,0.00664758263155818
915,-7.499999999999998,-6.995999999999999,0.855125,0.09158037602901459
916,-6.299999999999999,-6.995999999999998,0.8549666666666667,0.06142290681600571
917,-8.7,-7.019999999999999,0.8548083333333333,0.01284845918416977
918,-7.499999999999998,-7.007999999999998,0.85465,0.01579296588897705
919,-8.099999999999998,-7.055999999999999,0.8544916666666666,0.01546145137399435
920,-6.299999999999999,-7.067999999999999,0.8543333333333334,0.020648222416639328
921,-5.699999999999998,-7.043999999999999,0.854175,0.01982966624200344
922,-7.499999999999998,-7.067999999999999,0.8540166666666668,0.019733591005206108
923,-6.299999999999999,-7.055999999999998,0.8538583333333334,0.3099055290222168
924,-3.899999999999998,-6.971999999999998,0.8537,0.016903355717658997
925,-5.699999999999998,-6.923999999999998,0.8535416666666666,0.035399429500103
926,-8.099999999999998,-6.911999999999999,0.8533833333333334,0.13963529467582703
927,-8.099999999999998,-6.923999999999999,0.853225,0.037966594099998474
928,-7.499999999999998,-6.9479999999999995,0.8530666666666666,0.018121404573321342
929,-5.099999999999998,-6.923999999999999,0.8529083333333333,0.011491069570183754
930,-7.499999999999998,-6.911999999999998,0.85275,0.04658714681863785
931,-7.499999999999998,-6.911999999999998,0.8525916666666666,0.05037390813231468
932,-8.099999999999998,-6.935999999999999,0.8524333333333334,0.01799415424466133
933,-8.7,-6.959999999999999,0.852275,0.022531401365995407
934,-6.899999999999999,-6.971999999999997,0.8521166666666667,0.018510401248931885
935,-5.699999999999998,-6.935999999999998,0.8519583333333334,0.02868819609284401
936,-6.299999999999999,-6.899999999999998,0.8518,0.01522729080170393
937,-8.099999999999998,-6.9239999999999995,0.8516416666666666,0.0314050056040287
938,-6.899999999999999,-6.899999999999998,0.8514833333333334,0.0198806282132864
939,-6.899999999999999,-6.887999999999997,0.851325,0.24078424274921417
940,-7.499999999999998,-6.911999999999998,0.8511666666666666,0.012668238952755928
941,-5.699999999999998,-6.911999999999998,0.8510083333333333,0.026240650564432144
942,-6.899999999999999,-6.899999999999998,0.85085,0.021733814850449562
943,-6.899999999999999,-6.875999999999997,0.8506916666666666,0.04852086678147316
944,-7.499999999999998,-6.8519999999999985,0.8505333333333334,0.07619699090719223
945,-6.899999999999999,-6.8519999999999985,0.850375,0.04259314388036728
946,-8.099999999999998,-6.863999999999999,0.8502166666666667,0.033463094383478165
947,-8.7,-6.899999999999999,0.8500583333333334,0.03459351137280464
948,-8.099999999999998,-6.911999999999998,0.8499,0.01820572093129158
949,-8.099999999999998,-6.911999999999999,0.8497416666666666,0.017604287713766098
950,-8.099999999999998,-6.9479999999999995,0.8495833333333334,0.044868189841508865
951,-8.099999999999998,-7.007999999999999,0.849425,0.06635835021734238
952,-7.499999999999998,-6.995999999999999,0.8492666666666666,0.05554768443107605
953,-6.299999999999999,-6.995999999999998,0.8491083333333332,0.023984350264072418
954,-6.899999999999999,-6.959999999999999,0.84895,0.023649338632822037
955,-8.099999999999998,-7.055999999999999,0.8487916666666666,0.041384316980838776
956,-4.499999999999998,-7.055999999999999,0.8486333333333334,0.03228004276752472
957,-8.099999999999998,-7.055999999999999,0.848475,0.02720845676958561
958,-6.899999999999999,-7.055999999999999,0.8483166666666667,0.027293285354971886
959,-6.299999999999999,-7.079999999999999,0.8481583333333333,0.029525449499487877
960,-7.499999999999998,-7.067999999999999,0.848,0.049775175750255585
961,-5.699999999999998,-7.031999999999998,0.8478416666666667,0.036587633192539215
962,-8.099999999999998,-7.031999999999999,0.8476833333333333,0.05164189264178276
963,-7.499999999999998,-7.103999999999998,0.8475250000000001,0.018152503296732903
964,-5.699999999999998,-7.091999999999998,0.8473666666666666,0.03527113050222397
965,-5.099999999999998,-7.043999999999998,0.8472083333333333,0.032061439007520676
966,-8.099999999999998,-7.08,0.84705,0.017903665080666542
967,-8.099999999999998,-7.067999999999999,0.8468916666666667,0.022548075765371323
968,-8.099999999999998,-7.08,0.8467333333333333,0.028562648221850395
969,-7.499999999999998,-7.067999999999999,0.8465750000000001,0.06440938264131546
970,-7.499999999999998,-7.091999999999998,0.8464166666666667,0.020363878458738327
971,-7.499999999999998,-7.1279999999999974,0.8462583333333334,0.013879702426493168
972,-7.499999999999998,-7.1279999999999974,0.8461,0.05204467475414276
973,-8.099999999999998,-7.163999999999999,0.8459416666666667,0.02978011965751648
974,-7.499999999999998,-7.235999999999998,0.8457833333333333,0.00994255393743515
975,-7.499999999999998,-7.2719999999999985,0.8456250000000001,0.05220315605401993
976,-6.899999999999999,-7.2479999999999976,0.8454666666666667,0.00943690538406372
977,-7.499999999999998,-7.235999999999997,0.8453083333333333,0.019098715856671333
978,-6.899999999999999,-7.2239999999999975,0.84515,0.013501159846782684
979,-8.099999999999998,-7.283999999999999,0.8449916666666667,0.04843743145465851
980,-7.499999999999998,-7.283999999999999,0.8448333333333333,0.012106047943234444
981,-7.499999999999998,-7.283999999999999,0.8446750000000001,0.0411730594933033
982,-6.899999999999999,-7.259999999999998,0.8445166666666667,0.019560977816581726
983,-8.099999999999998,-7.247999999999998,0.8443583333333334,0.056455347687006
984,-7.499999999999998,-7.259999999999999,0.8442,0.02879687212407589
985,-8.099999999999998,-7.308,0.8440416666666667,0.0194227397441864
986,-2.099999999999998,-7.223999999999998,0.8438833333333333,0.029607675969600677
987,-6.299999999999999,-7.187999999999999,0.8437250000000001,0.02220601588487625
988,-7.499999999999998,-7.199999999999999,0.8435666666666667,0.08910755068063736
989,-8.099999999999998,-7.223999999999998,0.8434083333333333,0.04309365898370743
990,-6.899999999999999,-7.211999999999998,0.8432499999999999,0.022360121831297874
991,-5.099999999999998,-7.1999999999999975,0.8430916666666667,0.02734922245144844
992,-7.499999999999998,-7.211999999999998,0.8429333333333333,0.055519767105579376
993,-6.899999999999999,-7.211999999999998,0.842775,0.028164885938167572
994,-7.499999999999998,-7.211999999999998,0.8426166666666667,0.03584229201078415
995,-7.499999999999998,-7.223999999999998,0.8424583333333334,0.017227334901690483
996,-6.899999999999999,-7.1999999999999975,0.8422999999999999,0.09638194739818573
997,-6.299999999999999,-7.151999999999998,0.8421416666666667,0.027996573597192764
998,-5.699999999999998,-7.103999999999998,0.8419833333333333,0.07322336733341217
999,-6.899999999999999,-7.079999999999997,0.841825,0.008707530796527863
1000,-4.499999999999998,-7.007999999999997,0.8416666666666667,0.027155306190252304
1001,-8.099999999999998,-7.007999999999998,0.8415083333333333,0.030586903914809227
1002,-6.899999999999999,-6.995999999999999,0.8413499999999999,0.037673220038414
1003,-8.7,-7.043999999999998,0.8411916666666667,0.028391405940055847
1004,-6.899999999999999,-7.043999999999998,0.8410333333333333,0.04861069843173027
1005,-7.499999999999998,-7.031999999999998,0.840875,0.03946486487984657
1006,-6.299999999999999,-7.067999999999999,0.8407166666666667,0.0228634774684906
1007,-8.099999999999998,-7.068,0.8405583333333334,0.04228246957063675
1008,-5.699999999999998,-7.043999999999999,0.8403999999999999,0.018367063254117966
1009,-7.499999999999998,-7.067999999999999,0.8402416666666667,0.049815185368061066
1010,-3.899999999999998,-6.995999999999998,0.8400833333333333,0.07133281230926514
1011,-7.499999999999998,-7.031999999999998,0.839925,0.021665779873728752
1012,-7.499999999999998,-7.019999999999998,0.8397666666666667,0.01816071942448616
1013,-6.899999999999999,-7.007999999999997,0.8396083333333333,0.020725231617689133
1014,-7.499999999999998,-7.043999999999998,0.8394499999999999,0.07049563527107239
1015,-1.4999999999999982,-6.971999999999998,0.8392916666666667,0.044753845781087875
1016,-6.299999999999999,-6.935999999999998,0.8391333333333333,0.04057750850915909
1017,-5.099999999999998,-6.876,0.838975,0.027857979759573936
1018,-6.899999999999999,-6.8519999999999985,0.8388166666666667,0.1404382735490799
1019,-4.499999999999998,-6.791999999999998,0.8386583333333334,0.033036623150110245
1020,-6.899999999999999,-6.779999999999998,0.8385,0.05290431156754494
1021,-8.099999999999998,-6.791999999999998,0.8383416666666667,0.02470201440155506
1022,-7.499999999999998,-6.791999999999998,0.8381833333333334,0.036930665373802185
1023,-6.899999999999999,-6.767999999999998,0.838025,0.09886614233255386
1024,-6.299999999999999,-6.743999999999997,0.8378666666666668,0.018684260547161102
1025,-6.299999999999999,-6.719999999999998,0.8377083333333333,0.0651751235127449
1026,-6.299999999999999,-6.707999999999999,0.83755,0.019295914098620415
1027,-6.899999999999999,-6.695999999999998,0.8373916666666666,0.02170444279909134
1028,-8.099999999999998,-6.719999999999998,0.8372333333333334,0.021760065108537674
1029,-8.099999999999998,-6.719999999999999,0.837075,0.030508970841765404
1030,-6.899999999999999,-6.707999999999998,0.8369166666666668,0.03223158419132233
1031,-8.099999999999998,-6.719999999999998,0.8367583333333334,0.035203348845243454
1032,-8.099999999999998,-6.743999999999999,0.8366000000000001,0.032526932656764984
1033,-6.899999999999999,-6.719999999999999,0.8364416666666666,0.009327072650194168
1034,-5.699999999999998,-6.6839999999999975,0.8362833333333334,0.02566400170326233
1035,-6.299999999999999,-6.647999999999999,0.836125,0.03794263303279877
1036,-8.099999999999998,-6.767999999999998,0.8359666666666667,0.03403340280056
1037,-7.499999999999998,-6.791999999999999,0.8358083333333333,0.03311150521039963
1038,-6.899999999999999,-6.779999999999998,0.83565,0.036704663187265396
1039,-8.099999999999998,-6.7799999999999985,0.8354916666666666,0.11605336517095566
1040,-6.899999999999999,-6.779999999999998,0.8353333333333334,0.08811938762664795
1041,-6.299999999999999,-6.803999999999998,0.835175,0.025223281234502792
1042,-7.499999999999998,-6.8039999999999985,0.8350166666666667,0.07090781629085541
1043,-6.899999999999999,-6.8039999999999985,0.8348583333333334,0.03295192867517471
1044,-7.499999999999998,-6.8039999999999985,0.8347000000000001,0.03639405965805054
1045,-7.499999999999998,-6.8039999999999985,0.8345416666666666,0.025012636557221413
1046,-6.299999999999999,-6.791999999999999,0.8343833333333334,0.0306076779961586
1047,-8.099999999999998,-6.8279999999999985,0.834225,0.020274866372346878
1048,-5.099999999999998,-6.815999999999999,0.8340666666666667,0.027224335819482803
1049,-7.499999999999998,-6.8279999999999985,0.8339083333333333,0.054193317890167236
1050,-7.499999999999998,-6.887999999999997,0.83375,0.022850114852190018
1051,-7.499999999999998,-6.8759999999999994,0.8335916666666666,0.047265902161598206
1052,-6.899999999999999,-6.875999999999998,0.8334333333333334,0.02656795084476471
1053,-5.099999999999998,-6.8039999999999985,0.833275,0.0339391753077507
1054,-7.499999999999998,-6.815999999999998,0.8331166666666667,0.03273199871182442
1055,-6.299999999999999,-6.791999999999999,0.8329583333333334,0.042979009449481964
1056,-5.699999999999998,-6.7799999999999985,0.8328000000000001,0.04655645787715912
1057,-6.299999999999999,-6.743999999999999,0.8326416666666666,0.028374310582876205
1058,-4.499999999999998,-6.719999999999999,0.8324833333333334,0.04505397379398346
1059,-7.499999999999998,-6.719999999999999,0.832325,0.035442955791950226
1060,-6.899999999999999,-6.779999999999998,0.8321666666666667,0.0320139080286026
1061,-6.299999999999999,-6.755999999999998,0.8320083333333332,0.036294978111982346
1062,-7.499999999999998,-6.755999999999998,0.83185,0.051460519433021545
1063,-7.499999999999998,-6.768,0.8316916666666666,0.021348904818296432
1064,-6.899999999999999,-6.755999999999999,0.8315333333333333,0.13945487141609192
1065,-3.899999999999998,-6.803999999999998,0.831375,0.03932895511388779
1066,-8.7,-6.8519999999999985,0.8312166666666667,0.026175973936915398
1067,-6.299999999999999,-6.8759999999999994,0.8310583333333333,0.021888036280870438
1068,-7.499999999999998,-6.888,0.8309000000000001,0.027541544288396835
1069,-6.299999999999999,-6.923999999999999,0.8307416666666666,0.0628746747970581
1070,-7.499999999999998,-6.935999999999999,0.8305833333333333,0.04621003195643425
1071,-5.099999999999998,-6.8759999999999994,0.830425,0.03553568571805954
1072,-7.499999999999998,-6.8759999999999994,0.8302666666666667,0.029895933344960213
1073,-5.699999999999998,-6.8519999999999985,0.8301083333333332,0.029230700805783272
1074,-6.299999999999999,-6.8519999999999985,0.82995,0.05727210268378258
1075,-3.899999999999998,-6.8039999999999985,0.8297916666666666,0.042739931493997574
1076,-7.499999999999998,-6.827999999999998,0.8296333333333333,0.039225611835718155
1077,-7.499999999999998,-6.839999999999999,0.829475,0.028954677283763885
1078,-7.499999999999998,-6.8279999999999985,0.8293166666666667,0.039677463471889496
1079,-6.299999999999999,-6.791999999999999,0.8291583333333333,0.019244961440563202
1080,-7.499999999999998,-6.8039999999999985,0.8290000000000001,0.05408373475074768
1081,-8.099999999999998,-6.803999999999999,0.8288416666666667,0.07513393461704254
1082,-7.499999999999998,-6.791999999999999,0.8286833333333333,0.0391707643866539
1083,-3.899999999999998,-6.731999999999998,0.8285250000000001,0.17724044620990753
1084,-3.299999999999998,-6.6839999999999975,0.8283666666666667,0.10371608287096024
1085,-6.899999999999999,-6.695999999999999,0.8282083333333333,0.11630860716104507
1086,-7.499999999999998,-6.683999999999998,0.82805,0.13149799406528473
1087,-6.299999999999999,-6.659999999999999,0.8278916666666667,0.0446137860417366
1088,-8.099999999999998,-6.684,0.8277333333333333,0.03685297816991806
1089,-6.899999999999999,-6.659999999999999,0.8275750000000001,0.04779740422964096
1090,-7.499999999999998,-6.671999999999998,0.8274166666666667,0.0779714584350586
1091,-8.099999999999998,-6.707999999999999,0.8272583333333334,0.04577860236167908
1092,-8.099999999999998,-6.72,0.8271000000000001,0.023930339142680168
1093,-7.499999999999998,-6.731999999999999,0.8269416666666667,0.05267760530114174
1094,-7.499999999999998,-6.731999999999998,0.8267833333333333,0.01602361351251602
1095,-8.099999999999998,-6.743999999999999,0.826625,0.0247916579246521
1096,-7.499999999999998,-6.768,0.8264666666666667,0.06785768270492554
1097,-2.099999999999998,-6.648,0.8263083333333334,0.02341730147600174
1098,-6.899999999999999,-6.683999999999998,0.8261499999999999,0.059338755905628204
1099,-6.899999999999999,-6.671999999999998,0.8259916666666667,0.04855886474251747
1100,-6.899999999999999,-6.6599999999999975,0.8258333333333333,0.077293261885643
1101,-6.899999999999999,-6.647999999999997,0.825675,0.05426178500056267
1102,-8.099999999999998,-6.671999999999998,0.8255166666666667,0.018988659605383873
1103,-7.499999999999998,-6.719999999999999,0.8253583333333334,0.015749702230095863
1104,-8.099999999999998,-6.731999999999998,0.8252,0.05669824406504631
1105,-6.899999999999999,-6.743999999999999,0.8250416666666667,0.03658076748251915
1106,-6.899999999999999,-6.767999999999997,0.8248833333333333,0.05602981895208359
1107,-5.099999999999998,-6.743999999999999,0.824725,0.022179823368787766
1108,-8.099999999999998,-6.815999999999999,0.8245666666666667,0.013778205960988998
1109,-3.899999999999998,-6.743999999999999,0.8244083333333334,0.019179530441761017
1110,-7.499999999999998,-6.755999999999998,0.8242499999999999,0.06504969298839569
1111,-8.099999999999998,-6.791999999999998,0.8240916666666667,0.025132860988378525
1112,-6.299999999999999,-6.768,0.8239333333333333,0.026532204821705818
1113,-7.499999999999998,-6.767999999999998,0.823775,0.03744256868958473
1114,-5.699999999999998,-6.743999999999997,0.8236166666666667,0.04236581176519394
1115,-5.699999999999998,-6.779999999999998,0.8234583333333334,0.08782181143760681
1116,-7.499999999999998,-6.755999999999998,0.8233,0.030345529317855835
1117,-5.699999999999998,-6.743999999999999,0.8231416666666667,0.06887081265449524
1118,-5.099999999999998,-6.695999999999998,0.8229833333333333,0.09571899473667145
1119,-8.099999999999998,-6.731999999999999,0.822825,0.08642885833978653
1120,-8.099999999999998,-6.743999999999999,0.8226666666666667,0.025256521999835968
1121,-6.299999999999999,-6.768,0.8225083333333334,0.03766442462801933
1122,-7.499999999999998,-6.767999999999998,0.8223499999999999,0.052487678825855255
1123,-6.899999999999999,-6.791999999999998,0.8221916666666667,0.033636242151260376
1124,-6.899999999999999,-6.803999999999997,0.8220333333333333,0.04809261113405228
1125,-8.099999999999998,-6.888,0.821875,0.02675451710820198
1126,-6.899999999999999,-6.8759999999999994,0.8217166666666667,0.0540148988366127
1127,-6.899999999999999,-6.863999999999997,0.8215583333333334,0.03769799321889877
1128,-8.099999999999998,-6.875999999999998,0.8214,0.02639751322567463
1129,-7.499999999999998,-6.9,0.8212416666666666,0.040841467678546906
1130,-6.299999999999999,-6.875999999999998,0.8210833333333333,0.042380236089229584
1131,-7.499999999999998,-6.863999999999999,0.820925,0.051330164074897766
1132,-6.899999999999999,-6.8519999999999985,0.8207666666666666,0.05872693657875061
1133,-4.499999999999998,-6.863999999999999,0.8206083333333334,0.06257636845111847
1134,-8.099999999999998,-6.959999999999999,0.8204499999999999,0.013450076803565025
1135,-6.899999999999999,-6.959999999999997,0.8202916666666666,0.034628354012966156
1136,-6.299999999999999,-6.935999999999998,0.8201333333333333,0.018616648390889168
1137,-6.299999999999999,-6.935999999999999,0.819975,0.03252573311328888
1138,-5.699999999999998,-6.887999999999998,0.8198166666666666,0.04542042687535286
1139,-6.299999999999999,-6.875999999999998,0.8196583333333334,0.02315704897046089
1140,-8.7,-6.899999999999998,0.8195,0.05969574674963951
1141,-6.899999999999999,-6.875999999999998,0.8193416666666666,0.028594229370355606
1142,-7.499999999999998,-6.863999999999997,0.8191833333333334,0.04993824288249016
1143,-6.299999999999999,-6.839999999999999,0.819025,0.0367085225880146
1144,-7.499999999999998,-6.839999999999999,0.8188666666666667,0.033515565097332
1145,-6.899999999999999,-6.815999999999997,0.8187083333333334,0.07760664820671082
1146,-7.499999999999998,-6.815999999999998,0.81855,0.07047951221466064
1147,-6.299999999999999,-6.899999999999999,0.8183916666666666,0.020323265343904495
1148,-4.499999999999998,-6.851999999999999,0.8182333333333334,0.03086188994348049
1149,-6.899999999999999,-6.8519999999999985,0.818075,0.027647381648421288
1150,-5.099999999999998,-6.815999999999999,0.8179166666666667,0.02600010670721531
1151,-5.699999999999998,-6.791999999999999,0.8177583333333334,0.028284810483455658
1152,-6.899999999999999,-6.767999999999998,0.8176000000000001,0.07062967121601105
1153,-5.099999999999998,-6.719999999999998,0.8174416666666666,0.024895522743463516
1154,-6.899999999999999,-6.695999999999999,0.8172833333333334,0.0773712769150734
1155,-7.499999999999998,-6.7079999999999975,0.817125,0.06587572395801544
1156,-8.099999999999998,-6.731999999999999,0.8169666666666667,0.06264333426952362
1157,-6.899999999999999,-6.767999999999998,0.8168083333333334,0.07361812889575958
1158,-6.299999999999999,-6.731999999999999,0.81665,0.07719610631465912
1159,-6.899999999999999,-6.791999999999998,0.8164916666666666,0.08175379037857056
1160,-2.699999999999998,-6.695999999999998,0.8163333333333334,0.024401476606726646
1161,-4.499999999999998,-6.623999999999999,0.816175,0.17053134739398956
1162,-6.899999999999999,-6.635999999999998,0.8160166666666667,0.01730113849043846
1163,-6.299999999999999,-6.611999999999999,0.8158583333333334,0.07362760603427887
1164,-7.499999999999998,-6.647999999999999,0.8157000000000001,0.04604445397853851
1165,-6.899999999999999,-6.671999999999998,0.8155416666666667,0.027762964367866516
1166,-0.8999999999999986,-6.539999999999997,0.8153833333333333,0.04548301175236702
1167,-7.499999999999998,-6.575999999999999,0.815225,0.03400886431336403
1168,-6.899999999999999,-6.611999999999998,0.8150666666666667,0.020477745682001114
1169,-7.499999999999998,-6.599999999999998,0.8149083333333333,0.25912392139434814
1170,-0.8999999999999986,-6.455999999999998,0.81475,0.0438246950507164
1171,-4.499999999999998,-6.419999999999998,0.8145916666666666,0.015169380232691765
1172,-7.499999999999998,-6.419999999999998,0.8144333333333333,0.02491828426718712
1173,-6.899999999999999,-6.419999999999998,0.814275,0.15645132958889008
1174,-8.099999999999998,-6.443999999999999,0.8141166666666667,0.03804957494139671
1175,-8.099999999999998,-6.443999999999999,0.8139583333333333,0.0374813973903656
1176,-7.499999999999998,-6.4559999999999995,0.8138000000000001,0.14165107905864716
1177,-8.7,-6.491999999999998,0.8136416666666667,0.11588476598262787
1178,-7.499999999999998,-6.479999999999999,0.8134833333333333,0.007222171872854233
1179,-8.099999999999998,-6.491999999999998,0.813325,0.06080467253923416
1180,-5.699999999999998,-6.479999999999999,0.8131666666666667,0.12144707143306732
1181,-6.299999999999999,-6.4559999999999995,0.8130083333333333,0.15654639899730682
1182,-6.899999999999999,-6.455999999999998,0.81285,0.03721855580806732
1183,-5.699999999999998,-6.479999999999998,0.8126916666666666,0.11290055513381958
1184,-5.699999999999998,-6.431999999999999,0.8125333333333333,0.12264693528413773
1185,-5.699999999999998,-6.407999999999998,0.812375,0.1039884090423584
1186,-5.699999999999998,-6.395999999999998,0.8122166666666667,0.050788674503564835
1187,-5.699999999999998,-6.383999999999998,0.8120583333333333,0.15623381733894348
1188,-5.699999999999998,-6.383999999999999,0.8119000000000001,0.15043002367019653
1189,-7.499999999999998,-6.407999999999999,0.8117416666666667,0.07259130477905273
1190,-6.299999999999999,-6.3599999999999985,0.8115833333333333,0.08653952181339264
1191,-6.899999999999999,-6.359999999999998,0.811425,0.04130574315786362
1192,-6.299999999999999,-6.335999999999998,0.8112666666666667,0.0336325541138649
1193,-5.099999999999998,-6.311999999999999,0.8111083333333333,0.06710520386695862
1194,-6.899999999999999,-6.299999999999998,0.81095,0.04697496071457863
1195,-8.099999999999998,-6.323999999999999,0.8107916666666666,0.07465244084596634
1196,-6.899999999999999,-6.3119999999999985,0.8106333333333333,0.09197427332401276
1197,-6.299999999999999,-6.3119999999999985,0.810475,0.10028990358114243
1198,-8.099999999999998,-6.3839999999999995,0.8103166666666667,0.08659247308969498
1199,-6.299999999999999,-6.371999999999999,0.8101583333333333,0.030273739248514175
1200,-7.499999999999998,-6.419999999999999,0.81,0.16512122750282288
1201,-6.899999999999999,-6.443999999999999,0.8098416666666667,0.06678425520658493
1202,-6.299999999999999,-6.4319999999999995,0.8096833333333333,0.16427192091941833
1203,-7.499999999999998,-6.479999999999999,0.809525,0.07817006856203079
1204,-6.299999999999999,-6.467999999999998,0.8093666666666667,0.04180488735437393
1205,-8.099999999999998,-6.48,0.8092083333333334,0.11456841230392456
1206,-7.499999999999998,-6.468,0.8090499999999999,0.11734026670455933
1207,-8.7,-6.503999999999998,0.8088916666666667,0.15386445820331573
1208,-7.499999999999998,-6.527999999999999,0.8087333333333333,0.04227379709482193
1209,-6.899999999999999,-6.527999999999999,0.808575,0.12911748886108398
1210,-7.499999999999998,-6.623999999999999,0.8084166666666667,0.029289288446307182
1211,-5.099999999999998,-6.635999999999999,0.8082583333333334,0.11494795233011246
1212,-6.899999999999999,-6.635999999999999,0.8081,0.026666224002838135
1213,-6.299999999999999,-6.635999999999998,0.8079416666666668,0.03554382175207138
1214,-8.099999999999998,-6.648,0.8077833333333333,0.06049950793385506
1215,-6.299999999999999,-6.635999999999999,0.807625,0.06607814133167267
1216,-6.299999999999999,-6.743999999999999,0.8074666666666667,0.05469520390033722
1217,-6.299999999999999,-6.719999999999999,0.8073083333333334,0.06805894523859024
1218,-8.7,-6.755999999999999,0.8071499999999999,0.03500012680888176
1219,-3.899999999999998,-6.6839999999999975,0.8069916666666667,0.14139296114444733
1220,-4.499999999999998,-6.755999999999998,0.8068333333333333,0.04022454470396042
1221,-8.099999999999998,-6.8279999999999985,0.806675,0.12762507796287537
1222,-6.899999999999999,-6.815999999999999,0.8065166666666667,0.03944442421197891
1223,-5.099999999999998,-6.779999999999998,0.8063583333333334,0.02958821877837181
1224,-8.7,-6.791999999999999,0.8062,0.1497684121131897
1225,-2.099999999999998,-6.672,0.8060416666666668,0.07843753695487976
1226,-4.499999999999998,-6.611999999999999,0.8058833333333333,0.08125375211238861
1227,-4.499999999999998,-6.527999999999999,0.805725,0.03517335653305054
1228,-8.099999999999998,-6.539999999999999,0.8055666666666667,0.014399809762835503
1229,-7.499999999999998,-6.528,0.8054083333333334,0.041830625385046005
1230,-8.7,-6.587999999999998,0.80525,0.09359831362962723
1231,-7.499999999999998,-6.611999999999998,0.8050916666666666,0.05508934706449509
1232,-8.099999999999998,-6.635999999999999,0.8049333333333333,0.027520745992660522
1233,-6.899999999999999,-6.6599999999999975,0.804775,0.022522155195474625
1234,-6.299999999999999,-6.671999999999998,0.8046166666666666,0.016494492068886757
1235,-6.299999999999999,-6.683999999999998,0.8044583333333334,0.0343310721218586
1236,-7.499999999999998,-6.719999999999999,0.8043,0.020647699013352394
1237,-7.499999999999998,-6.755999999999999,0.8041416666666668,0.04791892319917679
1238,-6.899999999999999,-6.779999999999998,0.8039833333333333,0.025652579963207245
1239,-8.099999999999998,-6.791999999999998,0.803825,0.06279802322387695
1240,-3.899999999999998,-6.743999999999999,0.8036666666666666,0.05086122080683708
1241,-5.699999999999998,-6.719999999999998,0.8035083333333334,0.19387365877628326
1242,-8.7,-6.767999999999997,0.80335,0.07391493767499924
1243,-8.099999999999998,-6.8279999999999985,0.8031916666666666,0.21883684396743774
1244,-8.099999999999998,-6.851999999999999,0.8030333333333333,0.1801479309797287
1245,-8.099999999999998,-6.851999999999999,0.802875,0.04328930750489235
1246,-7.499999999999998,-6.863999999999999,0.8027166666666666,0.07883541285991669
1247,-6.899999999999999,-6.8759999999999994,0.8025583333333334,0.0536184087395668
1248,-6.899999999999999,-6.8519999999999985,0.8024,0.11703342199325562
1249,-6.299999999999999,-6.851999999999999,0.8022416666666667,0.05175136402249336
1250,-8.099999999999998,-6.864,0.8020833333333333,0.05083853378891945
1251,-8.099999999999998,-6.888,0.801925,0.13686016201972961
1252,-8.099999999999998,-6.923999999999999,0.8017666666666666,0.050045788288116455
1253,-3.899999999999998,-6.851999999999999,0.8016083333333334,0.06747546792030334
1254,-5.099999999999998,-6.827999999999998,0.80145,0.03318265825510025
1255,-4.499999999999998,-6.755999999999999,0.8012916666666666,0.0776822417974472
1256,-6.899999999999999,-6.743999999999997,0.8011333333333333,0.05016421526670456
1257,-6.899999999999999,-6.7079999999999975,0.800975,0.03151244297623634
1258,-7.499999999999998,-6.7079999999999975,0.8008166666666666,0.1783411055803299
1259,-5.699999999999998,-6.6839999999999975,0.8006583333333334,0.08703312277793884
1260,-5.699999999999998,-6.647999999999999,0.8005,0.1849987506866455
1261,-8.7,-6.719999999999998,0.8003416666666667,0.06005058437585831
1262,-7.499999999999998,-6.731999999999998,0.8001833333333334,0.09732122719287872
1263,-6.299999999999999,-6.731999999999998,0.800025,0.07575670629739761
1264,-7.499999999999998,-6.719999999999999,0.7998666666666667,0.033650316298007965
1265,-5.099999999999998,-6.695999999999999,0.7997083333333334,0.02671239897608757
1266,-7.499999999999998,-6.719999999999999,0.7995500000000001,0.11392121016979218
1267,-2.699999999999998,-6.647999999999997,0.7993916666666666,0.03993591293692589
1268,-6.899999999999999,-6.611999999999997,0.7992333333333334,0.07397615909576416
1269,-5.099999999999998,-6.635999999999998,0.799075,0.1048387885093689
1270,-6.899999999999999,-6.683999999999998,0.7989166666666667,0.07131709158420563
1271,-6.299999999999999,-6.647999999999997,0.7987583333333333,0.2039758861064911
1272,-7.499999999999998,-6.659999999999999,0.7986000000000001,0.08134524524211884
1273,-5.099999999999998,-6.6599999999999975,0.7984416666666667,0.13098515570163727
1274,-5.699999999999998,-6.599999999999999,0.7982833333333333,0.09623926132917404
1275,-6.899999999999999,-6.695999999999997,0.798125,0.08306765556335449
1276,-2.699999999999998,-6.6599999999999975,0.7979666666666667,0.04397589713335037
1277,-8.7,-6.743999999999999,0.7978083333333333,0.04101590812206268
1278,-0.8999999999999986,-6.599999999999998,0.7976500000000001,0.26053494215011597
1279,-6.299999999999999,-6.575999999999998,0.7974916666666666,0.08668532967567444
1280,-7.499999999999998,-6.552,0.7973333333333333,0.07160549610853195
1281,-7.499999999999998,-6.551999999999998,0.797175,0.16799931228160858
1282,-5.699999999999998,-6.503999999999999,0.7970166666666667,0.0660686120390892
1283,-7.499999999999998,-6.515999999999998,0.7968583333333333,0.028040874749422073
1284,-6.299999999999999,-6.515999999999999,0.7967000000000001,0.021844906732439995
1285,-4.499999999999998,-6.479999999999999,0.7965416666666667,0.12960600852966309
1286,-6.899999999999999,-6.467999999999998,0.7963833333333334,0.06820207089185715
1287,-6.899999999999999,-6.455999999999997,0.796225,0.13649705052375793
1288,-7.499999999999998,-6.467999999999998,0.7960666666666667,0.08818311989307404
1289,-6.299999999999999,-6.4319999999999995,0.7959083333333333,0.30304986238479614
1290,-7.499999999999998,-6.503999999999999,0.7957500000000001,0.031917255371809006
1291,-4.499999999999998,-6.479999999999998,0.7955916666666666,0.599456787109375
1292,-5.699999999999998,-6.419999999999999,0.7954333333333333,0.14886067807674408
1293,-7.499999999999998,-6.407999999999999,0.795275,0.10768286138772964
1294,-6.299999999999999,-6.371999999999999,0.7951166666666667,0.41930174827575684
1295,-8.099999999999998,-6.371999999999999,0.7949583333333333,0.07061503827571869
1296,-8.099999999999998,-6.3839999999999995,0.7948000000000001,0.03234667703509331
1297,-6.299999999999999,-6.371999999999999,0.7946416666666667,0.2188880741596222
1298,-6.299999999999999,-6.3599999999999985,0.7944833333333334,0.24024024605751038
1299,-5.699999999999998,-6.347999999999997,0.794325,0.05901654437184334
1300,-8.099999999999998,-6.347999999999998,0.7941666666666667,0.3866170048713684
1301,-6.299999999999999,-6.311999999999999,0.7940083333333333,0.13774290680885315
1302,-8.099999999999998,-6.311999999999999,0.7938500000000001,0.165194571018219
