episode,return,moving_return,epsilon,loss
1,-8.7,-8.7,0.9995250000000001,
2,-5.699999999999998,-7.199999999999999,0.99905,
3,-7.499999999999998,-7.3,0.9985750000000001,
4,-8.099999999999998,-7.499999999999999,0.9981,
5,-7.499999999999998,-7.499999999999998,0.9976250000000001,
6,-6.299999999999999,-7.299999999999998,0.99715,
7,-8.099999999999998,-7.414285714285713,0.9966750000000001,
8,-8.099999999999998,-7.499999999999998,0.9962,
9,-8.7,-7.633333333333332,0.9957250000000001,
10,-6.299999999999999,-7.499999999999998,0.99525,
11,-8.099999999999998,-7.554545454545453,0.9947750000000001,
12,-7.499999999999998,-7.549999999999998,0.9943,
13,-6.899999999999999,-7.499999999999998,0.9938250000000001,
14,-8.099999999999998,-7.54285714285714,0.99335,
15,-6.299999999999999,-7.459999999999997,0.9928750000000001,
16,-8.7,-7.537499999999998,0.9924,
17,-8.099999999999998,-7.570588235294116,0.9919250000000001,
18,-8.099999999999998,-7.599999999999998,0.9914499999999999,
19,-6.899999999999999,-7.56315789473684,0.990975,
20,-6.299999999999999,-7.499999999999998,0.9905,76.06098175048828
21,-7.499999999999998,-7.499999999999998,0.990025,41.9008903503418
22,-7.499999999999998,-7.499999999999999,0.98955,119.64918518066406
23,-8.099999999999998,-7.526086956521738,0.989075,47.693519592285156
24,-6.299999999999999,-7.474999999999999,0.9886,47.351417541503906
25,-5.699999999999998,-7.403999999999999,0.988125,19.995941162109375
26,-3.899999999999998,-7.269230769230768,0.98765,37.770790100097656
27,-7.499999999999998,-7.277777777777777,0.987175,70.19505310058594
28,-8.7,-7.328571428571427,0.9867,77.95564270019531
29,-8.099999999999998,-7.355172413793102,0.986225,81.79025268554688
30,-8.099999999999998,-7.379999999999998,0.98575,6.938272953033447
31,-8.099999999999998,-7.403225806451611,0.985275,73.59329986572266
32,-7.499999999999998,-7.406249999999998,0.9848,44.68925476074219
33,-8.7,-7.4454545454545435,0.984325,90.31465911865234
34,-7.499999999999998,-7.44705882352941,0.98385,52.31517028808594
35,-7.499999999999998,-7.448571428571427,0.983375,4.86424446105957
36,-8.099999999999998,-7.466666666666665,0.9829,62.884395599365234
37,-7.499999999999998,-7.467567567567566,0.982425,2.802722454071045
38,-6.899999999999999,-7.452631578947367,0.98195,1.5203022956848145
39,-5.699999999999998,-7.407692307692305,0.981475,1.4327369928359985
40,-8.099999999999998,-7.424999999999997,0.981,0.8624659776687622
41,-7.499999999999998,-7.42682926829268,0.9805250000000001,0.7329583168029785
42,-6.299999999999999,-7.399999999999998,0.98005,0.7654294371604919
43,-6.899999999999999,-7.388372093023253,0.9795750000000001,0.2623636722564697
44,-7.499999999999998,-7.390909090909088,0.9791,0.3213769495487213
45,-7.499999999999998,-7.393333333333331,0.9786250000000001,0.16100198030471802
46,-6.299999999999999,-7.369565217391302,0.97815,0.4606893062591553
47,-6.299999999999999,-7.346808510638295,0.9776750000000001,0.18442782759666443
48,-7.499999999999998,-7.349999999999999,0.9772,0.5421699285507202
49,-7.499999999999998,-7.353061224489795,0.9767250000000001,0.14933395385742188
50,-4.499999999999998,-7.295999999999999,0.97625,0.4538551867008209
51,-8.099999999999998,-7.283999999999999,0.9757750000000001,0.5873957276344299
52,-7.499999999999998,-7.3199999999999985,0.9753,0.6858706474304199
53,-8.7,-7.343999999999998,0.974825,0.47154760360717773
54,-8.099999999999998,-7.343999999999999,0.9743499999999999,0.5417936444282532
55,-8.099999999999998,-7.355999999999999,0.973875,0.2962936758995056
56,-8.099999999999998,-7.3919999999999995,0.9733999999999999,0.33287984132766724
57,-9.299999999999999,-7.4159999999999995,0.972925,0.6479616165161133
58,-8.099999999999998,-7.4159999999999995,0.9724499999999999,1.948056697845459
59,-8.099999999999998,-7.403999999999999,0.971975,0.5324403047561646
60,-8.099999999999998,-7.44,0.9715,1.3851327896118164
61,-5.699999999999998,-7.3919999999999995,0.971025,0.8530783653259277
62,-7.499999999999998,-7.391999999999999,0.97055,1.0056883096694946
63,-8.099999999999998,-7.4159999999999995,0.970075,0.18461154401302338
64,-8.099999999999998,-7.4159999999999995,0.9696,0.39521241188049316
65,-8.099999999999998,-7.451999999999999,0.969125,0.8714488744735718
66,-5.699999999999998,-7.3919999999999995,0.96865,0.9547228813171387
67,-8.099999999999998,-7.3919999999999995,0.968175,0.2722979187965393
68,-8.7,-7.403999999999999,0.9677,0.9761258363723755
69,-7.499999999999998,-7.415999999999998,0.967225,0.5599123239517212
70,-8.7,-7.463999999999998,0.96675,0.5326442122459412
71,-8.099999999999998,-7.475999999999999,0.966275,1.1392968893051147
72,-6.899999999999999,-7.463999999999999,0.9658,1.2707903385162354
73,-8.099999999999998,-7.463999999999999,0.965325,0.4614199697971344
74,-7.499999999999998,-7.4879999999999995,0.96485,0.2668130099773407
75,-8.099999999999998,-7.535999999999999,0.964375,0.5911384224891663
76,-7.499999999999998,-7.608,0.9639,0.18943269550800323
77,-7.499999999999998,-7.607999999999999,0.963425,0.48043298721313477
78,-8.7,-7.607999999999999,0.96295,0.5039116144180298
79,-8.099999999999998,-7.607999999999999,0.962475,0.6876349449157715
80,-6.899999999999999,-7.583999999999999,0.962,0.5364282131195068
81,-8.7,-7.595999999999998,0.9615250000000001,1.038585901260376
82,-6.899999999999999,-7.583999999999998,0.96105,0.6730785369873047
83,-7.499999999999998,-7.559999999999998,0.9605750000000001,0.19941675662994385
84,-8.099999999999998,-7.571999999999998,0.9601,0.1932557076215744
85,-8.7,-7.595999999999999,0.9596250000000001,0.2812471389770508
86,-7.499999999999998,-7.583999999999999,0.95915,0.7481298446655273
87,-6.899999999999999,-7.571999999999998,0.958675,0.7086378931999207
88,-7.499999999999998,-7.583999999999999,0.9581999999999999,0.8282983899116516
89,-8.099999999999998,-7.632,0.957725,0.17970196902751923
90,-8.7,-7.644,0.9572499999999999,0.5986557602882385
91,-6.299999999999999,-7.619999999999997,0.956775,0.7601112127304077
92,-8.099999999999998,-7.655999999999999,0.9562999999999999,0.5959042310714722
93,-6.299999999999999,-7.644,0.955825,0.43621310591697693
94,-8.099999999999998,-7.655999999999999,0.9553499999999999,0.23485016822814941
95,-8.7,-7.679999999999999,0.954875,0.5197639465332031
96,-8.099999999999998,-7.7159999999999975,0.9543999999999999,0.7307670712471008
97,-4.499999999999998,-7.679999999999999,0.953925,0.7586348056793213
98,-8.099999999999998,-7.691999999999998,0.9534499999999999,0.5732600688934326
99,-9.299999999999999,-7.727999999999998,0.952975,1.2479736804962158
100,-8.099999999999998,-7.799999999999999,0.9525,0.41698938608169556
101,-8.7,-7.8119999999999985,0.952025,0.3940178155899048
102,-6.899999999999999,-7.799999999999998,0.95155,0.5868200659751892
103,-6.299999999999999,-7.751999999999998,0.951075,0.7892553806304932
104,-6.299999999999999,-7.715999999999999,0.9506,0.9065325260162354
105,-8.099999999999998,-7.7159999999999975,0.950125,0.9486696720123291
106,-8.099999999999998,-7.715999999999999,0.94965,0.6656703948974609
107,-7.499999999999998,-7.679999999999998,0.949175,0.7855165600776672
108,-8.099999999999998,-7.679999999999999,0.9487,0.3310534358024597
109,-5.699999999999998,-7.631999999999998,0.948225,0.3829308748245239
110,-8.7,-7.6439999999999975,0.94775,0.22571758925914764
111,-6.899999999999999,-7.6679999999999975,0.947275,0.5807982087135315
112,-8.099999999999998,-7.679999999999998,0.9468,0.256322979927063
113,-7.499999999999998,-7.667999999999999,0.946325,0.20462562143802643
114,-8.7,-7.679999999999998,0.94585,0.35164180397987366
115,-8.099999999999998,-7.679999999999999,0.945375,0.6193076372146606
116,-7.499999999999998,-7.715999999999999,0.9449,1.620469093322754
117,-8.099999999999998,-7.715999999999999,0.944425,0.81345534324646
118,-6.899999999999999,-7.679999999999998,0.9439500000000001,0.5414918661117554
119,-6.899999999999999,-7.6679999999999975,0.943475,0.287345826625824
120,-6.299999999999999,-7.619999999999999,0.943,1.244016408920288
121,-8.7,-7.631999999999998,0.9425250000000001,0.7272382378578186
122,-8.099999999999998,-7.655999999999998,0.94205,0.693710446357727
123,-7.499999999999998,-7.643999999999998,0.941575,0.790448009967804
124,-6.899999999999999,-7.631999999999998,0.9410999999999999,0.9743640422821045
125,-8.7,-7.6439999999999975,0.940625,0.807341992855072
126,-8.099999999999998,-7.655999999999998,0.94015,0.2707456946372986
127,-6.299999999999999,-7.632,0.939675,0.5818240642547607
128,-8.7,-7.631999999999998,0.9391999999999999,0.7563611268997192
129,-8.099999999999998,-7.632,0.938725,0.43541616201400757
130,-8.7,-7.667999999999998,0.93825,0.2290988266468048
131,-8.099999999999998,-7.655999999999998,0.937775,0.8455143570899963
132,-8.7,-7.691999999999998,0.9372999999999999,0.927685558795929
133,-7.499999999999998,-7.691999999999997,0.936825,0.5460624694824219
134,-7.499999999999998,-7.679999999999998,0.93635,0.1891825944185257
135,-8.099999999999998,-7.667999999999999,0.935875,0.6807252168655396
136,-8.099999999999998,-7.68,0.9353999999999999,0.9593340754508972
137,-7.499999999999998,-7.691999999999998,0.934925,0.28297239542007446
138,-7.499999999999998,-7.691999999999998,0.93445,0.5986430644989014
139,-9.299999999999999,-7.7159999999999975,0.933975,0.7790403366088867
140,-7.499999999999998,-7.691999999999999,0.9335,0.1660139560699463
141,-8.099999999999998,-7.727999999999998,0.933025,0.9673963785171509
142,-8.7,-7.739999999999998,0.9325500000000001,0.6471314430236816
143,-8.099999999999998,-7.775999999999998,0.932075,0.5239543914794922
144,-8.099999999999998,-7.775999999999999,0.9316000000000001,0.5665276050567627
145,-8.7,-7.775999999999998,0.931125,0.4630281329154968
146,-8.7,-7.787999999999998,0.9306500000000001,0.7536367177963257
147,-8.7,-7.871999999999998,0.930175,1.0614843368530273
148,-7.499999999999998,-7.8599999999999985,0.9297000000000001,0.8550039529800415
149,-7.499999999999998,-7.823999999999999,0.929225,0.6989048719406128
150,-8.7,-7.835999999999998,0.9287500000000001,0.8821603655815125
151,-7.499999999999998,-7.8119999999999985,0.928275,0.23768945038318634
152,-8.099999999999998,-7.835999999999999,0.9278000000000001,0.78072190284729
153,-7.499999999999998,-7.86,0.927325,0.8704853653907776
154,-8.7,-7.907999999999999,0.9268500000000001,0.643164873123169
155,-6.899999999999999,-7.883999999999998,0.926375,0.8562242984771729
156,-8.099999999999998,-7.883999999999999,0.9259000000000001,0.8236957788467407
157,-8.099999999999998,-7.895999999999999,0.9254249999999999,0.5486621856689453
158,-8.099999999999998,-7.895999999999999,0.92495,0.20825979113578796
159,-7.499999999999998,-7.931999999999999,0.9244749999999999,0.28842177987098694
160,-6.899999999999999,-7.895999999999998,0.924,0.23099707067012787
161,-7.499999999999998,-7.907999999999998,0.923525,0.3753073811531067
162,-7.499999999999998,-7.895999999999999,0.92305,0.42726677656173706
163,-5.699999999999998,-7.859999999999998,0.922575,1.099761724472046
164,-8.099999999999998,-7.847999999999998,0.9221,0.9353824853897095
165,-8.099999999999998,-7.848,0.921625,0.7434073686599731
166,-8.099999999999998,-7.86,0.92115,0.6408959031105042
167,-6.899999999999999,-7.835999999999999,0.920675,0.5107656717300415
168,-8.7,-7.871999999999997,0.9202,0.33555668592453003
169,-8.099999999999998,-7.895999999999998,0.919725,0.5524715185165405
170,-7.499999999999998,-7.92,0.91925,0.9349913597106934
171,-8.099999999999998,-7.9079999999999995,0.918775,1.120391845703125
172,-7.499999999999998,-7.895999999999999,0.9183,0.5117522478103638
173,-8.7,-7.919999999999999,0.917825,0.6192003488540649
174,-7.499999999999998,-7.9319999999999995,0.91735,0.7220140099525452
175,-5.699999999999998,-7.871999999999998,0.916875,0.4265536665916443
176,-8.099999999999998,-7.871999999999999,0.9164,0.7643601894378662
177,-6.899999999999999,-7.883999999999999,0.915925,0.6037201881408691
178,-8.7,-7.883999999999999,0.91545,0.9048235416412354
179,-8.7,-7.895999999999998,0.914975,0.9109160900115967
180,-7.499999999999998,-7.871999999999998,0.9145,0.4325506091117859
181,-8.099999999999998,-7.871999999999999,0.914025,0.7161591649055481
182,-8.7,-7.871999999999999,0.9135500000000001,0.30647119879722595
183,-8.099999999999998,-7.883999999999999,0.913075,0.32489368319511414
184,-8.7,-7.907999999999999,0.9126000000000001,0.477447509765625
185,-8.099999999999998,-7.9079999999999995,0.912125,0.9861561059951782
186,-8.099999999999998,-7.9079999999999995,0.9116500000000001,0.8115833401679993
187,-8.7,-7.931999999999999,0.911175,0.2241220474243164
188,-8.099999999999998,-7.943999999999999,0.9107000000000001,0.9272685050964355
189,-8.099999999999998,-7.92,0.910225,0.8387743234634399
190,-8.7,-7.943999999999999,0.9097500000000001,0.5267680883407593
191,-8.099999999999998,-7.943999999999999,0.9092749999999999,0.4825463593006134
192,-8.099999999999998,-7.9319999999999995,0.9088,0.5902498364448547
193,-8.7,-7.943999999999999,0.9083249999999999,0.8223413228988647
194,-6.299999999999999,-7.907999999999999,0.90785,0.3596002161502838
195,-8.099999999999998,-7.896,0.9073749999999999,0.8908936381340027
196,-8.099999999999998,-7.883999999999999,0.9069,1.061572790145874
197,-5.099999999999998,-7.811999999999999,0.9064249999999999,0.9282313585281372
198,-5.099999999999998,-7.7639999999999985,0.90595,0.5035269856452942
199,-8.7,-7.7879999999999985,0.9054749999999999,1.167330265045166
200,-5.099999999999998,-7.7159999999999975,0.905,1.0581684112548828
201,-6.899999999999999,-7.703999999999999,0.904525,0.748185932636261
202,-8.099999999999998,-7.703999999999999,0.90405,0.8339180946350098
203,-8.099999999999998,-7.715999999999999,0.903575,0.3704647421836853
204,-6.899999999999999,-7.679999999999998,0.9031,0.6882815361022949
205,-8.7,-7.7159999999999975,0.902625,0.7665843963623047
206,-8.7,-7.727999999999997,0.90215,0.6094186305999756
207,-8.7,-7.7399999999999975,0.901675,0.8629696369171143
208,-8.7,-7.751999999999998,0.9012,0.4235936403274536
209,-8.099999999999998,-7.7639999999999985,0.900725,0.2584702968597412
210,-7.499999999999998,-7.775999999999999,0.90025,0.8846645951271057
211,-8.099999999999998,-7.787999999999999,0.899775,0.7149338126182556
212,-8.099999999999998,-7.8,0.8993,0.6167420148849487
213,-8.7,-7.8599999999999985,0.898825,0.8262751698493958
214,-8.7,-7.871999999999998,0.89835,0.3979363441467285
215,-8.099999999999998,-7.871999999999999,0.897875,1.0852471590042114
216,-8.099999999999998,-7.871999999999999,0.8974,0.7684915661811829
217,-8.099999999999998,-7.895999999999999,0.896925,0.4021531343460083
218,-8.099999999999998,-7.883999999999999,0.89645,0.8594464659690857
219,-8.7,-7.895999999999998,0.895975,1.0515315532684326
220,-7.499999999999998,-7.895999999999998,0.8955,1.3403539657592773
221,-6.899999999999999,-7.871999999999998,0.895025,0.49333640933036804
222,-8.099999999999998,-7.883999999999998,0.8945500000000001,0.3938092589378357
223,-8.7,-7.883999999999998,0.894075,0.4654217064380646
224,-8.099999999999998,-7.895999999999998,0.8936000000000001,0.3771022856235504
225,-7.499999999999998,-7.931999999999999,0.893125,0.44208648800849915
226,-8.099999999999998,-7.931999999999999,0.89265,0.7458081245422363
227,-8.7,-7.967999999999998,0.8921749999999999,1.5735273361206055
228,-8.099999999999998,-7.955999999999998,0.8917,0.5036054849624634
229,-7.499999999999998,-7.931999999999999,0.8912249999999999,0.51139235496521
230,-8.099999999999998,-7.943999999999999,0.89075,0.5976802110671997
231,-8.099999999999998,-7.944,0.8902749999999999,0.3352015018463135
232,-8.099999999999998,-7.9319999999999995,0.8898,0.3949121832847595
233,-8.7,-7.943999999999999,0.8893249999999999,0.7604161500930786
234,-8.099999999999998,-7.931999999999999,0.88885,0.4369710683822632
235,-7.499999999999998,-7.919999999999999,0.888375,0.5725389122962952
236,-8.099999999999998,-7.919999999999999,0.8879,0.43694716691970825
237,-8.099999999999998,-7.9079999999999995,0.8874249999999999,0.4934821128845215
238,-8.099999999999998,-7.907999999999999,0.88695,0.8102930188179016
239,-8.099999999999998,-7.907999999999999,0.886475,0.7098692655563354
240,-8.7,-7.907999999999999,0.886,0.677103579044342
241,-6.899999999999999,-7.883999999999998,0.885525,0.6271944642066956
242,-8.099999999999998,-7.883999999999998,0.88505,0.4259367287158966
243,-7.499999999999998,-7.8599999999999985,0.8845750000000001,0.5246561765670776
244,-8.099999999999998,-7.895999999999999,0.8841,0.33301565051078796
245,-7.499999999999998,-7.883999999999999,0.883625,0.5064637064933777
246,-8.7,-7.895999999999998,0.88315,0.6567560434341431
247,-8.099999999999998,-7.9559999999999995,0.8826750000000001,0.6834688186645508
248,-8.099999999999998,-8.015999999999998,0.8822,0.7720367908477783
249,-7.499999999999998,-7.991999999999998,0.881725,0.3691317141056061
250,-8.7,-8.063999999999998,0.88125,0.4387226104736328
251,-8.099999999999998,-8.088,0.8807750000000001,0.550453782081604
252,-5.699999999999998,-8.04,0.8803,0.34741148352622986
253,-8.099999999999998,-8.04,0.879825,0.5746423006057739
254,-8.099999999999998,-8.063999999999998,0.87935,0.7071306705474854
255,-8.099999999999998,-8.052,0.8788750000000001,0.34022337198257446
256,-8.099999999999998,-8.04,0.8784,0.29604804515838623
257,-8.099999999999998,-8.027999999999999,0.877925,0.7208284139633179
258,-8.099999999999998,-8.015999999999998,0.87745,0.5261571407318115
259,-8.099999999999998,-8.015999999999998,0.8769750000000001,0.39764273166656494
260,-8.7,-8.04,0.8765000000000001,0.829340934753418
261,-8.099999999999998,-8.04,0.8760249999999999,0.47517597675323486
262,-7.499999999999998,-8.027999999999999,0.87555,0.7026367783546448
263,-8.099999999999998,-8.015999999999998,0.875075,0.5490057468414307
264,-6.899999999999999,-7.979999999999999,0.8746,0.5360942482948303
265,-8.099999999999998,-7.979999999999998,0.8741249999999999,0.4647967517375946
266,-7.499999999999998,-7.968,0.87365,0.5239916443824768
267,-7.499999999999998,-7.9559999999999995,0.873175,0.5973710417747498
268,-8.099999999999998,-7.9559999999999995,0.8727,0.5503562688827515
269,-8.7,-7.955999999999998,0.8722249999999999,0.9353524446487427
270,-8.099999999999998,-7.967999999999998,0.87175,0.43168771266937256
271,-6.899999999999999,-7.967999999999998,0.871275,0.5660926699638367
272,-8.7,-7.979999999999998,0.8708,0.46617358922958374
273,-8.099999999999998,-7.967999999999998,0.8703249999999999,0.3914989233016968
274,-8.7,-7.979999999999999,0.86985,1.0310397148132324
275,-8.7,-8.003999999999998,0.869375,0.6371627449989319
276,-8.099999999999998,-8.003999999999998,0.8689,0.4351298213005066
277,-8.099999999999998,-7.991999999999999,0.8684249999999999,0.5838285684585571
278,-8.099999999999998,-7.991999999999999,0.86795,0.2590370774269104
279,-8.7,-8.015999999999998,0.867475,0.4681648910045624
280,-8.099999999999998,-8.015999999999998,0.867,0.4460780918598175
281,-8.7,-8.027999999999999,0.866525,0.4246762692928314
282,-8.099999999999998,-8.027999999999999,0.86605,0.31493741273880005
283,-8.7,-8.027999999999999,0.8655750000000001,0.46549877524375916
284,-8.099999999999998,-8.027999999999999,0.8651,0.5099765658378601
285,-8.7,-8.051999999999998,0.8646250000000001,0.511215090751648
286,-7.499999999999998,-8.039999999999997,0.86415,0.5806466937065125
287,-8.099999999999998,-8.04,0.8636750000000001,0.5697004795074463
288,-7.499999999999998,-8.027999999999999,0.8632,0.404482364654541
289,-8.099999999999998,-8.027999999999999,0.8627250000000001,0.43114176392555237
290,-7.499999999999998,-8.003999999999998,0.86225,0.41822728514671326
291,-8.099999999999998,-8.027999999999999,0.8617750000000001,0.8145565986633301
292,-7.499999999999998,-8.015999999999998,0.8613,0.38916081190109253
293,-9.299999999999999,-8.051999999999998,0.8608250000000001,0.5575374364852905
294,-6.299999999999999,-8.015999999999998,0.86035,1.0668748617172241
295,-7.499999999999998,-8.015999999999998,0.8598750000000001,0.30527663230895996
296,-8.7,-8.015999999999998,0.8593999999999999,0.5531467795372009
297,-8.7,-8.027999999999997,0.858925,0.4444291591644287
298,-8.099999999999998,-8.027999999999999,0.8584499999999999,0.4031364917755127
299,-7.499999999999998,-8.027999999999999,0.857975,0.33258068561553955
300,-8.7,-8.027999999999999,0.8575,0.5281903743743896
301,-7.499999999999998,-8.015999999999998,0.857025,0.3107067942619324
302,-5.699999999999998,-8.015999999999998,0.85655,0.5031089782714844
303,-8.7,-8.027999999999997,0.856075,0.4133474826812744
304,-8.7,-8.039999999999997,0.8556,0.35351669788360596
305,-8.099999999999998,-8.04,0.855125,0.23391065001487732
306,-8.7,-8.052,0.85465,0.41468292474746704
307,-8.7,-8.063999999999998,0.854175,0.21271750330924988
308,-8.7,-8.075999999999999,0.8537,0.6031471490859985
309,-6.899999999999999,-8.051999999999998,0.853225,0.8068925142288208
310,-7.499999999999998,-8.027999999999997,0.85275,0.32523494958877563
311,-7.499999999999998,-8.015999999999998,0.852275,0.3349737524986267
312,-7.499999999999998,-8.015999999999998,0.8518,0.30408111214637756
313,-8.7,-8.027999999999999,0.851325,0.3075026571750641
314,-6.899999999999999,-8.027999999999999,0.85085,0.4065967798233032
315,-8.099999999999998,-8.027999999999999,0.850375,0.49210745096206665
316,-7.499999999999998,-8.027999999999999,0.8499,0.28520938754081726
317,-8.099999999999998,-8.04,0.849425,0.19267015159130096
318,-8.7,-8.052,0.84895,0.2683701813220978
319,-6.899999999999999,-8.015999999999998,0.848475,0.2069752812385559
320,-8.7,-8.027999999999999,0.848,0.4041229486465454
321,-7.499999999999998,-8.04,0.8475250000000001,0.41508084535598755
322,-8.7,-8.04,0.84705,0.38505011796951294
323,-8.099999999999998,-8.04,0.8465750000000001,0.397824764251709
324,-8.099999999999998,-8.027999999999999,0.8461,0.3973052501678467
325,-8.099999999999998,-8.016,0.8456250000000001,0.3062216341495514
326,-8.7,-8.027999999999999,0.84515,0.35864537954330444
327,-8.099999999999998,-8.027999999999999,0.8446750000000001,0.3707972764968872
328,-8.099999999999998,-8.027999999999999,0.8442,0.3445570468902588
329,-8.7,-8.027999999999999,0.8437250000000001,0.36358538269996643
330,-8.099999999999998,-8.027999999999999,0.8432499999999999,0.28900080919265747
331,-8.7,-8.027999999999999,0.842775,0.19338399171829224
332,-6.299999999999999,-7.991999999999998,0.8422999999999999,0.4808618426322937
333,-8.099999999999998,-7.979999999999999,0.841825,0.2361062616109848
334,-8.7,-7.991999999999999,0.8413499999999999,0.22316499054431915
335,-8.099999999999998,-7.979999999999999,0.840875,0.2731528878211975
336,-8.7,-8.003999999999998,0.8403999999999999,0.2770744860172272
337,-7.499999999999998,-7.991999999999997,0.839925,0.45859968662261963
338,-8.099999999999998,-8.003999999999998,0.8394499999999999,0.15315362811088562
339,-8.7,-8.015999999999998,0.838975,0.31777864694595337
340,-8.7,-8.039999999999997,0.8385,0.2687609791755676
341,-8.099999999999998,-8.039999999999997,0.838025,0.19891804456710815
342,-7.499999999999998,-8.04,0.83755,0.20467787981033325
343,-8.099999999999998,-8.015999999999998,0.837075,0.25552913546562195
344,-8.099999999999998,-8.052,0.8366000000000001,0.23210392892360687
345,-7.499999999999998,-8.051999999999998,0.836125,0.45837172865867615
346,-8.099999999999998,-8.04,0.83565,0.1762014925479889
347,-8.7,-8.04,0.835175,0.2842591404914856
348,-8.099999999999998,-8.04,0.8347000000000001,0.19853971898555756
349,-7.499999999999998,-8.04,0.834225,0.16104234755039215
350,-9.299999999999999,-8.052,0.83375,0.1534072756767273
351,-8.7,-8.075999999999999,0.833275,0.2007623016834259
352,-7.499999999999998,-8.111999999999998,0.8328000000000001,0.18239375948905945
353,-8.7,-8.112,0.832325,0.16489076614379883
354,-7.499999999999998,-8.088,0.83185,0.23477360606193542
355,-6.299999999999999,-8.052,0.831375,0.24316620826721191
356,-8.099999999999998,-8.04,0.8309000000000001,0.23659753799438477
357,-8.099999999999998,-8.027999999999999,0.830425,0.1861603856086731
358,-8.099999999999998,-8.016,0.82995,0.2582477331161499
359,-8.099999999999998,-8.04,0.829475,0.24164901673793793
360,-8.099999999999998,-8.052,0.8290000000000001,0.271402508020401
361,-7.499999999999998,-8.052,0.8285250000000001,0.107208251953125
362,-7.499999999999998,-8.051999999999998,0.82805,0.12604501843452454
363,-8.7,-8.051999999999998,0.8275750000000001,0.1369982808828354
364,-8.7,-8.087999999999997,0.8271000000000001,0.4057299494743347
365,-8.7,-8.099999999999998,0.826625,0.304623007774353
366,-7.499999999999998,-8.099999999999998,0.8261499999999999,0.2224472016096115
367,-8.099999999999998,-8.1,0.825675,0.2868863344192505
368,-8.099999999999998,-8.088,0.8252,0.20693443715572357
369,-8.099999999999998,-8.112,0.824725,0.25150084495544434
370,-8.099999999999998,-8.1,0.8242499999999999,0.24239957332611084
371,-8.099999999999998,-8.112,0.823775,0.09838569909334183
372,-8.099999999999998,-8.1,0.8233,0.15893062949180603
373,-8.099999999999998,-8.1,0.822825,0.13427723944187164
374,-7.499999999999998,-8.088,0.8223499999999999,0.18358758091926575
375,-8.7,-8.1,0.821875,0.27278339862823486
376,-8.7,-8.099999999999998,0.8214,0.09566465020179749
377,-9.299999999999999,-8.123999999999999,0.820925,0.15809708833694458
378,-8.7,-8.136,0.8204499999999999,0.1920676976442337
379,-8.7,-8.136,0.819975,0.12381461262702942
380,-8.7,-8.147999999999998,0.8195,0.21577516198158264
381,-8.7,-8.147999999999998,0.819025,0.40447312593460083
382,-8.099999999999998,-8.184,0.81855,0.0851438045501709
383,-8.099999999999998,-8.184,0.818075,0.1711808145046234
384,-8.7,-8.184,0.8176000000000001,0.23464378714561462
385,-7.499999999999998,-8.171999999999999,0.817125,0.12135529518127441
386,-8.7,-8.171999999999999,0.81665,0.09760497510433197
387,-8.7,-8.195999999999998,0.816175,0.10273709893226624
388,-8.7,-8.207999999999997,0.8157000000000001,0.16989733278751373
389,-8.7,-8.207999999999997,0.815225,0.09553474187850952
390,-8.099999999999998,-8.195999999999998,0.81475,0.12297111749649048
391,-7.499999999999998,-8.184,0.814275,0.11816489696502686
392,-7.499999999999998,-8.184,0.8138000000000001,0.12726455926895142
393,-8.7,-8.195999999999998,0.813325,0.057024672627449036
394,-8.099999999999998,-8.196,0.81285,0.11909428983926773
395,-8.7,-8.219999999999999,0.812375,0.13134735822677612
396,-7.499999999999998,-8.207999999999998,0.8119000000000001,0.09325065463781357
397,-8.099999999999998,-8.196,0.811425,0.16605275869369507
398,-8.099999999999998,-8.196,0.81095,0.2253008782863617
399,-8.099999999999998,-8.208,0.810475,0.09164628386497498
400,-8.099999999999998,-8.184,0.81,0.09425202012062073
401,-8.7,-8.184,0.809525,0.1357240378856659
402,-8.7,-8.207999999999998,0.8090499999999999,0.08133610337972641
403,-8.099999999999998,-8.196,0.808575,0.12227845191955566
404,-7.499999999999998,-8.196,0.8081,0.1151420921087265
405,-8.7,-8.243999999999998,0.807625,0.12720811367034912
406,-8.099999999999998,-8.244,0.8071499999999999,0.08715882897377014
407,-8.099999999999998,-8.244,0.806675,0.07389914989471436
408,-8.099999999999998,-8.244,0.8062,0.10836642235517502
409,-8.7,-8.255999999999998,0.805725,0.22700047492980957
410,-8.7,-8.267999999999999,0.80525,0.08693432062864304
411,-7.499999999999998,-8.267999999999999,0.804775,0.12437853217124939
412,-8.7,-8.291999999999998,0.8043,0.1685408055782318
413,-8.099999999999998,-8.28,0.803825,0.0883801206946373
414,-8.7,-8.28,0.80335,0.13328440487384796
415,-8.7,-8.279999999999998,0.802875,0.07508894801139832
416,-7.499999999999998,-8.28,0.8024,0.053014110773801804
417,-8.099999999999998,-8.28,0.801925,0.12160290777683258
418,-8.099999999999998,-8.28,0.80145,0.23648425936698914
419,-8.099999999999998,-8.28,0.800975,0.1993088573217392
420,-6.899999999999999,-8.255999999999998,0.8005,0.08068007230758667
421,-7.499999999999998,-8.243999999999998,0.800025,0.11351445317268372
422,-8.7,-8.255999999999998,0.7995500000000001,0.1460026353597641
423,-8.7,-8.267999999999999,0.799075,0.08966711163520813
424,-5.699999999999998,-8.231999999999998,0.7986000000000001,0.05999340862035751
425,-7.499999999999998,-8.207999999999998,0.798125,0.18131527304649353
426,-9.299999999999999,-8.219999999999999,0.7976500000000001,0.06108129769563675
427,-9.299999999999999,-8.219999999999999,0.797175,0.2478596717119217
428,-8.7,-8.219999999999999,0.7967000000000001,0.10336748510599136
429,-8.099999999999998,-8.207999999999998,0.796225,0.05703514814376831
430,-6.299999999999999,-8.159999999999998,0.7957500000000001,0.10742412507534027
431,-7.499999999999998,-8.135999999999997,0.795275,0.1160963773727417
432,-8.7,-8.147999999999998,0.7948000000000001,0.17594720423221588
433,-9.299999999999999,-8.171999999999999,0.794325,0.07979464530944824
434,-8.7,-8.171999999999999,0.7938500000000001,0.11370431631803513
435,-8.099999999999998,-8.184,0.7933749999999999,0.06710484623908997
436,-8.7,-8.184,0.7929,0.06899318099021912
437,-8.099999999999998,-8.171999999999999,0.7924249999999999,0.183818981051445
438,-9.299999999999999,-8.184,0.79195,0.09600057452917099
439,-8.7,-8.184,0.7914749999999999,0.1319696307182312
440,-8.099999999999998,-8.184,0.791,0.13794256746768951
441,-8.099999999999998,-8.196,0.790525,0.17574015259742737
442,-6.299999999999999,-8.171999999999999,0.79005,0.142295703291893
443,-7.499999999999998,-8.147999999999998,0.789575,0.07360604405403137
444,-8.7,-8.159999999999998,0.7891,0.09198972582817078
445,-8.099999999999998,-8.147999999999998,0.788625,0.1347099393606186
446,-7.499999999999998,-8.148,0.78815,0.11483905464410782
447,-7.499999999999998,-8.136,0.787675,0.07274433970451355
448,-9.299999999999999,-8.159999999999998,0.7872,0.10364195704460144
449,-8.099999999999998,-8.159999999999998,0.786725,0.1364956647157669
450,-7.499999999999998,-8.148,0.78625,0.15383732318878174
451,-8.7,-8.147999999999998,0.785775,0.06484615802764893
452,-7.499999999999998,-8.123999999999997,0.7853,0.11177048087120056
453,-6.899999999999999,-8.099999999999998,0.784825,0.09121211618185043
454,-8.099999999999998,-8.111999999999998,0.78435,0.0691453143954277
455,-8.7,-8.112,0.783875,0.0754423514008522
456,-7.499999999999998,-8.099999999999998,0.7834,0.07157005369663239
457,-8.7,-8.111999999999998,0.782925,0.08172169327735901
458,-7.499999999999998,-8.1,0.78245,0.2140975296497345
459,-8.7,-8.1,0.781975,0.08149577677249908
460,-7.499999999999998,-8.075999999999999,0.7815,0.045022767037153244
461,-6.299999999999999,-8.052,0.781025,0.09360744804143906
462,-5.699999999999998,-7.991999999999998,0.7805500000000001,0.09021605551242828
463,-8.099999999999998,-7.991999999999999,0.780075,0.08162243664264679
464,-8.7,-7.991999999999999,0.7796000000000001,0.0957513153553009
465,-8.7,-7.991999999999998,0.779125,0.10802777111530304
466,-5.099999999999998,-7.943999999999999,0.7786500000000001,0.059041716158390045
467,-7.499999999999998,-7.9319999999999995,0.778175,0.053086645901203156
468,-8.7,-7.943999999999997,0.7777000000000001,0.09028550237417221
469,-7.499999999999998,-7.931999999999999,0.777225,0.11721715331077576
470,-8.099999999999998,-7.9559999999999995,0.77675,0.1738908290863037
471,-8.099999999999998,-7.968,0.7762749999999999,0.17149414122104645
472,-7.499999999999998,-7.943999999999999,0.7758,0.15262338519096375
473,-8.099999999999998,-7.931999999999999,0.775325,0.07322444021701813
474,-8.099999999999998,-7.98,0.77485,0.06248632073402405
475,-6.899999999999999,-7.967999999999998,0.7743749999999999,0.08018353581428528
476,-7.499999999999998,-7.931999999999999,0.7739,0.07880297303199768
477,-8.099999999999998,-7.9079999999999995,0.773425,0.19397729635238647
478,-7.499999999999998,-7.883999999999999,0.77295,0.09437698870897293
479,-4.499999999999998,-7.8119999999999985,0.7724749999999999,0.1341521441936493
480,-6.899999999999999,-7.823999999999999,0.772,0.1295068860054016
481,-7.499999999999998,-7.823999999999999,0.771525,0.10950484871864319
482,-7.499999999999998,-7.799999999999999,0.77105,0.06847142428159714
483,-3.899999999999998,-7.691999999999998,0.770575,0.11499133706092834
484,-6.899999999999999,-7.655999999999999,0.7701,0.06424932181835175
485,-6.299999999999999,-7.619999999999999,0.7696250000000001,0.12152911722660065
486,-5.699999999999998,-7.559999999999998,0.76915,0.11204210668802261
487,-5.099999999999998,-7.499999999999999,0.768675,0.08937101811170578
488,-8.099999999999998,-7.475999999999999,0.7682,0.05667771026492119
489,-8.7,-7.475999999999998,0.7677250000000001,0.05285545065999031
490,-6.899999999999999,-7.451999999999997,0.76725,0.13129809498786926
491,-6.899999999999999,-7.427999999999997,0.766775,0.07714037597179413
492,-8.7,-7.475999999999998,0.7663,0.08583025634288788
493,-8.099999999999998,-7.487999999999999,0.7658250000000001,0.10245197266340256
494,-8.7,-7.487999999999999,0.76535,0.07587014138698578
495,-9.299999999999999,-7.511999999999998,0.764875,0.06166284531354904
496,-5.099999999999998,-7.4639999999999995,0.7644,0.055022623389959335
497,-6.299999999999999,-7.439999999999999,0.7639250000000001,0.06807257980108261
498,-8.099999999999998,-7.415999999999998,0.76345,0.16326957941055298
499,-8.7,-7.427999999999998,0.762975,0.06085282936692238
500,-7.499999999999998,-7.427999999999998,0.7625,0.2291502207517624
501,-7.499999999999998,-7.403999999999999,0.7620250000000001,0.046713460236787796
502,-7.499999999999998,-7.403999999999999,0.7615500000000001,0.1538141667842865
503,-6.299999999999999,-7.391999999999999,0.761075,0.08941493928432465
504,-6.899999999999999,-7.3679999999999986,0.7606,0.14674004912376404
505,-6.899999999999999,-7.331999999999998,0.760125,0.08070199936628342
506,-8.7,-7.355999999999998,0.75965,0.06273622065782547
507,-2.699999999999998,-7.235999999999999,0.7591749999999999,0.14107480645179749
508,-3.899999999999998,-7.163999999999999,0.7587,0.15028177201747894
509,-0.29999999999999893,-6.995999999999998,0.758225,0.2188885509967804
510,-2.099999999999998,-6.888,0.75775,0.1282261610031128
511,-6.899999999999999,-6.899999999999998,0.7572749999999999,0.06857113540172577
512,-8.7,-6.959999999999999,0.7568,0.06967249512672424
513,-5.699999999999998,-6.911999999999998,0.756325,0.13599586486816406
514,-6.299999999999999,-6.863999999999999,0.75585,0.09267568588256836
515,-8.7,-6.863999999999999,0.7553749999999999,0.10075709223747253
516,-6.299999999999999,-6.887999999999998,0.7549,0.09187199175357819
517,-6.899999999999999,-6.875999999999998,0.754425,0.08713450282812119
518,-6.299999999999999,-6.8279999999999985,0.75395,0.10197274386882782
519,-8.099999999999998,-6.839999999999999,0.753475,0.13299883902072906
520,-6.299999999999999,-6.803999999999999,0.753,0.14527560770511627
521,-8.099999999999998,-6.8039999999999985,0.7525250000000001,0.15438967943191528
522,-8.7,-6.8279999999999985,0.75205,0.06984975934028625
523,-8.7,-6.839999999999998,0.751575,0.03871477395296097
524,-8.7,-6.8519999999999985,0.7511,0.1353522539138794
525,-6.899999999999999,-6.851999999999997,0.7506250000000001,0.09479435533285141
526,-5.699999999999998,-6.815999999999997,0.75015,0.08422405272722244
527,-5.699999999999998,-6.767999999999997,0.749675,0.10509563982486725
528,-6.299999999999999,-6.743999999999999,0.7492,0.08331404626369476
529,-7.499999999999998,-6.803999999999998,0.7487250000000001,0.08652115613222122
530,-7.499999999999998,-6.815999999999998,0.74825,0.10785897076129913
531,-6.899999999999999,-6.8039999999999985,0.747775,0.08246637135744095
532,-5.099999999999998,-6.755999999999999,0.7473,0.06781641393899918
533,-8.099999999999998,-6.84,0.7468250000000001,0.0637161135673523
534,-8.099999999999998,-6.863999999999999,0.74635,0.12560909986495972
535,-8.099999999999998,-6.9,0.745875,0.10612773150205612
536,-5.699999999999998,-6.899999999999999,0.7454,0.15748047828674316
537,-7.499999999999998,-6.947999999999999,0.7449250000000001,0.06469167768955231
538,-6.299999999999999,-6.911999999999999,0.74445,0.07789456099271774
539,-5.699999999999998,-6.8519999999999985,0.7439749999999999,0.05647923797369003
540,-8.7,-6.887999999999997,0.7435,0.13956379890441895
541,-8.099999999999998,-6.911999999999998,0.743025,0.10639901459217072
542,-8.099999999999998,-6.899999999999999,0.74255,0.1264268159866333
543,-7.499999999999998,-6.887999999999998,0.7420749999999999,0.16203784942626953
544,-6.299999999999999,-6.839999999999998,0.7416,0.11204984039068222
545,-6.299999999999999,-6.779999999999998,0.741125,0.09154961258172989
546,-6.899999999999999,-6.815999999999998,0.74065,0.15667593479156494
547,-6.299999999999999,-6.815999999999998,0.7401749999999999,0.05794016644358635
548,-7.499999999999998,-6.803999999999998,0.7397,0.18846425414085388
549,-7.499999999999998,-6.779999999999998,0.739225,0.10633507370948792
550,-7.499999999999998,-6.7799999999999985,0.73875,0.05518287792801857
551,-6.299999999999999,-6.755999999999999,0.7382749999999999,0.14157333970069885
552,-8.099999999999998,-6.767999999999998,0.7378,0.05788104236125946
553,-8.099999999999998,-6.803999999999999,0.737325,0.07887520641088486
554,-6.299999999999999,-6.791999999999999,0.73685,0.08737950026988983
555,-6.899999999999999,-6.791999999999998,0.7363749999999999,0.08512355387210846
556,-7.499999999999998,-6.767999999999997,0.7359,0.04036903381347656
557,-2.699999999999998,-6.767999999999998,0.735425,0.1387963742017746
558,-5.699999999999998,-6.8039999999999985,0.73495,0.0920681431889534
559,-2.699999999999998,-6.8519999999999985,0.734475,0.09356710314750671
560,-8.099999999999998,-6.9719999999999995,0.734,0.08686863631010056
561,-7.499999999999998,-6.983999999999998,0.7335250000000001,0.07662488520145416
562,-8.099999999999998,-6.971999999999998,0.73305,0.11753962934017181
563,-6.899999999999999,-6.995999999999998,0.7325750000000001,0.0775909349322319
564,-9.299999999999999,-7.055999999999998,0.7321,0.08877936005592346
565,-8.099999999999998,-7.043999999999999,0.7316250000000001,0.09926439076662064
566,-2.099999999999998,-6.959999999999997,0.7311500000000001,0.10561543703079224
567,-8.099999999999998,-6.983999999999998,0.7306750000000001,0.049479588866233826
568,-8.099999999999998,-7.019999999999999,0.7302,0.13346177339553833
569,-7.499999999999998,-7.007999999999998,0.7297250000000001,0.08236106485128403
570,-5.099999999999998,-6.983999999999998,0.7292500000000001,0.12971025705337524
571,-6.299999999999999,-6.9479999999999995,0.7287750000000001,0.10400506854057312
572,-8.099999999999998,-6.935999999999999,0.7283,0.1531866490840912
573,-7.499999999999998,-6.911999999999999,0.727825,0.08975774794816971
574,-6.899999999999999,-6.875999999999998,0.72735,0.1117003858089447
575,-6.299999999999999,-6.863999999999999,0.726875,0.06345783174037933
576,-6.299999999999999,-6.8759999999999994,0.7263999999999999,0.06638626754283905
577,-8.7,-6.935999999999999,0.725925,0.07211755961179733
578,-8.099999999999998,-6.971999999999998,0.72545,0.17788520455360413
579,-6.899999999999999,-6.959999999999999,0.724975,0.09315252304077148
580,-7.499999999999998,-6.959999999999997,0.7245,0.1543557345867157
581,-8.7,-6.995999999999998,0.724025,0.07271110266447067
582,-5.099999999999998,-6.995999999999998,0.7235500000000001,0.09816643595695496
583,-7.499999999999998,-6.983999999999998,0.723075,0.14069396257400513
584,-8.7,-6.995999999999998,0.7226,0.07865914702415466
585,-6.299999999999999,-6.959999999999999,0.722125,0.10191355645656586
586,-8.7,-7.019999999999999,0.7216500000000001,0.09033332765102386
587,-7.499999999999998,-7.019999999999999,0.721175,0.09182820469141006
588,-6.299999999999999,-7.019999999999999,0.7207,0.0675218254327774
589,-8.7,-7.079999999999997,0.720225,0.0531776025891304
590,-8.7,-7.079999999999997,0.7197500000000001,0.047950468957424164
591,-6.299999999999999,-7.043999999999999,0.719275,0.07109186053276062
592,0.9000000000000004,-6.863999999999999,0.7188,0.10056418180465698
593,-8.099999999999998,-6.8759999999999994,0.718325,0.1217379942536354
594,-5.699999999999998,-6.863999999999999,0.7178500000000001,0.2828143537044525
595,-8.7,-6.911999999999998,0.717375,0.06722657382488251
596,-6.899999999999999,-6.911999999999997,0.7169,0.10847035050392151
597,-6.899999999999999,-6.923999999999998,0.716425,0.13439443707466125
598,-3.899999999999998,-6.851999999999997,0.7159500000000001,0.06616291403770447
599,-7.499999999999998,-6.8519999999999985,0.715475,0.04020894318819046
600,-8.099999999999998,-6.863999999999999,0.715,0.06938806176185608
601,-6.299999999999999,-6.863999999999999,0.7145250000000001,0.07211630046367645
602,-8.7,-6.875999999999998,0.7140500000000001,0.14538247883319855
603,-5.099999999999998,-6.815999999999998,0.7135750000000001,0.0768032893538475
604,-8.099999999999998,-6.851999999999999,0.7131,0.05063088610768318
605,-8.099999999999998,-6.8759999999999994,0.7126250000000001,0.04364202171564102
606,-5.699999999999998,-6.839999999999999,0.7121500000000001,0.10327225178480148
607,-6.299999999999999,-6.911999999999998,0.7116750000000001,0.07294203341007233
608,-8.7,-6.971999999999998,0.7111999999999999,0.1176157146692276
609,-8.7,-7.091999999999998,0.710725,0.13175137341022491
610,-8.099999999999998,-7.092,0.71025,0.14894744753837585
611,-6.299999999999999,-7.068,0.709775,0.03702159598469734
612,-8.7,-7.079999999999999,0.7092999999999999,0.0823916643857956
613,-8.7,-7.115999999999999,0.708825,0.10941459238529205
614,-8.7,-7.103999999999998,0.70835,0.1311369687318802
615,-7.499999999999998,-7.092,0.707875,0.12369799613952637
616,-6.299999999999999,-7.175999999999999,0.7073999999999999,0.0918179303407669
617,-6.899999999999999,-7.151999999999999,0.706925,0.07766373455524445
618,-7.499999999999998,-7.139999999999999,0.70645,0.07039198279380798
619,-7.499999999999998,-7.139999999999999,0.705975,0.10124368965625763
620,-6.899999999999999,-7.175999999999999,0.7055,0.06217309832572937
621,-5.099999999999998,-7.151999999999998,0.705025,0.05290740728378296
622,-6.899999999999999,-7.127999999999999,0.7045500000000001,0.04454418644309044
623,-5.699999999999998,-7.091999999999998,0.704075,0.07654982805252075
624,-8.7,-7.127999999999998,0.7036,0.08605049550533295
625,-6.899999999999999,-7.139999999999999,0.703125,0.09358679503202438
626,-2.099999999999998,-7.055999999999999,0.7026500000000001,0.18642385303974152
627,-6.899999999999999,-7.019999999999999,0.702175,0.05203888565301895
628,-6.899999999999999,-6.995999999999998,0.7017,0.10608410835266113
629,-6.299999999999999,-6.983999999999998,0.701225,0.0791839063167572
630,-8.099999999999998,-6.996,0.7007500000000001,0.046566642820835114
631,-6.299999999999999,-6.947999999999999,0.700275,0.08486991375684738
632,-8.7,-7.019999999999999,0.6998,0.07117430865764618
633,-8.7,-7.043999999999998,0.699325,0.03509802371263504
634,-7.499999999999998,-7.019999999999999,0.6988500000000001,0.047636136412620544
635,-8.7,-7.067999999999999,0.698375,0.1358039379119873
636,-8.7,-7.067999999999999,0.6979,0.10975458472967148
637,-6.899999999999999,-7.055999999999998,0.697425,0.10861407220363617
638,-8.099999999999998,-7.091999999999998,0.6969500000000001,0.06237385421991348
639,-6.899999999999999,-7.055999999999999,0.696475,0.12751439213752747
640,-6.899999999999999,-7.019999999999998,0.696,0.060513369739055634
641,-3.899999999999998,-6.971999999999998,0.6955250000000001,0.06109694018959999
642,-8.7,-7.163999999999998,0.6950500000000001,0.08707889914512634
643,-9.299999999999999,-7.188,0.694575,0.03965456783771515
644,-5.699999999999998,-7.188,0.6940999999999999,0.13916213810443878
645,-8.7,-7.187999999999999,0.693625,0.1092253103852272
646,-6.299999999999999,-7.175999999999999,0.69315,0.1184905618429184
647,-6.899999999999999,-7.175999999999998,0.692675,0.09122459590435028
648,-3.299999999999998,-7.164,0.6921999999999999,0.10643479973077774
649,-5.099999999999998,-7.115999999999999,0.691725,0.10262085497379303
650,-6.899999999999999,-7.092,0.69125,0.06828855723142624
651,-8.099999999999998,-7.127999999999998,0.690775,0.06829224526882172
652,-2.699999999999998,-7.007999999999998,0.6902999999999999,0.09695054590702057
653,-7.499999999999998,-7.055999999999998,0.689825,0.09721876680850983
654,-3.899999999999998,-6.971999999999998,0.68935,0.09504953026771545
655,-8.099999999999998,-6.971999999999998,0.688875,0.12327934801578522
656,-6.899999999999999,-6.995999999999999,0.6883999999999999,0.044678252190351486
657,-6.899999999999999,-7.007999999999997,0.687925,0.07466733455657959
658,-8.099999999999998,-6.995999999999999,0.68745,0.04235914349555969
659,-5.099999999999998,-6.9239999999999995,0.686975,0.07094413042068481
660,-8.099999999999998,-6.9239999999999995,0.6865,0.07023906707763672
661,-5.699999999999998,-6.911999999999999,0.686025,0.10616420209407806
662,-8.099999999999998,-6.899999999999999,0.6855500000000001,0.044679947197437286
663,-5.699999999999998,-6.839999999999999,0.685075,0.02977445349097252
664,-8.099999999999998,-6.8279999999999985,0.6846,0.16845007240772247
665,-8.099999999999998,-6.84,0.684125,0.07602888345718384
666,-9.299999999999999,-6.899999999999999,0.6836500000000001,0.04945945739746094
667,-8.7,-6.935999999999999,0.683175,0.0761433094739914
668,-8.7,-6.959999999999997,0.6827,0.07096565514802933
669,-6.899999999999999,-6.947999999999999,0.682225,0.13890737295150757
670,-8.7,-6.983999999999997,0.6817500000000001,0.08294454962015152
671,-8.7,-7.055999999999999,0.681275,0.04409826919436455
672,-8.099999999999998,-7.079999999999999,0.6808,0.10256622731685638
673,-8.7,-7.139999999999999,0.680325,0.0737704485654831
674,-8.7,-7.139999999999998,0.6798500000000001,0.12022873759269714
675,-8.7,-7.175999999999999,0.679375,0.07884515821933746
676,-8.7,-7.307999999999998,0.6789,0.13959217071533203
677,-6.299999999999999,-7.295999999999999,0.678425,0.0787271112203598
678,-7.499999999999998,-7.307999999999998,0.67795,0.08886933326721191
679,-9.299999999999999,-7.3679999999999986,0.6774749999999999,0.16025285422801971
680,-8.099999999999998,-7.3679999999999986,0.6769999999999999,0.043750569224357605
681,-8.7,-7.415999999999998,0.676525,0.04955091327428818
682,-6.899999999999999,-7.379999999999998,0.67605,0.10655442625284195
683,-5.699999999999998,-7.3199999999999985,0.675575,0.03984586149454117
684,-7.499999999999998,-7.319999999999998,0.6750999999999999,0.19893869757652283
685,-8.7,-7.319999999999998,0.674625,0.039702288806438446
686,-5.699999999999998,-7.259999999999998,0.67415,0.10282289236783981
687,-8.7,-7.295999999999999,0.673675,0.039971157908439636
688,-8.7,-7.307999999999997,0.6732,0.08676479756832123
689,-8.099999999999998,-7.331999999999998,0.672725,0.10849232971668243
690,-6.299999999999999,-7.3199999999999985,0.67225,0.10382518917322159
691,-8.099999999999998,-7.404,0.6717750000000001,0.05884494632482529
692,-9.299999999999999,-7.4159999999999995,0.6713,0.04576605558395386
693,-8.7,-7.403999999999999,0.670825,0.04420018941164017
694,-9.299999999999999,-7.475999999999999,0.67035,0.10135149955749512
695,-8.099999999999998,-7.4639999999999995,0.6698750000000001,0.08301195502281189
696,-4.499999999999998,-7.428,0.6694,0.05074439197778702
697,-6.899999999999999,-7.427999999999998,0.668925,0.1018025204539299
698,-6.299999999999999,-7.487999999999999,0.66845,0.03221478313207626
699,-8.099999999999998,-7.547999999999999,0.6679750000000001,0.03893737867474556
700,-7.499999999999998,-7.559999999999999,0.6675,0.12959665060043335
701,-8.7,-7.571999999999998,0.667025,0.1290956437587738
702,-8.7,-7.691999999999998,0.6665500000000001,0.08020122349262238
703,-6.899999999999999,-7.679999999999998,0.6660750000000001,0.10895475000143051
704,-8.099999999999998,-7.7639999999999985,0.6656000000000001,0.08183761686086655
705,-9.299999999999999,-7.7879999999999985,0.665125,0.10858030617237091
706,-8.7,-7.823999999999999,0.6646500000000001,0.12223760783672333
707,-6.899999999999999,-7.823999999999997,0.6641750000000001,0.07258941233158112
708,-8.099999999999998,-7.823999999999999,0.6637000000000001,0.10390964150428772
709,-6.899999999999999,-7.859999999999998,0.663225,0.11520685255527496
710,-7.499999999999998,-7.847999999999998,0.6627500000000001,0.15641474723815918
711,-7.499999999999998,-7.883999999999999,0.6622750000000001,0.12103800475597382
712,-8.7,-7.895999999999998,0.6618,0.07714836299419403
713,-8.099999999999998,-7.944,0.6613249999999999,0.08205068111419678
714,-6.299999999999999,-7.9079999999999995,0.66085,0.11357566714286804
715,-7.499999999999998,-7.895999999999999,0.660375,0.041132234036922455
716,-6.899999999999999,-7.847999999999998,0.6599,0.07308737188577652
717,-6.899999999999999,-7.8119999999999985,0.6594249999999999,0.07352205365896225
718,-7.499999999999998,-7.787999999999998,0.65895,0.07312607765197754
719,-8.7,-7.823999999999999,0.658475,0.07173837721347809
720,-3.899999999999998,-7.727999999999998,0.658,0.07212311029434204
721,-7.499999999999998,-7.703999999999999,0.657525,0.036679163575172424
722,-8.7,-7.7159999999999975,0.65705,0.19733619689941406
723,-7.499999999999998,-7.691999999999999,0.6565750000000001,0.04163758084177971
724,-6.299999999999999,-7.644,0.6561,0.03640424460172653
725,-8.7,-7.643999999999998,0.655625,0.04620658606290817
726,-4.499999999999998,-7.559999999999999,0.65515,0.1309993416070938
727,-8.7,-7.607999999999999,0.6546750000000001,0.11343264579772949
728,-5.699999999999998,-7.571999999999998,0.6542,0.19619104266166687
729,-8.099999999999998,-7.547999999999998,0.653725,0.0923617035150528
730,-8.7,-7.559999999999999,0.65325,0.08527826517820358
731,-7.499999999999998,-7.535999999999998,0.6527750000000001,0.03186436742544174
732,-8.7,-7.571999999999999,0.6523,0.0344107411801815
733,-9.299999999999999,-7.643999999999998,0.651825,0.07929262518882751
734,-3.299999999999998,-7.56,0.65135,0.047185223549604416
735,-6.899999999999999,-7.523999999999997,0.6508750000000001,0.035830121487379074
736,-8.7,-7.583999999999999,0.6504,0.07939048111438751
737,-7.499999999999998,-7.559999999999999,0.649925,0.07833310961723328
738,-8.7,-7.559999999999999,0.64945,0.05000585317611694
739,-8.099999999999998,-7.559999999999999,0.6489750000000001,0.1770504117012024
740,-5.099999999999998,-7.535999999999999,0.6485,0.09447840601205826
741,-6.899999999999999,-7.511999999999998,0.648025,0.10280699282884598
742,-8.7,-7.499999999999997,0.6475500000000001,0.048016879707574844
743,-8.099999999999998,-7.487999999999999,0.6470750000000001,0.08354637026786804
744,-6.899999999999999,-7.439999999999998,0.6466000000000001,0.09546879678964615
745,-7.499999999999998,-7.427999999999997,0.646125,0.07551337033510208
746,-8.099999999999998,-7.499999999999999,0.6456500000000001,0.17709267139434814
747,-6.299999999999999,-7.487999999999999,0.645175,0.12301183491945267
748,-8.7,-7.535999999999999,0.6447,0.07225233316421509
749,-8.099999999999998,-7.535999999999998,0.6442249999999999,0.07224833220243454
750,-3.899999999999998,-7.463999999999999,0.64375,0.08131618797779083
751,-3.899999999999998,-7.367999999999998,0.643275,0.10054731369018555
752,-7.499999999999998,-7.3439999999999985,0.6428,0.04797641187906265
753,-8.099999999999998,-7.367999999999999,0.6423249999999999,0.07530264556407928
754,-8.099999999999998,-7.367999999999999,0.64185,0.08184302598237991
755,-8.7,-7.355999999999999,0.641375,0.048417333513498306
756,-7.499999999999998,-7.331999999999998,0.6409,0.11110656708478928
757,-7.499999999999998,-7.3439999999999985,0.6404249999999999,0.04200776293873787
758,-3.899999999999998,-7.259999999999998,0.63995,0.07504583895206451
759,-9.299999999999999,-7.307999999999998,0.639475,0.037979137152433395
760,-8.099999999999998,-7.3199999999999985,0.639,0.12045545876026154
761,-8.7,-7.343999999999999,0.638525,0.0892866849899292
762,-8.099999999999998,-7.331999999999999,0.63805,0.18132981657981873
763,-8.7,-7.3439999999999985,0.6375750000000001,0.0920356810092926
764,-8.7,-7.391999999999999,0.6371,0.17545491456985474
765,-8.7,-7.4159999999999995,0.636625,0.03992757946252823
766,-8.7,-7.451999999999998,0.63615,0.10345304757356644
767,-8.099999999999998,-7.475999999999999,0.6356750000000001,0.06979930400848389
768,-8.7,-7.499999999999999,0.6352,0.14717334508895874
769,-9.299999999999999,-7.511999999999998,0.634725,0.03506438061594963
770,-7.499999999999998,-7.583999999999999,0.63425,0.04749877005815506
771,-8.7,-7.607999999999999,0.6337750000000001,0.09244741499423981
772,-8.7,-7.607999999999997,0.6333,0.09504969418048859
773,-8.099999999999998,-7.619999999999999,0.632825,0.040459346026182175
774,-6.899999999999999,-7.631999999999998,0.63235,0.12049630284309387
775,-8.7,-7.631999999999997,0.6318750000000001,0.10793095827102661
776,-8.7,-7.7159999999999975,0.6314,0.12074794620275497
777,-8.099999999999998,-7.704,0.630925,0.11272826790809631
778,-8.099999999999998,-7.751999999999999,0.63045,0.05323740839958191
779,-8.7,-7.763999999999999,0.6299750000000001,0.042385511100292206
780,-8.7,-7.7639999999999985,0.6295000000000001,0.08278533071279526
781,-8.099999999999998,-7.775999999999999,0.629025,0.10002967715263367
782,-6.299999999999999,-7.728,0.62855,0.19470535218715668
783,-8.7,-7.715999999999999,0.628075,0.1142812967300415
784,-6.899999999999999,-7.7879999999999985,0.6276,0.08218393474817276
785,-8.099999999999998,-7.8119999999999985,0.6271249999999999,0.11587777733802795
786,-8.099999999999998,-7.8,0.62665,0.1263708621263504
787,-8.099999999999998,-7.811999999999999,0.626175,0.04639511927962303
788,-8.7,-7.811999999999999,0.6257,0.08726126700639725
789,-8.099999999999998,-7.811999999999999,0.6252249999999999,0.026792267337441444
790,-7.499999999999998,-7.8599999999999985,0.62475,0.13886083662509918
791,-8.099999999999998,-7.883999999999999,0.624275,0.07107660174369812
792,-7.499999999999998,-7.86,0.6238,0.3138327896595001
793,-8.7,-7.871999999999998,0.6233249999999999,0.04019910842180252
794,-8.099999999999998,-7.895999999999998,0.62285,0.09471248090267181
795,-8.099999999999998,-7.9079999999999995,0.622375,0.13016848266124725
796,-8.099999999999998,-7.9079999999999995,0.6219,0.09956094622612
797,-8.7,-7.955999999999998,0.6214249999999999,0.1802648901939392
798,-7.499999999999998,-7.931999999999999,0.62095,0.04199017584323883
799,-4.499999999999998,-7.8599999999999985,0.620475,0.08753535151481628
800,-8.7,-7.955999999999998,0.62,0.08695369958877563
801,-8.7,-8.051999999999998,0.619525,0.1722366064786911
802,-8.099999999999998,-8.063999999999998,0.61905,0.08797327429056168
803,-8.7,-8.075999999999999,0.6185750000000001,0.03848858177661896
804,-9.299999999999999,-8.1,0.6181,0.16850616037845612
805,-8.7,-8.1,0.617625,0.08696077764034271
806,-8.7,-8.123999999999999,0.61715,0.08895531296730042
807,-6.299999999999999,-8.1,0.6166750000000001,0.16879531741142273
808,-8.7,-8.196,0.6162,0.1039976254105568
809,-9.299999999999999,-8.196,0.615725,0.09604872763156891
810,-8.7,-8.207999999999998,0.61525,0.07986903190612793
811,-6.899999999999999,-8.171999999999999,0.6147750000000001,0.12208014726638794
812,-8.7,-8.184,0.6143,0.03495949134230614
813,-8.099999999999998,-8.171999999999999,0.6138250000000001,0.09873022139072418
814,-8.099999999999998,-8.16,0.61335,0.0817989930510521
815,-8.7,-8.159999999999998,0.6128750000000001,0.1705676168203354
816,-8.099999999999998,-8.147999999999998,0.6124,0.16628707945346832
817,-8.7,-8.159999999999998,0.611925,0.16894134879112244
818,-8.7,-8.159999999999998,0.6114499999999999,0.1770511120557785
819,-7.499999999999998,-8.123999999999997,0.610975,0.08865692466497421
820,-9.299999999999999,-8.159999999999998,0.6105,0.08970431238412857
821,-8.099999999999998,-8.147999999999998,0.610025,0.08553466200828552
822,-8.7,-8.147999999999998,0.60955,0.17375467717647552
823,-8.7,-8.159999999999998,0.609075,0.09774912893772125
824,-8.7,-8.196,0.6086000000000001,0.05291754752397537
825,-6.299999999999999,-8.148,0.608125,0.08508014678955078
826,-8.7,-8.148,0.60765,0.10196543484926224
827,-8.7,-8.159999999999998,0.607175,0.1331336349248886
828,-8.7,-8.171999999999999,0.6067000000000001,0.057048771530389786
829,-8.7,-8.171999999999999,0.606225,0.09827013313770294
830,-8.7,-8.171999999999999,0.60575,0.11719173192977905
831,-8.7,-8.184,0.605275,0.09383779764175415
832,-8.7,-8.231999999999998,0.6048000000000001,0.07708611339330673
833,-8.099999999999998,-8.219999999999999,0.604325,0.08376801013946533
834,-8.099999999999998,-8.244,0.60385,0.1288812756538391
835,-8.7,-8.255999999999998,0.603375,0.08973340690135956
836,-8.7,-8.267999999999999,0.6029000000000001,0.04159682244062424
837,-7.499999999999998,-8.255999999999998,0.602425,0.04331513121724129
838,-9.299999999999999,-8.267999999999999,0.60195,0.1330682635307312
839,-8.7,-8.28,0.601475,0.09394510090351105
840,-9.299999999999999,-8.315999999999999,0.6010000000000001,0.03580332174897194
841,-8.7,-8.328,0.6005250000000001,0.11518282443284988
842,-8.7,-8.351999999999999,0.60005,0.09481783211231232
843,-8.099999999999998,-8.339999999999998,0.5995750000000001,0.14320480823516846
844,-8.7,-8.351999999999999,0.5991000000000001,0.1796165108680725
845,-8.099999999999998,-8.351999999999999,0.5986250000000001,0.21388661861419678
846,-8.7,-8.363999999999999,0.59815,0.20758870244026184
847,-8.099999999999998,-8.351999999999999,0.5976750000000001,0.09448137879371643
848,-8.7,-8.376,0.5972000000000001,0.24056294560432434
849,-8.7,-8.459999999999997,0.5967250000000001,0.10277924686670303
850,-8.099999999999998,-8.448,0.59625,0.088209368288517
851,-9.299999999999999,-8.46,0.595775,0.03212530165910721
852,-9.299999999999999,-8.483999999999998,0.5953,0.12077123671770096
853,-9.299999999999999,-8.495999999999999,0.594825,0.10492432117462158
854,-8.099999999999998,-8.472,0.5943499999999999,0.08704672008752823
855,-8.7,-8.472,0.593875,0.09284578263759613
856,-8.7,-8.471999999999998,0.5934,0.11280518770217896
857,-9.299999999999999,-8.531999999999998,0.592925,0.04678010568022728
858,-8.7,-8.532,0.5924499999999999,0.044843703508377075
859,-9.299999999999999,-8.531999999999998,0.591975,0.05338774248957634
860,-8.7,-8.531999999999998,0.5915,0.1619282066822052
861,-9.299999999999999,-8.58,0.591025,0.04108189418911934
862,-8.099999999999998,-8.568,0.59055,0.11189237236976624
863,-8.7,-8.579999999999998,0.590075,0.0546860471367836
864,-8.099999999999998,-8.579999999999998,0.5896000000000001,0.0967150330543518
865,-8.7,-8.579999999999998,0.589125,0.08293335139751434
866,-8.7,-8.591999999999999,0.58865,0.10176584124565125
867,-8.7,-8.591999999999999,0.588175,0.04974638670682907
868,-8.7,-8.591999999999999,0.5877000000000001,0.051995307207107544
869,-9.299999999999999,-8.628,0.587225,0.08742383867502213
870,-8.7,-8.616,0.58675,0.14152362942695618
871,-8.7,-8.627999999999998,0.586275,0.04233717918395996
872,-9.299999999999999,-8.639999999999999,0.5858000000000001,0.10090042650699615
873,-8.7,-8.64,0.585325,0.09569905698299408
874,-9.299999999999999,-8.652,0.58485,0.04897730052471161
875,-8.099999999999998,-8.688,0.584375,0.14468203485012054
876,-8.099999999999998,-8.676,0.5839000000000001,1.0024731159210205
877,-8.7,-8.676,0.583425,0.03667603060603142
878,-8.099999999999998,-8.664,0.58295,0.20885705947875977
879,-9.299999999999999,-8.676,0.582475,0.08424660563468933
880,-8.099999999999998,-8.664,0.5820000000000001,0.08557082712650299
881,-8.7,-8.664,0.5815250000000001,0.09481777250766754
882,-8.7,-8.663999999999998,0.58105,0.2046988606452942
883,-9.299999999999999,-8.687999999999999,0.5805750000000001,0.09331916272640228
884,-8.7,-8.7,0.5801000000000001,0.22891765832901
885,-8.7,-8.699999999999998,0.5796250000000001,0.04520463943481445
886,-8.7,-8.699999999999998,0.5791499999999999,0.04007256403565407
887,-9.299999999999999,-8.735999999999999,0.578675,0.07106470316648483
888,-8.099999999999998,-8.712,0.5782,0.07694318145513535
889,-9.299999999999999,-8.724,0.577725,0.12230055034160614
890,-8.099999999999998,-8.7,0.5772499999999999,0.0969354659318924
891,-8.099999999999998,-8.687999999999999,0.576775,0.05549463629722595
892,-9.299999999999999,-8.7,0.5763,0.09024365246295929
893,-8.7,-8.711999999999998,0.575825,0.161321222782135
894,-8.099999999999998,-8.7,0.5753499999999999,0.1732957363128662
895,-7.499999999999998,-8.687999999999999,0.574875,0.0439634695649147
896,-8.099999999999998,-8.675999999999998,0.5744,0.05947166681289673
897,-8.7,-8.687999999999999,0.573925,0.08454504609107971
898,-8.7,-8.687999999999997,0.5734499999999999,0.09847652912139893
899,-8.7,-8.687999999999999,0.572975,0.12788669764995575
900,-8.7,-8.699999999999998,0.5725,0.19765998423099518
901,-8.7,-8.687999999999997,0.572025,0.16727015376091003
902,-8.7,-8.675999999999998,0.57155,0.21925291419029236
903,-8.7,-8.663999999999998,0.571075,0.08665686100721359
904,-8.7,-8.675999999999998,0.5706000000000001,0.07340116798877716
905,-8.099999999999998,-8.664,0.570125,0.17163580656051636
906,-8.099999999999998,-8.652000000000001,0.56965,0.18027609586715698
907,-8.7,-8.639999999999999,0.569175,0.18444061279296875
908,-8.7,-8.639999999999999,0.5687000000000001,0.16680553555488586
909,-8.099999999999998,-8.616,0.568225,0.08999460935592651
910,-8.7,-8.616,0.56775,0.220572829246521
911,-8.7,-8.604,0.567275,0.17870721220970154
912,-8.7,-8.616,0.5668000000000001,0.2606339156627655
913,-8.7,-8.616,0.566325,0.10227201879024506
914,-9.299999999999999,-8.639999999999999,0.56585,0.0853055939078331
915,-8.7,-8.639999999999999,0.565375,0.1079409271478653
916,-7.499999999999998,-8.616,0.5649000000000001,0.1397860050201416
917,-9.299999999999999,-8.628,0.564425,0.12389349192380905
918,-8.7,-8.628,0.56395,0.04005008190870285
919,-8.099999999999998,-8.604,0.563475,0.05956509709358215
920,-8.7,-8.604,0.5630000000000001,0.2293872833251953
921,-8.7,-8.604,0.562525,0.25965940952301025
922,-9.299999999999999,-8.604,0.5620499999999999,0.11370532959699631
923,-9.299999999999999,-8.616,0.561575,0.16279347240924835
924,-9.299999999999999,-8.616,0.5611,0.03313682973384857
925,-8.7,-8.628,0.560625,0.1899840086698532
926,-9.299999999999999,-8.652,0.5601499999999999,0.11771325767040253
927,-8.7,-8.652,0.559675,0.11145884543657303
928,-9.299999999999999,-8.675999999999998,0.5592,0.1024446189403534
929,-8.7,-8.663999999999998,0.558725,0.14085637032985687
930,-8.7,-8.675999999999998,0.5582499999999999,0.05334014818072319
931,-9.299999999999999,-8.687999999999999,0.557775,0.10117532312870026
932,-8.7,-8.687999999999999,0.5573,0.0546833872795105
933,-8.7,-8.675999999999998,0.556825,0.09437057375907898
934,-8.7,-8.675999999999998,0.5563499999999999,0.05859652906656265
935,-9.299999999999999,-8.687999999999999,0.555875,0.05805451050400734
936,-8.7,-8.687999999999999,0.5554,0.13216018676757812
937,-8.7,-8.675999999999998,0.554925,0.09288975596427917
938,-8.7,-8.687999999999999,0.55445,0.0894668698310852
939,-8.7,-8.675999999999998,0.553975,0.07035180181264877
940,-9.299999999999999,-8.7,0.5535,0.09183813631534576
941,-9.299999999999999,-8.723999999999998,0.5530250000000001,0.08972210437059402
942,-8.7,-8.711999999999998,0.5525500000000001,0.09571884572505951
943,-9.299999999999999,-8.723999999999998,0.552075,0.06927157938480377
944,-8.7,-8.735999999999999,0.5516000000000001,0.05912952125072479
945,-8.7,-8.759999999999998,0.5511250000000001,0.12967738509178162
946,-9.299999999999999,-8.783999999999999,0.5506500000000001,0.11258828639984131
947,-8.099999999999998,-8.772,0.550175,0.14463484287261963
948,-9.299999999999999,-8.783999999999999,0.5497,0.1318051517009735
949,-9.299999999999999,-8.796,0.5492250000000001,0.13814671337604523
950,-8.7,-8.796,0.54875,0.09189072996377945
951,-8.7,-8.796,0.548275,0.10416457056999207
952,-8.7,-8.795999999999998,0.5478000000000001,0.17891272902488708
953,-9.299999999999999,-8.807999999999998,0.5473250000000001,0.13982194662094116
954,-8.7,-8.808,0.5468500000000001,0.09347207844257355
955,-8.7,-8.819999999999999,0.5463749999999999,0.11169058084487915
956,-8.7,-8.831999999999999,0.5459,0.07361525297164917
957,-9.299999999999999,-8.844,0.545425,0.12323231250047684
958,-8.7,-8.844,0.54495,0.052198246121406555
959,-9.299999999999999,-8.868,0.5444749999999999,0.11842434108257294
960,-9.299999999999999,-8.88,0.544,0.10861106961965561
961,-9.299999999999999,-8.892,0.543525,0.07885996997356415
962,-9.299999999999999,-8.904,0.54305,0.07565139979124069
963,-9.299999999999999,-8.915999999999999,0.5425749999999999,0.09751719236373901
964,-8.7,-8.904,0.5421,0.06794064491987228
965,-8.7,-8.903999999999998,0.541625,0.24139991402626038
966,-9.299999999999999,-8.94,0.54115,0.06742610037326813
967,-9.299999999999999,-8.94,0.5406749999999999,0.14618059992790222
968,-7.499999999999998,-8.915999999999999,0.5402,0.17823699116706848
969,-8.7,-8.927999999999999,0.539725,0.20018449425697327
970,-8.7,-8.927999999999999,0.53925,0.15323635935783386
971,-9.299999999999999,-8.94,0.538775,0.07703948020935059
972,-9.299999999999999,-8.94,0.5383,0.17694811522960663
973,-8.7,-8.927999999999999,0.5378250000000001,0.18679681420326233
974,-9.299999999999999,-8.927999999999999,0.53735,0.2674684226512909
975,-8.7,-8.927999999999999,0.536875,0.1765138804912567
976,-8.7,-8.915999999999999,0.5364,0.0898703932762146
977,-8.7,-8.915999999999999,0.5359250000000001,0.17644746601581573
978,-8.7,-8.903999999999998,0.53545,0.13461297750473022
979,-8.7,-8.903999999999998,0.534975,0.11436309665441513
980,-8.7,-8.903999999999998,0.5345,0.135966956615448
981,-9.299999999999999,-8.904,0.5340250000000001,0.06237635016441345
982,-9.299999999999999,-8.915999999999999,0.53355,0.06514763087034225
983,-8.7,-8.915999999999999,0.533075,0.09056559950113297
984,-8.7,-8.915999999999999,0.5326,0.16194331645965576
985,-8.7,-8.903999999999998,0.5321250000000001,0.13224419951438904
986,-9.299999999999999,-8.915999999999999,0.53165,0.1200205534696579
987,-8.7,-8.916,0.531175,0.08205338567495346
988,-8.7,-8.915999999999999,0.5307,0.09407281130552292
989,-8.7,-8.915999999999999,0.5302250000000001,0.08902529627084732
990,-9.299999999999999,-8.916,0.5297499999999999,0.19329097867012024
991,-9.299999999999999,-8.916,0.5292749999999999,0.11516383290290833
992,-8.7,-8.916,0.5288,0.14225371181964874
993,-8.7,-8.904,0.528325,0.12562665343284607
994,-9.299999999999999,-8.916,0.52785,0.1854267567396164
995,-8.7,-8.916,0.5273749999999999,0.11619335412979126
996,-8.7,-8.904,0.5269,0.15579232573509216
997,-9.299999999999999,-8.928,0.526425,0.09116797149181366
998,-8.7,-8.916,0.52595,0.08704960346221924
999,-8.7,-8.904,0.5254749999999999,0.17331786453723907
1000,-8.099999999999998,-8.892000000000001,0.525,0.09081864356994629
1001,-9.299999999999999,-8.904000000000002,0.524525,0.1052217036485672
1002,-8.7,-8.904,0.52405,0.10503195226192474
1003,-8.099999999999998,-8.879999999999999,0.523575,0.14451727271080017
1004,-8.7,-8.88,0.5231,0.2540075480937958
1005,-8.7,-8.879999999999999,0.522625,0.08731921762228012
1006,-9.299999999999999,-8.892,0.52215,0.15972900390625
1007,-9.299999999999999,-8.892000000000001,0.521675,0.12492073327302933
1008,-8.7,-8.892,0.5212,0.1659005731344223
1009,-8.7,-8.879999999999999,0.520725,0.256464421749115
1010,-8.7,-8.868,0.52025,0.13374456763267517
1011,-9.299999999999999,-8.868,0.5197750000000001,0.12032587081193924
1012,-8.7,-8.856,0.5193,0.08250577002763748
1013,-8.7,-8.844,0.5188250000000001,0.11882667243480682
1014,-9.299999999999999,-8.856,0.51835,0.2052779495716095
1015,-9.299999999999999,-8.868,0.5178750000000001,0.0721399188041687
1016,-8.7,-8.856,0.5174,0.1022074818611145
1017,-9.299999999999999,-8.856,0.5169250000000001,0.22538480162620544
1018,-8.099999999999998,-8.868,0.51645,0.16776980459690094
1019,-8.7,-8.867999999999999,0.5159750000000001,0.10451041907072067
1020,-8.099999999999998,-8.856,0.5155,0.12653708457946777
1021,-8.7,-8.844,0.5150250000000001,0.1040322482585907
1022,-9.299999999999999,-8.844,0.51455,0.1780204176902771
1023,-8.099999999999998,-8.831999999999999,0.5140750000000001,0.10186946392059326
1024,-8.7,-8.819999999999999,0.5136,0.17546629905700684
1025,-9.299999999999999,-8.831999999999999,0.513125,0.06396874785423279
1026,-8.7,-8.831999999999999,0.5126499999999999,0.17249926924705505
1027,-8.7,-8.831999999999999,0.512175,0.11312514543533325
1028,-9.299999999999999,-8.844,0.5116999999999999,0.21839933097362518
1029,-8.7,-8.844,0.511225,0.13130122423171997
1030,-8.099999999999998,-8.831999999999999,0.51075,0.0728355199098587
1031,-9.299999999999999,-8.831999999999999,0.510275,0.06556108593940735
1032,-9.299999999999999,-8.831999999999999,0.5098,0.11881051957607269
1033,-8.7,-8.831999999999999,0.509325,0.19667159020900726
1034,-8.099999999999998,-8.819999999999999,0.50885,0.24016007781028748
1035,-8.099999999999998,-8.808,0.508375,0.11571522057056427
1036,-8.7,-8.796,0.5079,0.12148719280958176
1037,-9.299999999999999,-8.807999999999998,0.507425,0.20054848492145538
1038,-8.7,-8.807999999999998,0.50695,0.11542738974094391
1039,-8.7,-8.807999999999998,0.506475,0.18788164854049683
1040,-9.299999999999999,-8.807999999999998,0.506,0.14730995893478394
1041,-9.299999999999999,-8.808,0.505525,0.20249928534030914
1042,-8.7,-8.808,0.50505,0.08159387111663818
1043,-8.099999999999998,-8.795999999999998,0.504575,0.10530747473239899
1044,-8.7,-8.783999999999999,0.5041,0.16353511810302734
1045,-8.7,-8.783999999999999,0.503625,0.13137850165367126
1046,-8.099999999999998,-8.771999999999998,0.50315,0.1753453016281128
1047,-9.299999999999999,-8.771999999999998,0.502675,0.09913191199302673
1048,-8.099999999999998,-8.76,0.5022,0.20210681855678558
1049,-9.299999999999999,-8.771999999999998,0.501725,0.07982509583234787
1050,-9.299999999999999,-8.796,0.50125,0.07976694405078888
1051,-9.299999999999999,-8.796,0.5007750000000001,0.12922926247119904
1052,-9.299999999999999,-8.808,0.5003,0.19675682485103607
1053,-9.299999999999999,-8.832,0.499825,0.10424018651247025
1054,-9.299999999999999,-8.844,0.49934999999999996,0.15261803567409515
1055,-8.7,-8.844,0.498875,0.1579749882221222
1056,-8.7,-8.831999999999999,0.49839999999999995,0.12322339415550232
1057,-9.299999999999999,-8.831999999999999,0.497925,0.1926898956298828
1058,-9.299999999999999,-8.844,0.49744999999999995,0.1341506838798523
1059,-8.7,-8.844,0.496975,0.09675657004117966
1060,-9.299999999999999,-8.856,0.49649999999999994,0.14898264408111572
1061,-8.7,-8.844,0.496025,0.09948792308568954
1062,-8.099999999999998,-8.831999999999999,0.49554999999999993,0.11042673140764236
1063,-8.7,-8.831999999999999,0.495075,0.09477299451828003
1064,-9.299999999999999,-8.831999999999999,0.49459999999999993,0.10479892790317535
1065,-9.299999999999999,-8.831999999999999,0.494125,0.08589477092027664
1066,-8.7,-8.831999999999999,0.4936499999999999,0.16021424531936646
1067,-9.299999999999999,-8.831999999999999,0.493175,0.09377771615982056
1068,-8.7,-8.844,0.4926999999999999,0.10495762526988983
1069,-8.7,-8.844,0.49222499999999997,0.08548404276371002
1070,-9.299999999999999,-8.868,0.49174999999999996,0.10502217710018158
1071,-8.7,-8.868,0.491275,0.1327776312828064
1072,-9.299999999999999,-8.868,0.49079999999999996,0.2173282951116562
1073,-8.7,-8.88,0.490325,0.12869104743003845
1074,-8.7,-8.879999999999999,0.48984999999999995,0.08583370596170425
1075,-9.299999999999999,-8.879999999999999,0.489375,0.1117255687713623
1076,-9.299999999999999,-8.892000000000001,0.48889999999999995,0.10300157964229584
1077,-9.299999999999999,-8.904,0.488425,0.07802054286003113
1078,-8.7,-8.891999999999998,0.48794999999999994,0.16416853666305542
1079,-9.299999999999999,-8.903999999999998,0.487475,0.0904228463768959
1080,-9.299999999999999,-8.927999999999999,0.48699999999999993,0.061983413994312286
1081,-9.299999999999999,-8.927999999999999,0.486525,0.10245528817176819
1082,-8.7,-8.915999999999999,0.4860499999999999,0.1360425353050232
1083,-9.299999999999999,-8.927999999999999,0.485575,0.12318932265043259
1084,-8.7,-8.939999999999998,0.4850999999999999,0.13933208584785461
1085,-8.7,-8.951999999999998,0.484625,0.14213500916957855
1086,-8.7,-8.951999999999998,0.4841499999999999,0.059573881328105927
1087,-8.7,-8.94,0.48367499999999997,0.12735626101493835
1088,-9.299999999999999,-8.952,0.4831999999999999,0.07265922427177429
1089,-8.7,-8.952,0.48272499999999996,0.08973012119531631
1090,-8.7,-8.94,0.48224999999999996,0.18320289254188538
1091,-8.7,-8.927999999999999,0.481775,0.12424498051404953
1092,-8.7,-8.927999999999999,0.48129999999999995,0.12461486458778381
1093,-8.7,-8.94,0.480825,0.1277949959039688
1094,-8.099999999999998,-8.927999999999999,0.48034999999999994,0.06887850165367126
1095,-9.299999999999999,-8.940000000000001,0.479875,0.07249283790588379
1096,-9.299999999999999,-8.964,0.47939999999999994,0.067926324903965
1097,-8.7,-8.952,0.478925,0.09333746135234833
1098,-9.299999999999999,-8.975999999999999,0.47844999999999993,0.16611218452453613
1099,-8.7,-8.963999999999999,0.477975,0.10617907345294952
1100,-8.7,-8.951999999999998,0.4774999999999999,0.06751565635204315
1101,-8.7,-8.94,0.477025,0.11280745267868042
1102,-9.299999999999999,-8.94,0.4765499999999999,0.18101516366004944
1103,-9.299999999999999,-8.94,0.47607499999999997,0.1318283975124359
1104,-9.299999999999999,-8.94,0.4755999999999999,0.1318770945072174
1105,-8.7,-8.94,0.47512499999999996,0.1251966953277588
1106,-8.7,-8.94,0.4746499999999999,0.18502084910869598
1107,-9.299999999999999,-8.94,0.47417499999999996,0.20850130915641785
1108,-8.7,-8.927999999999999,0.4736999999999999,0.08749029040336609
1109,-9.299999999999999,-8.94,0.47322499999999995,0.11802836507558823
1110,-9.299999999999999,-8.94,0.47274999999999995,0.18283751606941223
1111,-8.7,-8.94,0.472275,0.06562329083681107
1112,-8.7,-8.952,0.47179999999999994,0.08119010180234909
1113,-8.7,-8.951999999999998,0.471325,0.044839806854724884
1114,-8.7,-8.94,0.47084999999999994,0.21073824167251587
1115,-9.299999999999999,-8.94,0.470375,0.10412509739398956
1116,-9.299999999999999,-8.952,0.46989999999999993,0.08669857680797577
1117,-9.299999999999999,-8.952,0.469425,0.15155720710754395
1118,-9.299999999999999,-8.963999999999999,0.4689499999999999,0.13286811113357544
1119,-8.7,-8.963999999999999,0.468475,0.1618252992630005
1120,-9.299999999999999,-8.963999999999999,0.4679999999999999,0.14875468611717224
1121,-9.299999999999999,-8.975999999999999,0.46752499999999997,0.16927781701087952
1122,-8.7,-8.963999999999999,0.4670499999999999,0.1080053448677063
1123,-9.299999999999999,-8.975999999999999,0.46657499999999996,0.1545063853263855
1124,-8.7,-8.975999999999999,0.4660999999999999,0.09611212462186813
1125,-9.299999999999999,-8.975999999999999,0.46562499999999996,0.09046555310487747
1126,-8.7,-8.963999999999999,0.46515,0.11367584764957428
1127,-9.299999999999999,-8.963999999999999,0.46467499999999995,0.09194289147853851
1128,-9.299999999999999,-8.975999999999999,0.4642,0.14189669489860535
1129,-8.7,-8.963999999999999,0.46372499999999994,0.12659597396850586
1130,-9.299999999999999,-8.963999999999999,0.46325,0.12423419952392578
1131,-8.7,-8.952,0.462775,0.12139072269201279
1132,-8.7,-8.951999999999998,0.46230000000000004,0.16527031362056732
1133,-9.299999999999999,-8.952,0.461825,0.06552284210920334
1134,-8.7,-8.951999999999998,0.46135000000000004,0.1229860708117485
1135,-8.7,-8.951999999999998,0.460875,0.07513943314552307
1136,-9.299999999999999,-8.963999999999999,0.46040000000000003,0.10782618820667267
1137,-8.7,-8.963999999999999,0.459925,0.15061034262180328
1138,-9.299999999999999,-8.963999999999999,0.45945,0.08827179670333862
1139,-8.7,-8.963999999999999,0.45897499999999997,0.10200686752796173
1140,-8.7,-8.963999999999999,0.4585,0.11837673932313919
1141,-9.299999999999999,-8.975999999999999,0.45802499999999996,0.1111132949590683
1142,-8.7,-8.975999999999999,0.45755,0.07233825325965881
1143,-8.7,-8.975999999999999,0.45707499999999995,0.1773587465286255
1144,-9.299999999999999,-9.0,0.4566,0.156001478433609
1145,-9.299999999999999,-9.0,0.45612499999999995,0.17256119847297668
1146,-8.7,-8.988,0.45565,0.0638718456029892
1147,-9.299999999999999,-9.0,0.45517499999999994,0.1980569064617157
1148,-9.299999999999999,-9.0,0.4547,0.08897337317466736
1149,-8.7,-8.999999999999998,0.45422499999999993,0.07482552528381348
1150,-8.7,-8.999999999999998,0.45375,0.17083117365837097
1151,-9.299999999999999,-9.011999999999999,0.453275,0.1411907821893692
1152,-9.299999999999999,-9.011999999999999,0.45280000000000004,0.11979593336582184
1153,-9.299999999999999,-9.011999999999999,0.452325,0.14682649075984955
1154,-8.7,-8.999999999999998,0.45185000000000003,0.14361655712127686
1155,-8.099999999999998,-8.988,0.45137499999999997,0.07081616669893265
1156,-9.299999999999999,-8.999999999999998,0.4509,0.08097608387470245
1157,-9.299999999999999,-9.0,0.45042499999999996,0.07884570956230164
1158,-9.299999999999999,-9.011999999999999,0.44995,0.09390377253293991
1159,-8.7,-9.0,0.44947499999999996,0.15051595866680145
1160,-8.7,-8.987999999999998,0.449,0.13234488666057587
1161,-9.299999999999999,-8.999999999999998,0.44852499999999995,0.1815638244152069
1162,-9.299999999999999,-9.011999999999999,0.44805,0.08580882102251053
1163,-9.299999999999999,-9.024,0.44757499999999995,0.1771048605442047
1164,-9.299999999999999,-9.036,0.4471,0.12182720005512238
1165,-8.099999999999998,-9.011999999999999,0.44662499999999994,0.15729857981204987
1166,-8.7,-8.999999999999998,0.44615,0.16824379563331604
1167,-9.299999999999999,-8.999999999999998,0.44567499999999993,0.12980282306671143
1168,-9.299999999999999,-9.0,0.4452,0.17819806933403015
1169,-9.299999999999999,-9.011999999999999,0.4447249999999999,0.1609421670436859
1170,-9.299999999999999,-9.011999999999999,0.44425,0.14023730158805847
1171,-9.299999999999999,-9.011999999999999,0.443775,0.12733471393585205
1172,-8.7,-9.011999999999999,0.4433,0.13607734441757202
1173,-9.299999999999999,-9.011999999999999,0.44282499999999997,0.14572373032569885
1174,-9.299999999999999,-9.024,0.44235,0.1050785705447197
1175,-9.299999999999999,-9.024,0.44187499999999996,0.13738560676574707
1176,-8.7,-9.024,0.4414,0.03946266323328018
1177,-9.299999999999999,-9.024,0.44092499999999996,0.12141551822423935
1178,-8.7,-9.011999999999999,0.44045,0.21904480457305908
1179,-9.299999999999999,-9.024,0.43997499999999995,0.10876531898975372
1180,-9.299999999999999,-9.024,0.4395,0.1200658455491066
1181,-8.099999999999998,-9.011999999999999,0.43902499999999994,0.12044832855463028
1182,-9.299999999999999,-9.024,0.43855,0.06776142865419388
1183,-8.7,-9.011999999999999,0.43807499999999994,0.14103436470031738
1184,-9.299999999999999,-9.024,0.4376,0.12373018264770508
1185,-8.7,-9.024,0.43712499999999993,0.08822484314441681
1186,-9.299999999999999,-9.024,0.43665,0.14440453052520752
1187,-8.7,-9.024,0.4361749999999999,0.18132148683071136
1188,-9.299999999999999,-9.024,0.4357,0.06691862642765045
1189,-8.7,-9.024,0.4352249999999999,0.13211806118488312
1190,-9.299999999999999,-9.036,0.43474999999999997,0.10243827104568481
1191,-9.299999999999999,-9.036,0.43427499999999997,0.16692781448364258
1192,-9.299999999999999,-9.048,0.4338,0.16142156720161438
1193,-9.299999999999999,-9.059999999999999,0.43332499999999996,0.06790044158697128
1194,-9.299999999999999,-9.06,0.43285,0.18092095851898193
1195,-8.7,-9.048,0.43237499999999995,0.09419043362140656
1196,-9.299999999999999,-9.059999999999999,0.4319,0.14990563690662384
1197,-9.299999999999999,-9.059999999999999,0.43142499999999995,0.12257159501314163
1198,-8.7,-9.048,0.43095,0.1404777467250824
1199,-9.299999999999999,-9.059999999999999,0.43047499999999994,0.08968668431043625
1200,-9.299999999999999,-9.072,0.43,0.09286060184240341
1201,-8.7,-9.059999999999999,0.42952499999999993,0.21961045265197754
1202,-8.7,-9.047999999999998,0.42905,0.16538318991661072
1203,-9.299999999999999,-9.048,0.42857499999999993,0.12958107888698578
1204,-9.299999999999999,-9.06,0.4281,0.10308103263378143
1205,-8.7,-9.072,0.4276249999999999,0.15021304786205292
1206,-9.299999999999999,-9.071999999999997,0.42715,0.2256593108177185
1207,-9.299999999999999,-9.072,0.4266749999999999,0.10442924499511719
1208,-8.7,-9.059999999999999,0.42619999999999997,0.25426945090293884
1209,-9.299999999999999,-9.071999999999997,0.4257249999999999,0.20290791988372803
1210,-8.7,-9.071999999999997,0.42524999999999996,0.1789313554763794
1211,-9.299999999999999,-9.071999999999997,0.42477499999999996,0.1925051212310791
1212,-9.299999999999999,-9.072,0.4243,0.12791471183300018
1213,-9.299999999999999,-9.072,0.42382499999999995,0.13760441541671753
1214,-8.7,-9.059999999999999,0.42335,0.13940435647964478
1215,-8.7,-9.071999999999997,0.42287499999999995,0.1693371832370758
1216,-8.7,-9.071999999999997,0.4224,0.1513848900794983
1217,-9.299999999999999,-9.071999999999997,0.42192499999999994,0.1454717218875885
1218,-9.299999999999999,-9.072,0.42145,0.20052357017993927
1219,-8.7,-9.06,0.42097499999999993,0.052511684596538544
1220,-6.299999999999999,-8.999999999999998,0.4205,0.12977652251720428
1221,-8.7,-8.988,0.4200249999999999,0.17615944147109985
1222,-9.299999999999999,-8.999999999999998,0.41955,0.1197023019194603
1223,-9.299999999999999,-9.0,0.4190749999999999,0.2914772033691406
1224,-9.299999999999999,-9.0,0.41859999999999997,0.27016693353652954
1225,-9.299999999999999,-9.0,0.4181249999999999,0.14988423883914948
1226,-9.299999999999999,-9.011999999999999,0.41764999999999997,0.0736551359295845
1227,-8.7,-9.0,0.4171749999999999,0.15340536832809448
1228,-9.299999999999999,-9.011999999999999,0.41669999999999996,0.16838306188583374
1229,-8.7,-9.0,0.4162249999999999,0.1711251586675644
1230,-8.7,-8.987999999999998,0.41574999999999995,0.0823637843132019
1231,-9.299999999999999,-9.011999999999999,0.41527499999999995,0.1375805139541626
1232,-9.299999999999999,-9.012,0.4148,0.1553274393081665
1233,-9.299999999999999,-9.024,0.41432499999999994,0.13284263014793396
1234,-9.299999999999999,-9.024,0.41385,0.08409427851438522
1235,-9.299999999999999,-9.036,0.41337499999999994,0.11854366958141327
1236,-9.299999999999999,-9.036,0.4129,0.10026393830776215
1237,-8.7,-9.036,0.41242499999999993,0.1466383934020996
1238,-8.7,-9.024,0.41195,0.24333977699279785
1239,-9.299999999999999,-9.036,0.4114749999999999,0.15185201168060303
1240,-8.7,-9.024,0.411,0.10551529377698898
1241,-9.299999999999999,-9.024,0.4105249999999999,0.20658355951309204
1242,-9.299999999999999,-9.024,0.41004999999999997,0.2523079216480255
1243,-9.299999999999999,-9.024,0.4095749999999999,0.12482664734125137
1244,-8.7,-9.011999999999999,0.40909999999999996,0.06446659564971924
1245,-9.299999999999999,-9.024,0.4086249999999999,0.06584024429321289
1246,-8.7,-9.011999999999999,0.40814999999999996,0.10652577131986618
1247,-9.299999999999999,-9.011999999999999,0.4076749999999999,0.17737199366092682
1248,-9.299999999999999,-9.024,0.40719999999999995,0.3041152060031891
1249,-8.7,-9.011999999999999,0.4067249999999999,0.15078705549240112
1250,-9.299999999999999,-9.011999999999999,0.40624999999999994,0.18284589052200317
1251,-8.7,-9.011999999999999,0.40577500000000005,0.13479797542095184
1252,-9.299999999999999,-9.024,0.4053,0.09492751210927963
1253,-9.299999999999999,-9.024,0.40482500000000005,0.12568585574626923
1254,-9.299999999999999,-9.024,0.40435,0.2426455020904541
1255,-9.299999999999999,-9.036,0.40387500000000004,0.08194951713085175
1256,-8.7,-9.024,0.4034,0.20517560839653015
1257,-9.299999999999999,-9.024,0.40292500000000003,0.16594624519348145
1258,-9.299999999999999,-9.036,0.40245,0.14471083879470825
1259,-8.099999999999998,-9.011999999999999,0.401975,0.10592891275882721
1260,-9.299999999999999,-9.024,0.40149999999999997,0.0822892114520073
1261,-9.299999999999999,-9.024,0.401025,0.18363362550735474
1262,-8.7,-9.011999999999999,0.40054999999999996,0.14178121089935303
1263,-9.299999999999999,-9.011999999999999,0.400075,0.12539665400981903
1264,-8.7,-9.011999999999999,0.39959999999999996,0.19966018199920654
1265,-9.299999999999999,-9.024,0.399125,0.124537892639637
1266,-9.299999999999999,-9.036,0.39864999999999995,0.2846634089946747
1267,-8.7,-9.024,0.398175,0.14936020970344543
1268,-9.299999999999999,-9.024,0.39769999999999994,0.1651795506477356
1269,-8.7,-9.024,0.397225,0.251504123210907
1270,-8.099999999999998,-9.059999999999999,0.39675,0.12528200447559357
1271,-9.299999999999999,-9.072,0.39627500000000004,0.21675074100494385
1272,-8.7,-9.059999999999997,0.3958,0.08220227807760239
1273,-8.7,-9.047999999999996,0.39532500000000004,0.20454533398151398
1274,-9.299999999999999,-9.047999999999998,0.39485,0.08163553476333618
1275,-9.299999999999999,-9.048,0.39437500000000003,0.2191104143857956
1276,-9.299999999999999,-9.048,0.3939,0.09729809314012527
1277,-8.099999999999998,-9.036,0.393425,0.31017130613327026
1278,-9.299999999999999,-9.036,0.39294999999999997,0.1728380024433136
1279,-8.7,-9.036,0.392475,0.22098247706890106
1280,-8.7,-9.035999999999998,0.39199999999999996,0.17611993849277496
1281,-9.299999999999999,-9.036,0.391525,0.0715959221124649
1282,-9.299999999999999,-9.036,0.39104999999999995,0.16314423084259033
1283,-8.099999999999998,-9.011999999999999,0.390575,0.13975834846496582
1284,-9.299999999999999,-9.011999999999999,0.39009999999999995,0.12306708842515945
1285,-8.7,-8.999999999999998,0.389625,0.12702277302742004
1286,-9.299999999999999,-8.999999999999998,0.38914999999999994,0.21920648217201233
1287,-9.299999999999999,-9.011999999999999,0.388675,0.25661787390708923
1288,-9.299999999999999,-9.024,0.38819999999999993,0.10966656357049942
1289,-8.7,-9.011999999999999,0.387725,0.18720769882202148
1290,-9.299999999999999,-9.024,0.38725,0.1972169578075409
1291,-9.299999999999999,-9.024,0.38677500000000004,0.19194746017456055
1292,-8.7,-9.011999999999999,0.3863,0.09504716098308563
1293,-8.7,-8.999999999999998,0.38582500000000003,0.17182451486587524
1294,-8.099999999999998,-8.987999999999998,0.38534999999999997,0.11608409881591797
1295,-9.299999999999999,-8.987999999999998,0.384875,0.12849146127700806
1296,-9.299999999999999,-9.0,0.38439999999999996,0.21155957877635956
1297,-9.299999999999999,-9.0,0.383925,0.14280924201011658
1298,-9.299999999999999,-9.0,0.38344999999999996,0.084548220038414
1299,-9.299999999999999,-9.011999999999999,0.382975,0.21506670117378235
1300,-8.7,-8.999999999999998,0.38249999999999995,0.1319989562034607
1301,-8.7,-8.999999999999998,0.382025,0.17282481491565704
1302,-9.299999999999999,-8.999999999999998,0.38154999999999994,0.1637142300605774
1303,-9.299999999999999,-9.0,0.381075,0.10475751757621765
1304,-9.299999999999999,-8.999999999999998,0.38059999999999994,0.2068721354007721
1305,-9.299999999999999,-8.999999999999998,0.380125,0.11065971106290817
1306,-9.299999999999999,-9.011999999999999,0.37964999999999993,0.1761617213487625
1307,-9.299999999999999,-9.011999999999999,0.379175,0.1416717767715454
1308,-9.299999999999999,-9.011999999999999,0.3786999999999999,0.15823809802532196
1309,-9.299999999999999,-9.036,0.378225,0.09708704054355621
1310,-9.299999999999999,-9.036,0.37775,0.1811521202325821
1311,-8.7,-9.024,0.377275,0.21896010637283325
1312,-9.299999999999999,-9.036,0.37679999999999997,0.1304546743631363
1313,-8.7,-9.024,0.376325,0.09949485957622528
1314,-8.7,-9.024,0.37584999999999996,0.09884262084960938
1315,-9.299999999999999,-9.024,0.375375,0.17294169962406158
1316,-9.299999999999999,-9.024,0.37489999999999996,0.2194487452507019
1317,-8.7,-9.024,0.374425,0.16852423548698425
1318,-8.7,-9.011999999999999,0.37394999999999995,0.14056238532066345
1319,-8.7,-9.011999999999999,0.373475,0.18100105226039886
1320,-9.299999999999999,-9.036,0.37299999999999994,0.21653693914413452
1321,-9.299999999999999,-9.036,0.372525,0.1775105595588684
1322,-9.299999999999999,-9.048,0.37204999999999994,0.1607399433851242
1323,-9.299999999999999,-9.059999999999999,0.371575,0.09915602207183838
1324,-8.7,-9.048,0.37109999999999993,0.172146275639534
1325,-8.7,-9.035999999999998,0.370625,0.10644706338644028
1326,-9.299999999999999,-9.036,0.3701499999999999,0.18104693293571472
1327,-9.299999999999999,-9.059999999999999,0.369675,0.0919586569070816
1328,-9.299999999999999,-9.06,0.3691999999999999,0.14757928252220154
1329,-9.299999999999999,-9.072,0.36872499999999997,0.0828554555773735
1330,-9.299999999999999,-9.083999999999998,0.36824999999999997,0.08003085106611252
1331,-9.299999999999999,-9.083999999999998,0.367775,0.0892656072974205
1332,-9.299999999999999,-9.083999999999998,0.36729999999999996,0.18185395002365112
1333,-9.299999999999999,-9.107999999999999,0.366825,0.10019706189632416
1334,-8.7,-9.095999999999998,0.36634999999999995,0.10622178763151169
1335,-9.299999999999999,-9.107999999999997,0.365875,0.15626074373722076
1336,-9.299999999999999,-9.107999999999999,0.36539999999999995,0.20229840278625488
1337,-9.299999999999999,-9.107999999999999,0.364925,0.16533266007900238
1338,-9.299999999999999,-9.107999999999999,0.36444999999999994,0.16525688767433167
1339,-9.299999999999999,-9.119999999999997,0.363975,0.10944435000419617
1340,-9.299999999999999,-9.12,0.36349999999999993,0.1310567855834961
1341,-8.7,-9.107999999999999,0.363025,0.1675611436367035
1342,-9.299999999999999,-9.119999999999997,0.36254999999999993,0.05855873227119446
1343,-9.299999999999999,-9.131999999999998,0.362075,0.12615667283535004
1344,-9.299999999999999,-9.155999999999999,0.3615999999999999,0.21647924184799194
1345,-8.7,-9.143999999999998,0.361125,0.2058504819869995
1346,-9.299999999999999,-9.143999999999998,0.3606499999999999,0.177482008934021
1347,-9.299999999999999,-9.143999999999998,0.36017499999999997,0.20464426279067993
1348,-9.299999999999999,-9.143999999999998,0.3596999999999999,0.11063496768474579
1349,-9.299999999999999,-9.143999999999998,0.35922499999999996,0.08131268620491028
1350,-9.299999999999999,-9.155999999999999,0.35874999999999996,0.18328547477722168
1351,-9.299999999999999,-9.168,0.358275,0.2938900291919708
1352,-8.7,-9.155999999999999,0.35779999999999995,0.28249990940093994
1353,-9.299999999999999,-9.155999999999999,0.357325,0.3491733968257904
1354,-9.299999999999999,-9.155999999999999,0.35684999999999995,0.10277330130338669
1355,-9.299999999999999,-9.155999999999999,0.356375,0.10014595091342926
1356,-9.299999999999999,-9.155999999999999,0.35589999999999994,0.2853448688983917
1357,-9.299999999999999,-9.155999999999999,0.355425,0.14778092503547668
1358,-9.299999999999999,-9.155999999999999,0.35494999999999993,0.09998857975006104
1359,-9.299999999999999,-9.155999999999999,0.354475,0.13435953855514526
1360,-9.299999999999999,-9.155999999999999,0.3539999999999999,0.3299328684806824
1361,-9.299999999999999,-9.168,0.353525,0.1497209668159485
1362,-9.299999999999999,-9.168,0.3530499999999999,0.1625337302684784
1363,-9.299999999999999,-9.179999999999998,0.35257499999999997,0.15536770224571228
1364,-8.7,-9.179999999999998,0.3520999999999999,0.27027150988578796
1365,-9.299999999999999,-9.179999999999998,0.35162499999999997,0.3249673545360565
1366,-8.7,-9.167999999999997,0.3511499999999999,0.1613728404045105
1367,-9.299999999999999,-9.179999999999998,0.35067499999999996,0.20977726578712463
1368,-9.299999999999999,-9.191999999999998,0.3501999999999999,0.16315887868404388
1369,-8.7,-9.191999999999998,0.34972499999999995,0.14024598896503448
1370,-9.299999999999999,-9.191999999999998,0.34924999999999995,0.13966992497444153
1371,-8.7,-9.179999999999998,0.348775,0.23306046426296234
1372,-8.7,-9.167999999999997,0.34829999999999994,0.21237945556640625
1373,-9.299999999999999,-9.168,0.347825,0.13329409062862396
1374,-8.7,-9.168,0.34734999999999994,0.11841920018196106
1375,-9.299999999999999,-9.179999999999998,0.346875,0.21429139375686646
1376,-8.7,-9.168,0.34640000000000004,0.18534117937088013
1377,-9.299999999999999,-9.168,0.345925,0.17612525820732117
1378,-9.299999999999999,-9.168,0.34545000000000003,0.12701666355133057
1379,-9.299999999999999,-9.168,0.344975,0.16410432755947113
1380,-9.299999999999999,-9.168,0.34450000000000003,0.17815451323986053
1381,-9.299999999999999,-9.168,0.34402499999999997,0.07720185816287994
1382,-8.7,-9.155999999999999,0.34355,0.10124309360980988
1383,-9.299999999999999,-9.155999999999999,0.34307499999999996,0.27665379643440247
1384,-9.299999999999999,-9.168,0.3426,0.0769665315747261
1385,-9.299999999999999,-9.168,0.34212499999999996,0.26255860924720764
1386,-9.299999999999999,-9.168,0.34165,0.21031630039215088
1387,-9.299999999999999,-9.168,0.34117499999999995,0.12169881910085678
1388,-8.7,-9.155999999999999,0.3407,0.04434295371174812
1389,-9.299999999999999,-9.155999999999999,0.34022499999999994,0.17457513511180878
1390,-8.7,-9.143999999999998,0.33975,0.17736010253429413
1391,-9.299999999999999,-9.155999999999999,0.339275,0.25540804862976074
1392,-9.299999999999999,-9.155999999999999,0.33880000000000005,0.17667695879936218
1393,-8.7,-9.143999999999998,0.338325,0.13978873193264008
1394,-9.299999999999999,-9.143999999999998,0.33785000000000004,0.07698683440685272
1395,-9.299999999999999,-9.155999999999999,0.337375,0.140008807182312
1396,-9.299999999999999,-9.155999999999999,0.33690000000000003,0.11097344756126404
1397,-8.7,-9.143999999999998,0.336425,0.09687424451112747
1398,-9.299999999999999,-9.143999999999998,0.33595,0.2268834263086319
1399,-9.299999999999999,-9.143999999999998,0.33547499999999997,0.21192988753318787
1400,-9.299999999999999,-9.143999999999998,0.335,0.2291894257068634
1401,-9.299999999999999,-9.143999999999998,0.33452499999999996,0.07513140887022018
1402,-9.299999999999999,-9.155999999999999,0.33405,0.14114587008953094
1403,-9.299999999999999,-9.155999999999999,0.33357499999999995,0.2230084240436554
1404,-9.299999999999999,-9.155999999999999,0.3331,0.16833746433258057
1405,-9.299999999999999,-9.155999999999999,0.33262499999999995,0.28460291028022766
1406,-9.299999999999999,-9.155999999999999,0.33215,0.21623945236206055
1407,-9.299999999999999,-9.155999999999999,0.33167499999999994,0.13024264574050903
1408,-8.7,-9.143999999999998,0.3312,0.09232399612665176
1409,-9.299999999999999,-9.143999999999998,0.33072499999999994,0.08690562844276428
1410,-9.299999999999999,-9.143999999999998,0.33025,0.08653733134269714
1411,-9.299999999999999,-9.143999999999998,0.329775,0.22903898358345032
1412,-9.299999999999999,-9.143999999999998,0.32930000000000004,0.17744436860084534
1413,-9.299999999999999,-9.143999999999998,0.328825,0.09675769507884979
1414,-9.299999999999999,-9.155999999999999,0.32835000000000003,0.13305342197418213
1415,-8.7,-9.143999999999998,0.32787499999999997,0.10200276970863342
1416,-9.299999999999999,-9.155999999999999,0.3274,0.2643955945968628
1417,-9.299999999999999,-9.155999999999999,0.32692499999999997,0.19611120223999023
1418,-8.7,-9.143999999999998,0.32645,0.10138680040836334
1419,-9.299999999999999,-9.155999999999999,0.32597499999999996,0.0911741703748703
1420,-9.299999999999999,-9.155999999999999,0.3255,0.19322463870048523
1421,-9.299999999999999,-9.168,0.32502499999999995,0.19207091629505157
1422,-9.299999999999999,-9.18,0.32455,0.15866494178771973
1423,-9.299999999999999,-9.18,0.32407499999999995,0.20891714096069336
1424,-9.299999999999999,-9.191999999999998,0.3236,0.1683368980884552
1425,-9.299999999999999,-9.191999999999998,0.32312499999999994,0.16806179285049438
1426,-9.299999999999999,-9.203999999999999,0.32265,0.13256971538066864
1427,-9.299999999999999,-9.203999999999999,0.32217499999999993,0.08327362686395645
1428,-8.7,-9.191999999999998,0.3217,0.1343909204006195
1429,-9.299999999999999,-9.191999999999998,0.3212249999999999,0.11973439902067184
1430,-9.299999999999999,-9.191999999999998,0.32075,0.2502361834049225
1431,-9.299999999999999,-9.191999999999998,0.320275,0.054246656596660614
1432,-9.299999999999999,-9.203999999999999,0.31980000000000003,0.07586362212896347
1433,-9.299999999999999,-9.203999999999999,0.31932499999999997,0.2195436656475067
1434,-8.7,-9.191999999999998,0.31885,0.1076420396566391
1435,-8.7,-9.179999999999998,0.31837499999999996,0.22094225883483887
1436,-9.299999999999999,-9.179999999999998,0.3179,0.08275072276592255
1437,-9.299999999999999,-9.18,0.31742499999999996,0.12789443135261536
1438,-9.299999999999999,-9.191999999999998,0.31695,0.0827430933713913
1439,-9.299999999999999,-9.191999999999998,0.31647499999999995,0.07638685405254364
1440,-9.299999999999999,-9.203999999999999,0.316,0.1786631941795349
1441,-9.299999999999999,-9.203999999999999,0.31552499999999994,0.11694067716598511
1442,-9.299999999999999,-9.203999999999999,0.31505,0.20289096236228943
1443,-9.299999999999999,-9.216,0.31457499999999994,0.14274102449417114
1444,-9.299999999999999,-9.216,0.3141,0.14607875049114227
1445,-9.299999999999999,-9.216,0.31362499999999993,0.24850547313690186
1446,-9.299999999999999,-9.216,0.31315,0.22204411029815674
1447,-9.299999999999999,-9.227999999999998,0.3126749999999999,0.1996341347694397
1448,-8.7,-9.215999999999998,0.3122,0.07035703212022781
1449,-9.299999999999999,-9.215999999999998,0.3117249999999999,0.26741844415664673
1450,-8.7,-9.203999999999999,0.31124999999999997,0.13514778017997742
1451,-9.299999999999999,-9.203999999999999,0.31077499999999997,0.20395764708518982
1452,-9.299999999999999,-9.203999999999999,0.3103,0.20429277420043945
1453,-9.299999999999999,-9.203999999999999,0.30982499999999996,0.057775940746068954
1454,-9.299999999999999,-9.203999999999999,0.30935,0.14452482759952545
1455,-9.299999999999999,-9.203999999999999,0.30887499999999996,0.13315337896347046
1456,-9.299999999999999,-9.203999999999999,0.3084,0.16609235107898712
1457,-9.299999999999999,-9.203999999999999,0.30792499999999995,0.08925993740558624
1458,-9.299999999999999,-9.216,0.30745,0.19285300374031067
1459,-9.299999999999999,-9.216,0.30697499999999994,0.11664915829896927
1460,-9.299999999999999,-9.216,0.3065,0.10864663869142532
1461,-9.299999999999999,-9.216,0.30602499999999994,0.1174253597855568
1462,-9.299999999999999,-9.216,0.30555,0.10743971168994904
1463,-9.299999999999999,-9.216,0.30507499999999993,0.12425389885902405
1464,-8.7,-9.203999999999999,0.3046,0.19640696048736572
1465,-9.299999999999999,-9.216,0.3041249999999999,0.11545847356319427
1466,-9.299999999999999,-9.216,0.30365,0.0847325399518013
1467,-9.299999999999999,-9.216,0.3031749999999999,0.2238730788230896
1468,-9.299999999999999,-9.227999999999998,0.30269999999999997,0.2148229032754898
1469,-9.299999999999999,-9.228,0.3022249999999999,0.20243382453918457
1470,-9.299999999999999,-9.227999999999998,0.30174999999999996,0.15280461311340332
1471,-9.299999999999999,-9.227999999999998,0.30127499999999996,0.11999321728944778
1472,-9.299999999999999,-9.227999999999998,0.3008,0.12270884215831757
1473,-8.7,-9.216,0.30032499999999995,0.15967100858688354
1474,-9.299999999999999,-9.215999999999998,0.29985,0.16898515820503235
1475,-9.299999999999999,-9.216,0.29937499999999995,0.22060781717300415
1476,-9.299999999999999,-9.216,0.2989,0.15238986909389496
1477,-9.299999999999999,-9.216,0.29842499999999994,0.18326787650585175
1478,-9.299999999999999,-9.227999999999998,0.29795,0.13423416018486023
1479,-9.299999999999999,-9.228,0.29747499999999993,0.06303159892559052
1480,-9.299999999999999,-9.228,0.297,0.23474982380867004
1481,-9.299999999999999,-9.228,0.2965249999999999,0.23283129930496216
1482,-9.299999999999999,-9.227999999999998,0.29605,0.1134796142578125
1483,-8.7,-9.216,0.2955749999999999,0.2082129716873169
1484,-8.7,-9.215999999999998,0.2951,0.17908786237239838
1485,-9.299999999999999,-9.227999999999998,0.29462499999999997,0.15956348180770874
1486,-9.299999999999999,-9.227999999999998,0.29415,0.14213082194328308
1487,-9.299999999999999,-9.228,0.29367499999999996,0.16429868340492249
1488,-9.299999999999999,-9.227999999999998,0.2932,0.08689428865909576
1489,-9.299999999999999,-9.228,0.29272499999999996,0.16558900475502014
1490,-9.299999999999999,-9.227999999999998,0.29225,0.17145052552223206
1491,-8.7,-9.216,0.29177499999999995,0.16011524200439453
1492,-9.299999999999999,-9.215999999999998,0.2913,0.22987310588359833
1493,-9.299999999999999,-9.216,0.29082499999999994,0.20162174105644226
1494,-9.299999999999999,-9.216,0.29035,0.11212489008903503
1495,-9.299999999999999,-9.216,0.28987499999999994,0.2009180784225464
1496,-9.299999999999999,-9.216,0.2894,0.1616966426372528
1497,-8.7,-9.203999999999999,0.28892499999999993,0.1382843554019928
1498,-9.299999999999999,-9.216,0.28845,0.18818527460098267
1499,-9.299999999999999,-9.216,0.2879749999999999,0.16227740049362183
1500,-9.299999999999999,-9.228,0.2875,0.1694912314414978
1501,-9.299999999999999,-9.228,0.28702500000000003,0.11477281898260117
1502,-9.299999999999999,-9.228,0.28654999999999997,0.10880385339260101
1503,-9.299999999999999,-9.228,0.286075,0.09519772231578827
1504,-9.299999999999999,-9.228,0.28559999999999997,0.14276722073554993
1505,-9.299999999999999,-9.228,0.285125,0.14104421436786652
1506,-8.7,-9.216,0.28465,0.23126724362373352
1507,-9.299999999999999,-9.216,0.28417500000000007,0.14989463984966278
1508,-9.299999999999999,-9.216,0.2837,0.09296481311321259
1509,-9.299999999999999,-9.216,0.28322500000000006,0.1326649934053421
1510,-9.299999999999999,-9.216,0.28275,0.09180399030447006
1511,-9.299999999999999,-9.216,0.28227500000000005,0.14606636762619019
1512,-9.299999999999999,-9.216,0.2818,0.1865878701210022
1513,-8.7,-9.203999999999999,0.28132500000000005,0.11130689829587936
1514,-9.299999999999999,-9.216,0.28085,0.13004127144813538
1515,-9.299999999999999,-9.216,0.28037500000000004,0.21535049378871918
1516,-9.299999999999999,-9.216,0.2799,0.2632145881652832
1517,-9.299999999999999,-9.216,0.27942500000000003,0.24906086921691895
1518,-9.299999999999999,-9.216,0.27895,0.13813385367393494
1519,-9.299999999999999,-9.216,0.27847500000000003,0.29503101110458374
1520,-9.299999999999999,-9.216,0.27799999999999997,0.1817641258239746
1521,-9.299999999999999,-9.216,0.277525,0.24513444304466248
1522,-9.299999999999999,-9.216,0.27704999999999996,0.14640456438064575
1523,-9.299999999999999,-9.227999999999998,0.276575,0.1543555110692978
1524,-9.299999999999999,-9.228,0.27609999999999996,0.18746143579483032
1525,-9.299999999999999,-9.228,0.275625,0.3237650394439697
1526,-9.299999999999999,-9.228,0.27515,0.10397784411907196
1527,-9.299999999999999,-9.227999999999998,0.27467500000000006,0.20474165678024292
1528,-9.299999999999999,-9.228,0.2742,0.1320110708475113
1529,-9.299999999999999,-9.228,0.27372500000000005,0.1887863278388977
1530,-8.7,-9.216,0.27325,0.20316563546657562
1531,-9.299999999999999,-9.215999999999998,0.27277500000000005,0.12751170992851257
1532,-8.7,-9.203999999999999,0.2723,0.09277283400297165
1533,-9.299999999999999,-9.216,0.27182500000000004,0.1170341968536377
1534,-9.299999999999999,-9.228,0.27135,0.24408990144729614
1535,-9.299999999999999,-9.227999999999998,0.27087500000000003,0.11419646441936493
1536,-8.7,-9.215999999999998,0.2704,0.134971022605896
1537,-9.299999999999999,-9.216,0.269925,0.062369778752326965
1538,-9.299999999999999,-9.216,0.26944999999999997,0.1276385486125946
1539,-8.7,-9.203999999999999,0.268975,0.2059018909931183
1540,-9.299999999999999,-9.203999999999999,0.26849999999999996,0.14787572622299194
1541,-9.299999999999999,-9.216,0.268025,0.13752487301826477
1542,-9.299999999999999,-9.216,0.26754999999999995,0.2190050631761551
1543,-9.299999999999999,-9.216,0.267075,0.2198115736246109
1544,-9.299999999999999,-9.216,0.26659999999999995,0.20875295996665955
1545,-9.299999999999999,-9.216,0.266125,0.08783641457557678
1546,-9.299999999999999,-9.216,0.26565,0.126392662525177
1547,-9.299999999999999,-9.227999999999998,0.26517500000000005,0.18413576483726501
1548,-9.299999999999999,-9.227999999999998,0.2647,0.18555891513824463
1549,-9.299999999999999,-9.228,0.26422500000000004,0.12468944489955902
1550,-9.299999999999999,-9.228,0.26375,0.2004062831401825
1551,-9.299999999999999,-9.227999999999998,0.26327500000000004,0.09014834463596344
1552,-9.299999999999999,-9.227999999999998,0.2628,0.10717964917421341
1553,-9.299999999999999,-9.228,0.26232500000000003,0.09735694527626038
1554,-9.299999999999999,-9.228,0.26184999999999997,0.07598939538002014
1555,-9.299999999999999,-9.227999999999998,0.261375,0.13441160321235657
1556,-9.299999999999999,-9.239999999999998,0.26089999999999997,0.10648898780345917
1557,-9.299999999999999,-9.239999999999998,0.260425,0.16084440052509308
1558,-9.299999999999999,-9.239999999999998,0.25994999999999996,0.10820427536964417
1559,-9.299999999999999,-9.239999999999998,0.259475,0.13845579326152802
1560,-9.299999999999999,-9.239999999999998,0.25899999999999995,0.12431445717811584
1561,-9.299999999999999,-9.239999999999998,0.258525,0.15551745891571045
1562,-9.299999999999999,-9.239999999999998,0.25804999999999995,0.11035166680812836
1563,-9.299999999999999,-9.251999999999999,0.257575,0.14452683925628662
1564,-9.299999999999999,-9.251999999999999,0.25709999999999994,0.10198254883289337
1565,-9.299999999999999,-9.251999999999999,0.256625,0.17467933893203735
1566,-9.299999999999999,-9.251999999999999,0.25615,0.1046985387802124
1567,-9.299999999999999,-9.251999999999999,0.25567500000000004,0.10769955813884735
1568,-9.299999999999999,-9.251999999999999,0.2552,0.19911755621433258
1569,-9.299999999999999,-9.251999999999999,0.25472500000000003,0.12655110657215118
1570,-9.299999999999999,-9.251999999999999,0.25425,0.2896963059902191
1571,-9.299999999999999,-9.251999999999999,0.25377500000000003,0.02616368606686592
1572,-9.299999999999999,-9.251999999999999,0.25329999999999997,0.19959348440170288
1573,-9.299999999999999,-9.251999999999999,0.252825,0.23961558938026428
1574,-9.299999999999999,-9.251999999999999,0.25234999999999996,0.1203499287366867
1575,-9.299999999999999,-9.251999999999999,0.251875,0.19774705171585083
1576,-8.7,-9.239999999999998,0.25139999999999996,0.19361382722854614
1577,-9.299999999999999,-9.239999999999998,0.250925,0.0832846611738205
1578,-9.299999999999999,-9.239999999999998,0.25044999999999995,0.1677299588918686
1579,-9.299999999999999,-9.239999999999998,0.249975,0.11562836170196533
1580,-9.299999999999999,-9.251999999999999,0.24949999999999994,0.11403828859329224
1581,-9.299999999999999,-9.251999999999999,0.249025,0.10155533254146576
1582,-9.299999999999999,-9.264,0.24854999999999994,0.14542660117149353
1583,-9.299999999999999,-9.264,0.248075,0.11751686036586761
1584,-9.299999999999999,-9.264,0.24759999999999993,0.13395674526691437
1585,-9.299999999999999,-9.264,0.24712499999999998,0.15552113950252533
1586,-9.299999999999999,-9.276,0.24664999999999998,0.08920636773109436
1587,-8.7,-9.264,0.24617500000000003,0.08471240103244781
1588,-9.299999999999999,-9.264,0.24569999999999997,0.13109302520751953
1589,-9.299999999999999,-9.276,0.24522500000000003,0.06297794729471207
1590,-8.7,-9.264,0.24474999999999997,0.08062611520290375
1591,-9.299999999999999,-9.264,0.24427500000000002,0.13648621737957
1592,-9.299999999999999,-9.264,0.24379999999999996,0.15404270589351654
1593,-9.299999999999999,-9.264,0.243325,0.13337868452072144
1594,-9.299999999999999,-9.264,0.24284999999999995,0.0941077470779419
1595,-9.299999999999999,-9.264,0.242375,0.1902484893798828
1596,-9.299999999999999,-9.264,0.24189999999999995,0.11664590239524841
1597,-8.7,-9.251999999999999,0.241425,0.08930385857820511
1598,-9.299999999999999,-9.251999999999999,0.24094999999999994,0.09645949304103851
1599,-9.299999999999999,-9.251999999999999,0.240475,0.14017713069915771
1600,-9.299999999999999,-9.251999999999999,0.23999999999999994,0.16851112246513367
1601,-9.299999999999999,-9.251999999999999,0.239525,0.1629650890827179
1602,-9.299999999999999,-9.251999999999999,0.23904999999999993,0.2290295511484146
1603,-9.299999999999999,-9.251999999999999,0.23857499999999998,0.1439257264137268
1604,-8.7,-9.239999999999998,0.23809999999999992,0.19272126257419586
1605,-9.299999999999999,-9.239999999999998,0.23762499999999998,0.17944125831127167
1606,-9.299999999999999,-9.239999999999998,0.23714999999999997,0.14819946885108948
1607,-9.299999999999999,-9.239999999999998,0.23667500000000002,0.17556291818618774
1608,-9.299999999999999,-9.239999999999998,0.23619999999999997,0.12950560450553894
1609,-9.299999999999999,-9.239999999999998,0.23572500000000002,0.17414028942584991
1610,-9.299999999999999,-9.239999999999998,0.23524999999999996,0.16128621995449066
1611,-9.299999999999999,-9.239999999999998,0.234775,0.10035145282745361
1612,-9.299999999999999,-9.239999999999998,0.23429999999999995,0.20132622122764587
1613,-9.299999999999999,-9.239999999999998,0.233825,0.09086649864912033
1614,-9.299999999999999,-9.239999999999998,0.23334999999999995,0.10400352627038956
1615,-9.299999999999999,-9.239999999999998,0.232875,0.197750985622406
1616,-9.299999999999999,-9.239999999999998,0.23239999999999994,0.11303368210792542
1617,-9.299999999999999,-9.239999999999998,0.231925,0.21280768513679504
1618,-9.299999999999999,-9.239999999999998,0.23144999999999993,0.1912078857421875
1619,-9.299999999999999,-9.239999999999998,0.23097499999999999,0.1349114328622818
1620,-9.299999999999999,-9.239999999999998,0.23049999999999993,0.12131509184837341
1621,-9.299999999999999,-9.239999999999998,0.23002499999999998,0.11275722831487656
1622,-9.299999999999999,-9.239999999999998,0.22954999999999992,0.18243268132209778
1623,-9.299999999999999,-9.239999999999998,0.22907499999999997,0.12080243229866028
1624,-9.299999999999999,-9.239999999999998,0.22859999999999991,0.15602770447731018
1625,-9.299999999999999,-9.239999999999998,0.22812499999999997,0.07826389372348785
1626,-9.299999999999999,-9.251999999999999,0.22765000000000007,0.13941064476966858
1627,-9.299999999999999,-9.251999999999999,0.22717500000000002,0.16249357163906097
1628,-9.299999999999999,-9.251999999999999,0.22670000000000007,0.0840480625629425
1629,-9.299999999999999,-9.251999999999999,0.226225,0.13764512538909912
1630,-9.299999999999999,-9.251999999999999,0.22575000000000006,0.08071710169315338
1631,-9.299999999999999,-9.251999999999999,0.225275,0.09527645260095596
1632,-8.7,-9.239999999999998,0.22480000000000006,0.27574366331100464
1633,-9.299999999999999,-9.239999999999998,0.224325,0.15956810116767883
1634,-9.299999999999999,-9.239999999999998,0.22385000000000005,0.19568771123886108
1635,-9.299999999999999,-9.239999999999998,0.223375,0.18177691102027893
1636,-9.299999999999999,-9.239999999999998,0.22290000000000004,0.13573284447193146
1637,-9.299999999999999,-9.251999999999999,0.22242499999999998,0.14884528517723083
1638,-9.299999999999999,-9.251999999999999,0.22195000000000004,0.11082836985588074
1639,-9.299999999999999,-9.251999999999999,0.22147499999999998,0.09920894354581833
1640,-9.299999999999999,-9.264,0.22100000000000003,0.11609527468681335
1641,-9.299999999999999,-9.264,0.22052499999999997,0.17348212003707886
1642,-9.299999999999999,-9.264,0.22005000000000002,0.10515953600406647
1643,-9.299999999999999,-9.264,0.21957499999999996,0.14503106474876404
1644,-9.299999999999999,-9.264,0.21910000000000002,0.1789955198764801
1645,-9.299999999999999,-9.264,0.218625,0.17919933795928955
1646,-9.299999999999999,-9.264,0.21815000000000007,0.13836732506752014
1647,-8.7,-9.264,0.217675,0.1370677947998047
1648,-9.299999999999999,-9.264,0.21720000000000006,0.18136677145957947
1649,-9.299999999999999,-9.264,0.216725,0.0876026377081871
1650,-9.299999999999999,-9.264,0.21625000000000005,0.17782190442085266
1651,-9.299999999999999,-9.264,0.215775,0.1629529446363449
1652,-9.299999999999999,-9.264,0.21530000000000005,0.3028334379196167
1653,-9.299999999999999,-9.264,0.214825,0.21094071865081787
1654,-9.299999999999999,-9.276,0.21435000000000004,0.2212504744529724
1655,-9.299999999999999,-9.276,0.21387499999999998,0.11167087405920029
1656,-9.299999999999999,-9.276,0.21340000000000003,0.1210014671087265
1657,-9.299999999999999,-9.276,0.21292499999999998,0.11779662221670151
1658,-9.299999999999999,-9.276,0.21245000000000003,0.11977339535951614
1659,-9.299999999999999,-9.276,0.21197499999999997,0.20192387700080872
1660,-9.299999999999999,-9.276,0.21150000000000002,0.1652379333972931
1661,-9.299999999999999,-9.276,0.21102499999999996,0.15255779027938843
1662,-9.299999999999999,-9.276,0.21055000000000001,0.21346010267734528
1663,-9.299999999999999,-9.276,0.21007499999999996,0.11551584303379059
1664,-9.299999999999999,-9.276,0.2096,0.13144579529762268
1665,-9.299999999999999,-9.276,0.209125,0.09548912942409515
1666,-9.299999999999999,-9.276,0.20865000000000006,0.20819972455501556
1667,-9.299999999999999,-9.276,0.208175,0.14430218935012817
1668,-9.299999999999999,-9.276,0.20770000000000005,0.1366591602563858
1669,-9.299999999999999,-9.276,0.207225,0.328794926404953
1670,-9.299999999999999,-9.276,0.20675000000000004,0.14643225073814392
1671,-9.299999999999999,-9.276,0.206275,0.2951584458351135
1672,-9.299999999999999,-9.276,0.20580000000000004,0.1609734296798706
1673,-9.299999999999999,-9.276,0.20532499999999998,0.11028064042329788
1674,-9.299999999999999,-9.276,0.20485000000000003,0.1283995509147644
1675,-9.299999999999999,-9.276,0.20437499999999997,0.19834953546524048
1676,-9.299999999999999,-9.276,0.20390000000000003,0.14156608283519745
1677,-9.299999999999999,-9.276,0.20342499999999997,0.2522481381893158
1678,-9.299999999999999,-9.276,0.20295000000000002,0.23778127133846283
1679,-9.299999999999999,-9.276,0.20247499999999996,0.15602540969848633
1680,-9.299999999999999,-9.276,0.202,0.29785269498825073
1681,-9.299999999999999,-9.276,0.20152499999999995,0.2607855200767517
1682,-8.7,-9.276,0.20105,0.08943292498588562
1683,-9.299999999999999,-9.276,0.20057499999999995,0.13491126894950867
1684,-9.299999999999999,-9.276,0.2001,0.11511565744876862
1685,-9.299999999999999,-9.276,0.199625,0.4890720844268799
1686,-9.299999999999999,-9.276,0.19915000000000005,0.12003706395626068
1687,-9.299999999999999,-9.276,0.198675,0.2654055953025818
1688,-9.299999999999999,-9.276,0.19820000000000004,0.13603214919567108
1689,-9.299999999999999,-9.276,0.19772499999999998,0.20037546753883362
1690,-9.299999999999999,-9.276,0.19725000000000004,0.119057297706604
1691,-9.299999999999999,-9.276,0.19677499999999998,0.15192574262619019
1692,-9.299999999999999,-9.276,0.19630000000000003,0.17645373940467834
1693,-9.299999999999999,-9.276,0.19582499999999997,0.13417714834213257
1694,-9.299999999999999,-9.276,0.19535000000000002,0.21022529900074005
1695,-9.299999999999999,-9.276,0.19487499999999996,0.17173390090465546
1696,-9.299999999999999,-9.276,0.19440000000000002,0.12181568145751953
1697,-9.299999999999999,-9.288,0.19392499999999996,0.14549465477466583
1698,-9.299999999999999,-9.288,0.19345,0.09525547921657562
1699,-9.299999999999999,-9.288,0.19297499999999995,0.1094156801700592
1700,-8.7,-9.276,0.1925,0.06297022104263306
1701,-9.299999999999999,-9.276,0.19202499999999995,0.13217654824256897
1702,-9.299999999999999,-9.276,0.19155,0.16799788177013397
1703,-9.299999999999999,-9.276,0.19107499999999994,0.14892889559268951
1704,-9.299999999999999,-9.276,0.1906,0.07433323562145233
1705,-9.299999999999999,-9.276,0.190125,0.11185695230960846
1706,-9.299999999999999,-9.276,0.18965000000000004,0.1338871419429779
1707,-9.299999999999999,-9.276,0.18917499999999998,0.17761240899562836
1708,-9.299999999999999,-9.276,0.18870000000000003,0.1324317455291748
1709,-9.299999999999999,-9.276,0.18822499999999998,0.14419333636760712
1710,-9.299999999999999,-9.276,0.18775000000000003,0.34808266162872314
1711,-9.299999999999999,-9.276,0.18727499999999997,0.2752670645713806
1712,-9.299999999999999,-9.276,0.18680000000000002,0.06413138657808304
1713,-9.299999999999999,-9.276,0.18632499999999996,0.13331207633018494
1714,-9.299999999999999,-9.276,0.18585000000000002,0.16201400756835938
1715,-9.299999999999999,-9.276,0.18537499999999996,0.17251168191432953
1716,-9.299999999999999,-9.276,0.1849,0.2125520259141922
1717,-9.299999999999999,-9.276,0.18442499999999995,0.23237183690071106
1718,-9.299999999999999,-9.276,0.18395,0.16252614557743073
1719,-9.299999999999999,-9.276,0.18347499999999994,0.19603601098060608
1720,-9.299999999999999,-9.276,0.183,0.28671979904174805
1721,-9.299999999999999,-9.276,0.18252499999999994,0.23392699658870697
1722,-8.7,-9.264,0.18205,0.13140198588371277
1723,-9.299999999999999,-9.264,0.18157499999999993,0.16445592045783997
1724,-9.299999999999999,-9.264,0.18109999999999998,0.20294314622879028
1725,-9.299999999999999,-9.264,0.18062499999999998,0.1685909628868103
1726,-9.299999999999999,-9.264,0.18015000000000003,0.11059471219778061
1727,-9.299999999999999,-9.264,0.17967499999999997,0.19847804307937622
1728,-9.299999999999999,-9.264,0.17920000000000003,0.19770973920822144
1729,-9.299999999999999,-9.264,0.17872499999999997,0.08309116959571838
1730,-9.299999999999999,-9.264,0.17825000000000002,0.17468151450157166
1731,-9.299999999999999,-9.264,0.17777499999999996,0.1647697240114212
1732,-9.299999999999999,-9.276,0.1773,0.1501200944185257
1733,-9.299999999999999,-9.276,0.17682499999999995,0.09578728675842285
1734,-9.299999999999999,-9.276,0.17635,0.2445787638425827
1735,-9.299999999999999,-9.276,0.17587499999999995,0.14828266203403473
1736,-9.299999999999999,-9.276,0.1754,0.12257861346006393
1737,-9.299999999999999,-9.276,0.17492499999999994,0.11966437101364136
1738,-9.299999999999999,-9.276,0.17445,0.1161583736538887
1739,-9.299999999999999,-9.276,0.17397499999999994,0.3375842273235321
1740,-9.299999999999999,-9.276,0.1735,0.2139125019311905
1741,-9.299999999999999,-9.276,0.17302499999999993,0.24679216742515564
1742,-9.299999999999999,-9.276,0.17254999999999998,0.1340046375989914
1743,-9.299999999999999,-9.276,0.17207499999999995,0.16571912169456482
1744,-9.299999999999999,-9.276,0.1716,0.13786505162715912
1745,-9.299999999999999,-9.276,0.17112499999999994,0.18828566372394562
1746,-9.299999999999999,-9.276,0.17065,0.34081166982650757
1747,-9.299999999999999,-9.276,0.17017499999999997,0.12911225855350494
1748,-9.299999999999999,-9.276,0.16970000000000002,0.2097797691822052
1749,-9.299999999999999,-9.276,0.16922499999999996,0.2780814468860626
1750,-9.299999999999999,-9.288,0.16875,0.1439584344625473
1751,-9.299999999999999,-9.288,0.16827500000000006,0.18075904250144958
1752,-9.299999999999999,-9.288,0.1678,0.16386157274246216
1753,-9.299999999999999,-9.288,0.16732500000000006,0.16430404782295227
1754,-9.299999999999999,-9.288,0.16685,0.17991311848163605
1755,-9.299999999999999,-9.288,0.16637500000000005,0.162519633769989
1756,-9.299999999999999,-9.288,0.1659,0.1309002935886383
1757,-9.299999999999999,-9.288,0.16542500000000004,0.17338332533836365
1758,-9.299999999999999,-9.288,0.16494999999999999,0.2711501121520996
1759,-9.299999999999999,-9.288,0.16447500000000004,0.22919531166553497
1760,-9.299999999999999,-9.288,0.16399999999999998,0.12135355919599533
1761,-9.299999999999999,-9.288,0.16352500000000003,0.21225586533546448
1762,-9.299999999999999,-9.288,0.16304999999999997,0.13544967770576477
1763,-9.299999999999999,-9.288,0.16257500000000003,0.2211003303527832
1764,-9.299999999999999,-9.288,0.1621,0.18462151288986206
1765,-9.299999999999999,-9.288,0.16162500000000005,0.17323601245880127
1766,-9.299999999999999,-9.288,0.16115,0.22275082767009735
1767,-9.299999999999999,-9.288,0.16067500000000004,0.17883354425430298
1768,-9.299999999999999,-9.288,0.1602,0.1876528114080429
1769,-9.299999999999999,-9.288,0.15972500000000006,0.2683301270008087
1770,-9.299999999999999,-9.288,0.15925,0.14408418536186218
1771,-9.299999999999999,-9.288,0.15877500000000005,0.24064786732196808
1772,-9.299999999999999,-9.299999999999999,0.1583,0.27077990770339966
1773,-9.299999999999999,-9.299999999999999,0.15782500000000005,0.0778500959277153
1774,-9.299999999999999,-9.299999999999999,0.15735,0.15171480178833008
1775,-9.299999999999999,-9.299999999999999,0.15687500000000004,0.23563554883003235
1776,-9.299999999999999,-9.299999999999999,0.15639999999999998,0.2766909599304199
1777,-9.299999999999999,-9.299999999999999,0.15592500000000004,0.12932085990905762
1778,-9.299999999999999,-9.299999999999999,0.15544999999999998,0.18771357834339142
1779,-9.299999999999999,-9.299999999999999,0.15497500000000003,0.18970942497253418
1780,-9.299999999999999,-9.299999999999999,0.15449999999999997,0.2332637906074524
1781,-9.299999999999999,-9.299999999999999,0.15402500000000002,0.15441593527793884
1782,-9.299999999999999,-9.299999999999999,0.15354999999999996,0.16100206971168518
1783,-9.299999999999999,-9.299999999999999,0.15307500000000002,0.13248905539512634
1784,-9.299999999999999,-9.299999999999999,0.15259999999999999,0.16782331466674805
1785,-9.299999999999999,-9.299999999999999,0.15212500000000004,0.30505993962287903
1786,-9.299999999999999,-9.299999999999999,0.15164999999999998,0.21900862455368042
1787,-9.299999999999999,-9.299999999999999,0.15117500000000003,0.27519774436950684
1788,-9.299999999999999,-9.299999999999999,0.1507,0.17552947998046875
1789,-9.299999999999999,-9.299999999999999,0.15022500000000005,0.13446244597434998
1790,-9.299999999999999,-9.299999999999999,0.14975,0.1737481653690338
1791,-9.299999999999999,-9.299999999999999,0.14927500000000005,0.2360830008983612
1792,-9.299999999999999,-9.299999999999999,0.1488,0.2449224591255188
1793,-9.299999999999999,-9.299999999999999,0.14832500000000004,0.09302318841218948
1794,-9.299999999999999,-9.299999999999999,0.14784999999999998,0.1444254219532013
1795,-9.299999999999999,-9.299999999999999,0.14737500000000003,0.17271673679351807
1796,-9.299999999999999,-9.299999999999999,0.14689999999999998,0.15943218767642975
1797,-9.299999999999999,-9.299999999999999,0.14642500000000003,0.16539549827575684
1798,-9.299999999999999,-9.299999999999999,0.14594999999999997,0.22541400790214539
1799,-9.299999999999999,-9.299999999999999,0.14547500000000002,0.2637949585914612
1800,-9.299999999999999,-9.299999999999999,0.14499999999999996,0.21042349934577942
1801,-9.299999999999999,-9.299999999999999,0.14452500000000001,0.17239674925804138
1802,-9.299999999999999,-9.299999999999999,0.14404999999999996,0.12363430857658386
1803,-9.299999999999999,-9.299999999999999,0.143575,0.11177363991737366
1804,-9.299999999999999,-9.299999999999999,0.14309999999999998,0.19491490721702576
1805,-9.299999999999999,-9.299999999999999,0.14262500000000003,0.21814528107643127
1806,-9.299999999999999,-9.299999999999999,0.14214999999999997,0.16318345069885254
1807,-9.299999999999999,-9.299999999999999,0.14167500000000002,0.10643643885850906
1808,-9.299999999999999,-9.299999999999999,0.1412,0.11861681938171387
1809,-9.299999999999999,-9.299999999999999,0.14072500000000004,0.1297622174024582
1810,-9.299999999999999,-9.299999999999999,0.14024999999999999,0.26179492473602295
1811,-9.299999999999999,-9.299999999999999,0.13977500000000004,0.19228971004486084
1812,-9.299999999999999,-9.299999999999999,0.13929999999999998,0.24551457166671753
1813,-9.299999999999999,-9.299999999999999,0.13882500000000003,0.1757723093032837
1814,-9.299999999999999,-9.299999999999999,0.13834999999999997,0.12005867809057236
1815,-9.299999999999999,-9.299999999999999,0.13787500000000003,0.21937376260757446
1816,-9.299999999999999,-9.299999999999999,0.13739999999999997,0.23152680695056915
1817,-9.299999999999999,-9.299999999999999,0.13692500000000002,0.14335018396377563
1818,-9.299999999999999,-9.299999999999999,0.13644999999999996,0.1127663180232048
1819,-9.299999999999999,-9.299999999999999,0.135975,0.06998167932033539
1820,-9.299999999999999,-9.299999999999999,0.13549999999999995,0.2700563371181488
1821,-9.299999999999999,-9.299999999999999,0.135025,0.13076093792915344
1822,-9.299999999999999,-9.299999999999999,0.13454999999999998,0.14771859347820282
1823,-9.299999999999999,-9.299999999999999,0.13407500000000003,0.24650642275810242
1824,-9.299999999999999,-9.299999999999999,0.13359999999999997,0.17523065209388733
1825,-9.299999999999999,-9.299999999999999,0.13312500000000002,0.2518623471260071
1826,-9.299999999999999,-9.299999999999999,0.13264999999999996,0.12953148782253265
1827,-9.299999999999999,-9.299999999999999,0.13217500000000001,0.38540416955947876
1828,-9.299999999999999,-9.299999999999999,0.13169999999999998,0.14828483760356903
1829,-9.299999999999999,-9.299999999999999,0.13122500000000004,0.2597859501838684
1830,-9.299999999999999,-9.299999999999999,0.13074999999999998,0.17297932505607605
1831,-9.299999999999999,-9.299999999999999,0.13027500000000003,0.16585999727249146
1832,-9.299999999999999,-9.299999999999999,0.12979999999999997,0.19324202835559845
1833,-9.299999999999999,-9.299999999999999,0.12932500000000002,0.1465420424938202
1834,-9.299999999999999,-9.299999999999999,0.12884999999999996,0.20855028927326202
1835,-9.299999999999999,-9.299999999999999,0.12837500000000002,0.1942310929298401
1836,-9.299999999999999,-9.299999999999999,0.12789999999999996,0.1902567446231842
1837,-9.299999999999999,-9.299999999999999,0.127425,0.15759366750717163
1838,-9.299999999999999,-9.299999999999999,0.12694999999999995,0.11838842183351517
1839,-9.299999999999999,-9.299999999999999,0.126475,0.15259987115859985
1840,-9.299999999999999,-9.299999999999999,0.12599999999999995,0.15027479827404022
1841,-9.299999999999999,-9.299999999999999,0.125525,0.17217937111854553
1842,-9.299999999999999,-9.299999999999999,0.12504999999999997,0.1342310607433319
1843,-9.299999999999999,-9.299999999999999,0.12457500000000002,0.11009256541728973
1844,-9.299999999999999,-9.299999999999999,0.12409999999999996,0.10509351640939713
1845,-9.299999999999999,-9.299999999999999,0.12362500000000001,0.2308860570192337
1846,-9.299999999999999,-9.299999999999999,0.12314999999999995,0.28864431381225586
1847,-9.299999999999999,-9.299999999999999,0.122675,0.226902037858963
1848,-9.299999999999999,-9.299999999999999,0.12219999999999996,0.21856361627578735
1849,-9.299999999999999,-9.299999999999999,0.12172500000000001,0.20210137963294983
1850,-9.299999999999999,-9.299999999999999,0.12124999999999996,0.2215576469898224
1851,-9.299999999999999,-9.299999999999999,0.12077500000000001,0.1398746520280838
1852,-9.299999999999999,-9.299999999999999,0.12029999999999996,0.17723625898361206
1853,-9.299999999999999,-9.299999999999999,0.11982500000000001,0.29928362369537354
1854,-9.299999999999999,-9.299999999999999,0.11934999999999996,0.19805802404880524
1855,-9.299999999999999,-9.299999999999999,0.11887500000000001,0.13786330819129944
1856,-9.299999999999999,-9.299999999999999,0.11839999999999995,0.18923962116241455
1857,-9.299999999999999,-9.299999999999999,0.117925,0.22122463583946228
1858,-9.299999999999999,-9.299999999999999,0.11744999999999996,0.1183253675699234
1859,-9.299999999999999,-9.299999999999999,0.11697500000000001,0.1404338777065277
1860,-9.299999999999999,-9.299999999999999,0.11649999999999995,0.10892704129219055
1861,-9.299999999999999,-9.299999999999999,0.116025,0.11640633642673492
1862,-9.299999999999999,-9.299999999999999,0.11554999999999996,0.22928345203399658
1863,-9.299999999999999,-9.299999999999999,0.11507500000000001,0.16666465997695923
1864,-9.299999999999999,-9.299999999999999,0.11459999999999995,0.10100194066762924
1865,-9.299999999999999,-9.299999999999999,0.114125,0.05648083984851837
1866,-9.299999999999999,-9.299999999999999,0.11364999999999995,0.2299303263425827
1867,-9.299999999999999,-9.299999999999999,0.113175,0.23093415796756744
1868,-9.299999999999999,-9.299999999999999,0.11269999999999995,0.17739376425743103
1869,-9.299999999999999,-9.299999999999999,0.112225,0.14324811100959778
1870,-9.299999999999999,-9.299999999999999,0.11174999999999995,0.24240393936634064
1871,-9.299999999999999,-9.299999999999999,0.111275,0.1295166164636612
1872,-9.299999999999999,-9.299999999999999,0.11079999999999995,0.30524957180023193
1873,-9.299999999999999,-9.299999999999999,0.110325,0.2513943612575531
1874,-9.299999999999999,-9.299999999999999,0.10984999999999995,0.25457316637039185
1875,-9.299999999999999,-9.299999999999999,0.109375,0.17873412370681763
1876,-9.299999999999999,-9.299999999999999,0.10890000000000005,0.22720733284950256
1877,-9.299999999999999,-9.299999999999999,0.108425,0.2183205485343933
1878,-9.299999999999999,-9.299999999999999,0.10795000000000005,0.2997981309890747
1879,-9.299999999999999,-9.299999999999999,0.107475,0.16050080955028534
1880,-9.299999999999999,-9.299999999999999,0.10700000000000005,0.18116489052772522
1881,-9.299999999999999,-9.299999999999999,0.106525,0.20518594980239868
1882,-9.299999999999999,-9.299999999999999,0.10605000000000005,0.26952433586120605
1883,-9.299999999999999,-9.299999999999999,0.105575,0.18450748920440674
1884,-9.299999999999999,-9.299999999999999,0.10510000000000005,0.23607498407363892
1885,-9.299999999999999,-9.299999999999999,0.104625,0.132874995470047
1886,-9.299999999999999,-9.299999999999999,0.10415000000000005,0.1279541552066803
1887,-9.299999999999999,-9.299999999999999,0.10367499999999999,0.19225066900253296
1888,-9.299999999999999,-9.299999999999999,0.10320000000000004,0.24593456089496613
1889,-9.299999999999999,-9.299999999999999,0.102725,0.05982181429862976
1890,-9.299999999999999,-9.299999999999999,0.10225000000000005,0.18458253145217896
1891,-9.299999999999999,-9.299999999999999,0.10177499999999999,0.13562089204788208
1892,-9.299999999999999,-9.299999999999999,0.10130000000000004,0.2562955319881439
1893,-9.299999999999999,-9.299999999999999,0.100825,0.13142645359039307
1894,-9.299999999999999,-9.299999999999999,0.10035000000000005,0.19050753116607666
1895,-9.299999999999999,-9.299999999999999,0.09987499999999999,0.16647183895111084
1896,-9.299999999999999,-9.299999999999999,0.09940000000000004,0.22189542651176453
1897,-9.299999999999999,-9.299999999999999,0.09892499999999999,0.16502749919891357
1898,-9.299999999999999,-9.299999999999999,0.09845000000000004,0.12049808353185654
1899,-9.299999999999999,-9.299999999999999,0.09797499999999999,0.200649231672287
1900,-9.299999999999999,-9.299999999999999,0.09750000000000004,0.24245679378509521
1901,-9.299999999999999,-9.299999999999999,0.09702499999999999,0.36403530836105347
1902,-9.299999999999999,-9.299999999999999,0.09655000000000004,0.28279176354408264
1903,-9.299999999999999,-9.299999999999999,0.096075,0.29151400923728943
1904,-9.299999999999999,-9.299999999999999,0.09560000000000005,0.1699296534061432
1905,-9.299999999999999,-9.299999999999999,0.09512499999999999,0.105669766664505
1906,-9.299999999999999,-9.299999999999999,0.09465000000000004,0.18977515399456024
1907,-9.299999999999999,-9.299999999999999,0.09417499999999998,0.20308542251586914
1908,-9.299999999999999,-9.299999999999999,0.09370000000000003,0.13260015845298767
1909,-9.299999999999999,-9.299999999999999,0.09322499999999999,0.22325338423252106
1910,-9.299999999999999,-9.299999999999999,0.09275000000000004,0.2248799204826355
1911,-9.299999999999999,-9.299999999999999,0.092275,0.20195820927619934
1912,-9.299999999999999,-9.299999999999999,0.09180000000000005,0.18530519306659698
1913,-9.299999999999999,-9.299999999999999,0.09132499999999999,0.1902090609073639
1914,-9.299999999999999,-9.299999999999999,0.09085000000000004,0.20437487959861755
1915,-9.299999999999999,-9.299999999999999,0.09037499999999998,0.1683116853237152
1916,-9.299999999999999,-9.299999999999999,0.08990000000000004,0.12152378261089325
1917,-9.299999999999999,-9.299999999999999,0.08942499999999998,0.1986604779958725
1918,-9.299999999999999,-9.299999999999999,0.08895000000000003,0.1595708429813385
1919,-9.299999999999999,-9.299999999999999,0.08847499999999998,0.19230005145072937
1920,-9.299999999999999,-9.299999999999999,0.08800000000000004,0.21813447773456573
1921,-9.299999999999999,-9.299999999999999,0.08752499999999999,0.1496681571006775
1922,-9.299999999999999,-9.299999999999999,0.08705000000000004,0.2762087285518646
1923,-9.299999999999999,-9.299999999999999,0.08657499999999999,0.2068752944469452
1924,-9.299999999999999,-9.299999999999999,0.08610000000000004,0.3364710211753845
1925,-9.299999999999999,-9.299999999999999,0.08562499999999998,0.1826576590538025
1926,-9.299999999999999,-9.299999999999999,0.08515000000000003,0.20294657349586487
1927,-9.299999999999999,-9.299999999999999,0.08467499999999997,0.13540901243686676
1928,-9.299999999999999,-9.299999999999999,0.08420000000000002,0.2036387026309967
1929,-9.299999999999999,-9.299999999999999,0.08372499999999998,0.2451324313879013
1930,-9.299999999999999,-9.299999999999999,0.08325000000000003,0.2061712145805359
1931,-9.299999999999999,-9.299999999999999,0.08277499999999999,0.17845654487609863
1932,-9.299999999999999,-9.299999999999999,0.08230000000000004,0.13974133133888245
1933,-9.299999999999999,-9.299999999999999,0.08182499999999998,0.15123245120048523
1934,-9.299999999999999,-9.299999999999999,0.08135000000000003,0.2143140733242035
1935,-9.299999999999999,-9.299999999999999,0.08087499999999997,0.1774536669254303
1936,-9.299999999999999,-9.299999999999999,0.08040000000000003,0.1295127123594284
1937,-9.299999999999999,-9.299999999999999,0.07992499999999997,0.16360151767730713
1938,-9.299999999999999,-9.299999999999999,0.07945000000000002,0.1517181694507599
1939,-9.299999999999999,-9.299999999999999,0.07897499999999998,0.19220490753650665
1940,-9.299999999999999,-9.299999999999999,0.07850000000000003,0.21232643723487854
1941,-9.299999999999999,-9.299999999999999,0.07802499999999997,0.08508861064910889
1942,-9.299999999999999,-9.299999999999999,0.07755000000000002,0.254926860332489
1943,-9.299999999999999,-9.299999999999999,0.07707499999999998,0.06814412027597427
1944,-9.299999999999999,-9.299999999999999,0.07660000000000003,0.09392567723989487
1945,-9.299999999999999,-9.299999999999999,0.07612499999999997,0.12409458309412003
1946,-9.299999999999999,-9.299999999999999,0.07565000000000002,0.098565973341465
1947,-9.299999999999999,-9.299999999999999,0.07517499999999996,0.1538935750722885
1948,-9.299999999999999,-9.299999999999999,0.07470000000000002,0.11845747381448746
1949,-9.299999999999999,-9.299999999999999,0.07422499999999997,0.18830084800720215
1950,-9.299999999999999,-9.299999999999999,0.07375000000000002,0.3072730302810669
1951,-9.299999999999999,-9.299999999999999,0.07327499999999997,0.10074547678232193
1952,-9.299999999999999,-9.299999999999999,0.07280000000000002,0.21500460803508759
1953,-9.299999999999999,-9.299999999999999,0.07232499999999997,0.179067462682724
1954,-9.299999999999999,-9.299999999999999,0.07185000000000002,0.06884703040122986
1955,-9.299999999999999,-9.299999999999999,0.07137499999999997,0.1188417375087738
1956,-9.299999999999999,-9.299999999999999,0.07090000000000002,0.15428243577480316
1957,-9.299999999999999,-9.299999999999999,0.07042499999999996,0.25619280338287354
1958,-9.299999999999999,-9.299999999999999,0.06995000000000001,0.08443117141723633
1959,-9.299999999999999,-9.299999999999999,0.06947499999999997,0.112261101603508
1960,-9.299999999999999,-9.299999999999999,0.06900000000000002,0.2454322725534439
1961,-9.299999999999999,-9.299999999999999,0.06852499999999996,0.1366158127784729
1962,-9.299999999999999,-9.299999999999999,0.06805000000000001,0.15628114342689514
1963,-9.299999999999999,-9.299999999999999,0.06757499999999997,0.07052294164896011
1964,-9.299999999999999,-9.299999999999999,0.06710000000000002,0.13700099289417267
1965,-9.299999999999999,-9.299999999999999,0.06662499999999996,0.20714744925498962
1966,-9.299999999999999,-9.299999999999999,0.06615000000000001,0.09761770069599152
1967,-9.299999999999999,-9.299999999999999,0.06567499999999996,0.06664011627435684
1968,-9.299999999999999,-9.299999999999999,0.06520000000000001,0.15308153629302979
1969,-9.299999999999999,-9.299999999999999,0.06472499999999996,0.1663190722465515
1970,-9.299999999999999,-9.299999999999999,0.06425000000000002,0.19999870657920837
1971,-9.299999999999999,-9.299999999999999,0.06377499999999996,0.1791173666715622
1972,-9.299999999999999,-9.299999999999999,0.06330000000000001,0.10070224106311798
1973,-9.299999999999999,-9.299999999999999,0.06282499999999996,0.10779663920402527
1974,-9.299999999999999,-9.299999999999999,0.062350000000000017,0.07874339818954468
1975,-9.299999999999999,-9.299999999999999,0.06187499999999996,0.13451926410198212
1976,-9.299999999999999,-9.299999999999999,0.06140000000000001,0.15922296047210693
1977,-9.299999999999999,-9.299999999999999,0.06092499999999996,0.12273237854242325
1978,-9.299999999999999,-9.299999999999999,0.06045000000000001,0.10630466789007187
1979,-9.299999999999999,-9.299999999999999,0.05997499999999996,0.07872138917446136
1980,-9.299999999999999,-9.299999999999999,0.05950000000000001,0.1821644902229309
1981,-9.299999999999999,-9.299999999999999,0.05902499999999996,0.042747415602207184
1982,-9.299999999999999,-9.299999999999999,0.05855000000000001,0.20360177755355835
1983,-9.299999999999999,-9.299999999999999,0.05807499999999996,0.06685745716094971
1984,-9.299999999999999,-9.299999999999999,0.05760000000000001,0.2137112319469452
1985,-9.299999999999999,-9.299999999999999,0.057124999999999954,0.0794268250465393
1986,-9.299999999999999,-9.299999999999999,0.056650000000000006,0.11334528774023056
1987,-9.299999999999999,-9.299999999999999,0.056174999999999954,0.31018561124801636
1988,-9.299999999999999,-9.299999999999999,0.055700000000000006,0.23348024487495422
1989,-9.299999999999999,-9.299999999999999,0.055224999999999955,0.15142273902893066
1990,-9.299999999999999,-9.299999999999999,0.05475000000000001,0.09388837963342667
1991,-9.299999999999999,-9.299999999999999,0.054274999999999955,0.06074926257133484
1992,-9.299999999999999,-9.299999999999999,0.05380000000000001,0.11324949562549591
1993,-9.299999999999999,-9.299999999999999,0.053324999999999956,0.13660573959350586
1994,-9.299999999999999,-9.299999999999999,0.05285000000000001,0.1469908505678177
1995,-9.299999999999999,-9.299999999999999,0.05237499999999995,0.1908087134361267
1996,-9.299999999999999,-9.299999999999999,0.0519,0.17410315573215485
1997,-9.299999999999999,-9.299999999999999,0.05142499999999995,0.09177294373512268
1998,-9.299999999999999,-9.299999999999999,0.05095,0.1320514678955078
1999,-9.299999999999999,-9.299999999999999,0.05047499999999995,0.12924671173095703
2000,-9.299999999999999,-9.299999999999999,0.05,0.07692790031433105
2001,3.8999999999999986,-9.036,0.05,0.040001772344112396
2002,-3.299999999999998,-8.915999999999999,0.05,0.13950574398040771
2003,3.8999999999999986,-8.652,0.05,0.04394599795341492
2004,-8.099999999999998,-8.628,0.05,0.045852500945329666
2005,-5.699999999999998,-8.555999999999997,0.05,0.04483100026845932
2006,-6.899999999999999,-8.508,0.05,0.18762269616127014
2007,-8.099999999999998,-8.483999999999998,0.05,0.13740937411785126
2008,-9.299999999999999,-8.483999999999998,0.05,0.0444655604660511
2009,-4.499999999999998,-8.387999999999998,0.05,0.1381443440914154
2010,-3.299999999999998,-8.267999999999999,0.05,0.044398918747901917
2011,-6.9,-8.219999999999999,0.05,0.04597574472427368
2012,-9.299999999999999,-8.219999999999999,0.05,0.09041769802570343
2013,-5.699999999999998,-8.147999999999998,0.05,0.09163053333759308
2014,-6.899999999999999,-8.099999999999998,0.05,0.04710055887699127
2015,-5.099999999999998,-8.015999999999998,0.05,0.053787946701049805
2016,-3.899999999999998,-7.9079999999999995,0.05,0.05353197455406189
2017,-2.099999999999998,-7.7639999999999985,0.05,0.04621218144893646
2018,-2.699999999999998,-7.632,0.05,0.10219644010066986
2019,2.0000000000000013,-7.405999999999999,0.05,0.1377144753932953
2020,3.8999999999999986,-7.1419999999999995,0.05,0.048424191772937775
2021,0.9000000000000004,-6.938,0.05,0.08893439173698425
2022,-8.1,-6.914,0.05,0.048636216670274734
2023,-1.4999999999999982,-6.757999999999999,0.05,0.08927801251411438
2024,0.9000000000000004,-6.553999999999999,0.05,0.17628175020217896
2025,2.2000000000000015,-6.324,0.05,0.08343453705310822
2026,-9.299999999999999,-6.323999999999999,0.05,0.09060371667146683
2027,-9.299999999999999,-6.324,0.05,0.08933138847351074
2028,-8.7,-6.311999999999999,0.05,0.13918712735176086
2029,-2.699999999999998,-6.179999999999999,0.05,0.09353335201740265
2030,3.8999999999999986,-5.9159999999999995,0.05,0.04370884597301483
2031,6.199999999999994,-5.606,0.05,0.048755258321762085
2032,-7.499999999999998,-5.5699999999999985,0.05,0.04653265327215195
2033,-5.699999999999998,-5.497999999999998,0.05,0.08627328276634216
2034,3.8999999999999986,-5.234,0.05,0.13329312205314636
2035,3.8999999999999986,-4.969999999999999,0.05,0.04685332253575325
2036,-9.299999999999999,-4.97,0.05,0.04895748570561409
2037,2.4000000000000017,-4.736,0.05,0.0900750383734703
2038,2.700000000000002,-4.4959999999999996,0.05,0.08678866922855377
2039,4.699999999999996,-4.215999999999999,0.05,0.09431669116020203
2040,-9.299999999999999,-4.216,0.05,0.09256895631551743
2041,-8.099999999999998,-4.192,0.05,0.1450626254081726
2042,-2.099999999999998,-4.047999999999999,0.05,0.09113070368766785
2043,3.8999999999999986,-3.7839999999999985,0.05,0.0903172567486763
2044,8.399999999999986,-3.4299999999999993,0.05,0.08969010412693024
2045,3.8999999999999986,-3.1659999999999995,0.05,0.04520409181714058
2046,-5.7,-3.0939999999999994,0.05,0.13791321218013763
2047,2.0000000000000013,-2.8679999999999994,0.05,0.045208148658275604
2048,-0.29999999999999893,-2.688,0.05,0.04725693166255951
2049,-6.899999999999999,-2.6399999999999992,0.05,0.04504821449518204
2050,-5.699999999999999,-2.5679999999999996,0.05,0.1878315508365631
2051,3.8999999999999986,-2.5679999999999996,0.05,0.04442330449819565
2052,4.1999999999999975,-2.4179999999999993,0.05,0.04946024715900421
2053,4.1999999999999975,-2.412,0.05,0.09089353680610657
2054,3.8999999999999986,-2.1719999999999997,0.05,0.09319905936717987
2055,3.8999999999999986,-1.9799999999999995,0.05,0.09443284571170807
2056,-7.499999999999998,-1.992,0.05,0.22895130515098572
2057,3.8999999999999986,-1.7519999999999998,0.05,0.09077784419059753
2058,3.8999999999999986,-1.4879999999999995,0.05,0.13777071237564087
2059,2.0000000000000013,-1.358,0.05,0.04646391421556473
2060,3.8999999999999986,-1.214,0.05,0.09062619507312775
2061,4.599999999999996,-0.9840000000000001,0.05,0.04481087997555733
2062,4.1999999999999975,-0.7140000000000002,0.05,0.04444850608706474
2063,-0.29999999999999893,-0.6060000000000002,0.05,0.1835269331932068
2064,-1.4999999999999982,-0.4980000000000003,0.05,0.14311820268630981
2065,8.399999999999986,-0.2280000000000005,0.05,0.13974960148334503
2066,3.8999999999999986,-0.07200000000000063,0.05,0.09333178400993347
2067,4.299999999999997,0.05599999999999923,0.05,0.044132452458143234
2068,2.0000000000000013,0.14999999999999925,0.05,0.18554049730300903
2069,3.8999999999999986,0.18799999999999917,0.05,0.08868245035409927
2070,3.8999999999999986,0.18799999999999917,0.05,0.13432714343070984
2071,3.8999999999999986,0.24799999999999908,0.05,0.041835539042949677
2072,3.8999999999999986,0.4879999999999991,0.05,0.13637873530387878
2073,3.8999999999999986,0.595999999999999,0.05,0.13887526094913483
2074,2.4000000000000017,0.6259999999999991,0.05,0.14056454598903656
2075,4.399999999999997,0.6699999999999988,0.05,0.13846661150455475
2076,4.1999999999999975,0.9399999999999991,0.05,0.13821296393871307
2077,2.0000000000000013,1.1659999999999986,0.05,0.1882382035255432
2078,2.0000000000000013,1.3799999999999988,0.05,0.04098805785179138
2079,-6.899999999999999,1.2959999999999985,0.05,0.0912030041217804
2080,3.8999999999999986,1.2959999999999992,0.05,0.04046367108821869
2081,2.0000000000000013,1.211999999999999,0.05,0.1395684778690338
2082,2.0000000000000013,1.4019999999999992,0.05,0.09306029975414276
2083,4.4999999999999964,1.605999999999999,0.05,0.0916321724653244
2084,3.8999999999999986,1.605999999999999,0.05,0.17950740456581116
2085,3.9999999999999982,1.607999999999999,0.05,0.04336504638195038
2086,3.8999999999999986,1.8719999999999992,0.05,0.08938860148191452
2087,3.8999999999999986,1.9019999999999992,0.05,0.19166076183319092
2088,3.8999999999999986,1.925999999999999,0.05,0.09252360463142395
2089,2.0000000000000013,1.8719999999999988,0.05,0.13848891854286194
2090,3.8999999999999986,2.1359999999999992,0.05,0.09058188647031784
2091,2.0000000000000013,2.337999999999999,0.05,0.09609844535589218
2092,3.8999999999999986,2.457999999999999,0.05,0.13814496994018555
2093,2.0000000000000013,2.419999999999999,0.05,0.08884625136852264
2094,4.399999999999997,2.339999999999999,0.05,0.04278973117470741
2095,2.0000000000000013,2.301999999999999,0.05,0.18265289068222046
2096,2.0000000000000013,2.455999999999999,0.05,0.09159067273139954
2097,2.0000000000000013,2.455999999999999,0.05,0.1867234706878662
2098,3.8999999999999986,2.5399999999999996,0.05,0.0929127037525177
2099,3.8999999999999986,2.755999999999999,0.05,0.04413866996765137
2100,2.0000000000000013,2.9099999999999993,0.05,0.13757073879241943
2101,3.8999999999999986,2.909999999999999,0.05,0.0893084779381752
2102,4.099999999999998,2.907999999999999,0.05,0.08706854283809662
2103,2.0000000000000013,2.863999999999999,0.05,0.09193461388349533
2104,3.1000000000000014,2.847999999999999,0.05,0.13917386531829834
2105,3.8999999999999986,2.847999999999999,0.05,0.09117850661277771
2106,3.8999999999999986,3.075999999999999,0.05,0.03952988609671593
2107,3.8999999999999986,3.075999999999999,0.05,0.041459377855062485
2108,2.0000000000000013,3.0379999999999994,0.05,0.042215608060359955
2109,3.8999999999999986,3.075999999999999,0.05,0.14405488967895508
2110,3.8999999999999986,3.075999999999999,0.05,0.14073653519153595
2111,2.700000000000002,3.037999999999999,0.05,0.14006707072257996
2112,3.8999999999999986,3.031999999999999,0.05,0.18715940415859222
2113,3.8999999999999986,3.1159999999999997,0.05,0.04317822307348251
2114,2.0000000000000013,3.1859999999999995,0.05,0.28644514083862305
2115,2.0000000000000013,3.0579999999999994,0.05,0.14430096745491028
2116,2.0000000000000013,3.0199999999999996,0.05,0.09346458315849304
2117,2.0000000000000013,2.9739999999999998,0.05,0.09484046697616577
2118,2.0000000000000013,2.9739999999999998,0.05,0.13913868367671967
2119,2.0000000000000013,2.9359999999999995,0.05,0.1875498741865158
2120,2.2000000000000015,2.9019999999999992,0.05,0.14334674179553986
2121,4.599999999999996,2.9159999999999995,0.05,0.0410863421857357
2122,3.4000000000000004,2.9059999999999997,0.05,0.14816763997077942
2123,3.8999999999999986,2.906,0.05,0.09537556767463684
2124,2.0000000000000013,2.898,0.05,0.09541617333889008
2125,2.0000000000000013,2.85,0.05,0.04087447747588158
2126,3.8999999999999986,2.8440000000000003,0.05,0.03892398625612259
2127,3.8999999999999986,2.8820000000000006,0.05,0.039435092359781265
2128,2.0000000000000013,2.8819999999999997,0.05,0.08974097669124603
2129,3.8999999999999986,3.0980000000000003,0.05,0.04308503121137619
2130,2.0000000000000013,3.06,0.05,0.042972810566425323
2131,3.8999999999999986,3.0980000000000003,0.05,0.04214377701282501
2132,2.0000000000000013,3.0980000000000003,0.05,0.14635160565376282
2133,3.8999999999999986,3.0860000000000003,0.05,0.09237822890281677
2134,3.8999999999999986,3.0860000000000003,0.05,0.09283522516489029
2135,2.0000000000000013,3.0460000000000003,0.05,0.09377056360244751
2136,3.8999999999999986,3.0460000000000003,0.05,0.09131518006324768
2137,3.799999999999999,3.0440000000000005,0.05,0.0862000435590744
2138,2.0000000000000013,3.0060000000000002,0.05,0.18989837169647217
2139,3.8999999999999986,3.0440000000000005,0.05,0.23365595936775208
2140,3.8999999999999986,3.0440000000000005,0.05,0.18466193974018097
2141,2.0000000000000013,3.0440000000000005,0.05,0.03822027146816254
2142,3.8999999999999986,3.0439999999999996,0.05,0.18606895208358765
2143,2.0000000000000013,3.0440000000000005,0.05,0.040358927100896835
2144,3.6999999999999993,3.0299999999999994,0.05,0.19148185849189758
2145,2.0000000000000013,3.03,0.05,0.043501365929841995
2146,3.8999999999999986,3.068,0.05,0.1398068070411682
2147,2.0000000000000013,3.068,0.05,0.08772896230220795
2148,3.8999999999999986,3.0679999999999996,0.05,0.043373528867959976
2149,2.0000000000000013,3.03,0.05,0.04331446439027786
2150,3.5,3.06,0.05,0.14091090857982635
2151,2.0000000000000013,3.022,0.05,0.04273832589387894
2152,3.8999999999999986,3.0180000000000002,0.05,0.09563818573951721
2153,3.1000000000000014,3.04,0.05,0.046322595328092575
2154,2.0000000000000013,3.0179999999999993,0.05,0.046095110476017
2155,4.399999999999997,3.028,0.05,0.09493336081504822
2156,2.0000000000000013,2.9900000000000007,0.05,0.039187416434288025
2157,2.0000000000000013,2.952,0.05,0.05335323140025139
2158,2.0000000000000013,2.952,0.05,0.04666608199477196
2159,2.0000000000000013,2.9139999999999997,0.05,0.03692418709397316
2160,2.0000000000000013,2.8760000000000003,0.05,0.1922842562198639
2161,3.5999999999999996,2.8939999999999997,0.05,0.14032025635242462
2162,2.0000000000000013,2.8560000000000003,0.05,0.04349788650870323
2163,2.0000000000000013,2.8180000000000005,0.05,0.23882631957530975
2164,2.0000000000000013,2.818,0.05,0.04018707200884819
2165,2.0000000000000013,2.818,0.05,0.04558257386088371
2166,3.8999999999999986,2.8560000000000008,0.05,0.04072849452495575
2167,2.0000000000000013,2.8560000000000008,0.05,0.14472931623458862
2168,2.0000000000000013,2.8560000000000003,0.05,0.0425957627594471
2169,3.5999999999999996,2.888,0.05,0.042468056082725525
2170,3.8999999999999986,2.9220000000000006,0.05,0.04252482205629349
2171,2.600000000000002,2.8820000000000006,0.05,0.03774512559175491
2172,2.0000000000000013,2.8540000000000005,0.05,0.03614122048020363
2173,3.8999999999999986,2.8540000000000005,0.05,0.09341394901275635
2174,2.0000000000000013,2.8540000000000005,0.05,0.08959685266017914
2175,3.3000000000000007,2.880000000000001,0.05,0.08845799416303635
2176,3.1000000000000014,2.8640000000000003,0.05,0.13872289657592773
2177,2.0000000000000013,2.8259999999999996,0.05,0.09230564534664154
2178,2.0000000000000013,2.826,0.05,0.09385397285223007
2179,3.4000000000000004,2.8160000000000007,0.05,0.09371191263198853
2180,3.8999999999999986,2.8540000000000005,0.05,0.09390386939048767
2181,2.0000000000000013,2.8160000000000007,0.05,0.08639208227396011
2182,3.8999999999999986,2.8540000000000005,0.05,0.048097386956214905
2183,2.0000000000000013,2.8160000000000007,0.05,0.093936987221241
2184,3.8999999999999986,2.8160000000000007,0.05,0.14512623846530914
2185,2.0000000000000013,2.8160000000000007,0.05,0.08781663328409195
2186,2.0000000000000013,2.7780000000000005,0.05,0.09382133930921555
2187,3.8999999999999986,2.7800000000000007,0.05,0.14510366320610046
2188,2.0000000000000013,2.7800000000000007,0.05,0.09271040558815002
2189,3.8999999999999986,2.7800000000000007,0.05,0.04637100547552109
2190,3.8999999999999986,2.780000000000001,0.05,0.09134083986282349
2191,2.0000000000000013,2.7800000000000007,0.05,0.042054858058691025
2192,3.8999999999999986,2.7800000000000007,0.05,0.0825331062078476
2193,3.8999999999999986,2.8180000000000005,0.05,0.044078417122364044
2194,3.8999999999999986,2.8220000000000005,0.05,0.08899397403001785
2195,3.8999999999999986,2.8600000000000008,0.05,0.03990770876407623
2196,3.5,2.852000000000001,0.05,0.13468201458454132
2197,2.0000000000000013,2.8520000000000003,0.05,0.09055666625499725
2198,2.0000000000000013,2.8140000000000005,0.05,0.14223821461200714
2199,3.8999999999999986,2.852,0.05,0.04143747687339783
2200,2.0000000000000013,2.8220000000000005,0.05,0.04471435397863388
2201,3.8999999999999986,2.8600000000000008,0.05,0.15320800244808197
2202,3.8999999999999986,2.8600000000000008,0.05,0.1387864053249359
2203,2.700000000000002,2.852,0.05,0.13877247273921967
2204,3.8999999999999986,2.89,0.05,0.043864816427230835
2205,2.0000000000000013,2.8420000000000005,0.05,0.2784988284111023
2206,3.8999999999999986,2.880000000000001,0.05,0.09380783140659332
2207,2.0000000000000013,2.880000000000001,0.05,0.09435075521469116
2208,2.0000000000000013,2.880000000000001,0.05,0.08700920641422272
2209,2.0000000000000013,2.88,0.05,0.0418243333697319
2210,2.0000000000000013,2.88,0.05,0.0953814685344696
2211,3.8999999999999986,2.886000000000001,0.05,0.14066852629184723
2212,8.399999999999986,3.0140000000000002,0.05,0.03831909969449043
2213,3.799999999999999,3.05,0.05,0.18002089858055115
2214,3.8999999999999986,3.088,0.05,0.043220795691013336
2215,2.0000000000000013,3.088,0.05,0.17830830812454224
2216,2.0000000000000013,3.05,0.05,0.03968559950590134
2217,3.8999999999999986,3.088,0.05,0.0854899138212204
2218,3.8999999999999986,3.1260000000000003,0.05,0.03863834962248802
2219,2.900000000000002,3.112,0.05,0.13787329196929932
2220,2.700000000000002,3.088,0.05,0.13930779695510864
2221,2.700000000000002,3.09,0.05,0.08927714079618454
2222,3.8999999999999986,3.128,0.05,0.1340058296918869
2223,3.8999999999999986,3.1280000000000006,0.05,0.09977047145366669
2224,2.600000000000002,3.14,0.05,0.09226268529891968
2225,3.8999999999999986,3.1520000000000006,0.05,0.13916607201099396
2226,3.8999999999999986,3.1680000000000006,0.05,0.043490178883075714
2227,2.0000000000000013,3.168,0.05,0.18721622228622437
2228,2.0000000000000013,3.1679999999999997,0.05,0.08385345339775085
2229,2.0000000000000013,3.14,0.05,0.13604065775871277
2230,2.0000000000000013,3.102,0.05,0.12786264717578888
2231,3.8999999999999986,3.1399999999999992,0.05,0.08358345925807953
2232,2.0000000000000013,3.102,0.05,0.13622982800006866
2233,3.8999999999999986,3.14,0.05,0.08290351927280426
2234,2.0000000000000013,3.102,0.05,0.09097938239574432
2235,3.8999999999999986,3.1399999999999992,0.05,0.18437519669532776
2236,3.8999999999999986,3.1779999999999995,0.05,0.08668563514947891
2237,3.4000000000000004,3.168,0.05,0.038082364946603775
2238,3.8999999999999986,3.2060000000000004,0.05,0.12534970045089722
2239,2.0000000000000013,3.168,0.05,0.08166040480136871
2240,3.8999999999999986,3.168,0.05,0.14064165949821472
2241,2.2000000000000015,3.1719999999999997,0.05,0.0921381339430809
2242,3.8999999999999986,3.1719999999999997,0.05,0.09645911306142807
2243,4.4999999999999964,3.1839999999999997,0.05,0.038146719336509705
2244,2.0000000000000013,3.1459999999999995,0.05,0.08725851029157639
2245,3.9999999999999982,3.148,0.05,0.12693262100219727
2246,2.600000000000002,3.1299999999999994,0.05,0.08790221810340881
2247,2.0000000000000013,3.1299999999999994,0.05,0.08592343330383301
2248,3.8999999999999986,3.1679999999999997,0.05,0.1279359757900238
2249,3.8999999999999986,3.168,0.05,0.09242904186248779
2250,3.8999999999999986,3.2060000000000004,0.05,0.18506798148155212
2251,2.0000000000000013,3.168,0.05,0.13051846623420715
2252,3.8999999999999986,3.1679999999999997,0.05,0.08318401128053665
2253,2.0000000000000013,3.154,0.05,0.13524854183197021
2254,3.8999999999999986,3.154,0.05,0.17956608533859253
2255,3.8999999999999986,3.1919999999999997,0.05,0.030667485669255257
2256,2.0000000000000013,3.154,0.05,0.03903849050402641
2257,2.0000000000000013,3.154,0.05,0.048604656010866165
2258,3.8999999999999986,3.1919999999999997,0.05,0.0563046969473362
2259,3.8999999999999986,3.23,0.05,0.08353221416473389
2260,2.0000000000000013,3.23,0.05,0.09068470448255539
2261,2.0000000000000013,3.1919999999999993,0.05,0.03709776699542999
2262,3.8999999999999986,3.1020000000000003,0.05,0.09400580078363419
2263,3.4000000000000004,3.0940000000000003,0.05,0.039533283561468124
2264,2.0000000000000013,3.056,0.05,0.13026097416877747
2265,2.0000000000000013,3.056,0.05,0.13019220530986786
2266,2.0000000000000013,3.056,0.05,0.13182371854782104
2267,3.8999999999999986,3.0559999999999996,0.05,0.22766564786434174
2268,3.8999999999999986,3.056,0.05,0.0386124923825264
2269,2.0000000000000013,3.0380000000000003,0.05,0.08055324107408524
2270,3.8999999999999986,3.062,0.05,0.1291801631450653
2271,2.0000000000000013,3.048,0.05,0.08685427159070969
2272,3.8999999999999986,3.048,0.05,0.0968620628118515
2273,2.0000000000000013,3.01,0.05,0.0848499983549118
2274,2.0000000000000013,2.9979999999999993,0.05,0.13660928606987
2275,3.8999999999999986,2.998,0.05,0.1404472142457962
2276,2.0000000000000013,2.9600000000000004,0.05,0.0887303501367569
2277,2.0000000000000013,2.96,0.05,0.22655996680259705
2278,3.8999999999999986,2.998,0.05,0.1278359442949295
2279,3.8999999999999986,3.036,0.05,0.08676184713840485
2280,2.0000000000000013,3.036,0.05,0.18290972709655762
2281,3.8999999999999986,3.036,0.05,0.030972469598054886
2282,3.8999999999999986,3.0740000000000003,0.05,0.12925954163074493
2283,2.0000000000000013,3.036,0.05,0.0813453271985054
2284,3.3000000000000007,3.0620000000000003,0.05,0.1758481115102768
2285,2.0000000000000013,3.0240000000000005,0.05,0.12379635870456696
2286,3.8999999999999986,3.0240000000000005,0.05,0.12720167636871338
2287,3.799999999999999,3.0320000000000005,0.05,0.08270065486431122
2288,4.099999999999998,3.036,0.05,0.1301005482673645
2289,4.1999999999999975,3.0799999999999996,0.05,0.08103146404027939
2290,2.0000000000000013,3.042,0.05,0.02813219651579857
2291,2.0000000000000013,3.0380000000000003,0.05,0.0839558094739914
2292,3.8999999999999986,3.0380000000000003,0.05,0.12823320925235748
2293,2.4000000000000017,2.9960000000000004,0.05,0.0832323431968689
2294,2.0000000000000013,2.9960000000000004,0.05,0.07780514657497406
2295,3.8999999999999986,2.994,0.05,0.0867706835269928
2296,3.8999999999999986,3.02,0.05,0.03359086811542511
2297,2.0000000000000013,3.02,0.05,0.1223655715584755
2298,3.8999999999999986,3.0200000000000005,0.05,0.1279437392950058
2299,2.0000000000000013,2.9819999999999998,0.05,0.042126551270484924
2300,2.0000000000000013,2.944,0.05,0.1293375939130783
2301,2.0000000000000013,2.944,0.05,0.0807752013206482
2302,3.8999999999999986,2.9440000000000004,0.05,0.03750724345445633
2303,2.0000000000000013,2.9440000000000004,0.05,0.0787278562784195
2304,2.0000000000000013,2.906,0.05,0.12470750510692596
2305,3.8999999999999986,2.906,0.05,0.08888551592826843
2306,3.8999999999999986,2.9440000000000004,0.05,0.1205669566988945
2307,4.399999999999997,2.9920000000000004,0.05,0.07347007840871811
2308,4.299999999999997,3.0,0.05,0.08520199358463287
2309,3.8999999999999986,3.0000000000000004,0.05,0.03347473591566086
2310,4.299999999999997,3.0460000000000003,0.05,0.13290023803710938
2311,2.0000000000000013,3.0460000000000003,0.05,0.08742836117744446
2312,2.0000000000000013,3.0079999999999996,0.05,0.08186568319797516
2313,2.0000000000000013,2.98,0.05,0.04740901291370392
2314,2.0000000000000013,2.98,0.05,0.17859496176242828
2315,2.0000000000000013,2.98,0.05,0.17586499452590942
2316,3.8999999999999986,3.0180000000000002,0.05,0.16815902292728424
2317,2.0000000000000013,2.98,0.05,0.1638287901878357
2318,3.8999999999999986,2.98,0.05,0.12096720933914185
2319,3.8999999999999986,3.0180000000000002,0.05,0.08302903920412064
2320,3.8999999999999986,3.0180000000000007,0.05,0.08303401619195938
2321,3.8999999999999986,3.056,0.05,0.07723384350538254
2322,2.0000000000000013,3.0180000000000002,0.05,0.07281327992677689
2323,3.8999999999999986,3.0559999999999996,0.05,0.17145022749900818
2324,3.8999999999999986,3.0940000000000003,0.05,0.12776562571525574
2325,2.0000000000000013,3.0559999999999996,0.05,0.03522665798664093
2326,3.8999999999999986,3.094,0.05,0.12117938697338104
2327,2.0000000000000013,3.094,0.05,0.028825797140598297
2328,3.8999999999999986,3.094,0.05,0.08065703511238098
2329,2.0000000000000013,3.0559999999999996,0.05,0.03687363862991333
2330,2.0000000000000013,3.0559999999999996,0.05,0.0403602235019207
2331,3.5999999999999996,3.0499999999999994,0.05,0.1218232810497284
2332,3.8999999999999986,3.05,0.05,0.17442840337753296
2333,2.700000000000002,3.0639999999999996,0.05,0.11973250657320023
2334,3.8999999999999986,3.0759999999999996,0.05,0.08878028392791748
2335,3.8999999999999986,3.114,0.05,0.08305365592241287
2336,2.0000000000000013,3.0759999999999996,0.05,0.03580782189965248
2337,3.6999999999999993,3.074,0.05,0.03821369260549545
2338,2.0000000000000013,3.032,0.05,0.03513839840888977
2339,2.0000000000000013,2.9879999999999995,0.05,0.07481596618890762
2340,2.0000000000000013,2.988,0.05,0.07091058790683746
2341,3.8999999999999986,3.0260000000000002,0.05,0.03546503931283951
2342,3.8999999999999986,3.0260000000000002,0.05,0.07683046162128448
2343,2.0000000000000013,3.0180000000000002,0.05,0.03718684986233711
2344,3.8999999999999986,3.056,0.05,0.07599414885044098
2345,3.8999999999999986,3.056,0.05,0.08289125561714172
2346,2.0000000000000013,3.0180000000000002,0.05,0.15525871515274048
2347,3.8999999999999986,3.0559999999999996,0.05,0.03572385385632515
2348,3.8999999999999986,3.056,0.05,0.07514137774705887
2349,3.8999999999999986,3.0940000000000003,0.05,0.0825948715209961
2350,2.600000000000002,3.1060000000000003,0.05,0.14989249408245087
2351,3.8999999999999986,3.1439999999999997,0.05,0.07788199931383133
2352,2.0000000000000013,3.106,0.05,0.11338397860527039
2353,2.2000000000000015,3.11,0.05,0.04308115690946579
2354,2.600000000000002,3.122,0.05,0.07780199497938156
2355,2.0000000000000013,3.0839999999999996,0.05,0.0861179307103157
2356,3.5,3.076,0.05,0.11697998642921448
2357,3.8999999999999986,3.0660000000000007,0.05,0.12003897875547409
2358,3.8999999999999986,3.0580000000000007,0.05,0.0804707333445549
2359,3.4000000000000004,3.048,0.05,0.04459603130817413
2360,2.0000000000000013,3.0020000000000007,0.05,0.07939757406711578
2361,2.0000000000000013,3.0020000000000007,0.05,0.034231845289468765
2362,3.8999999999999986,3.04,0.05,0.08024454861879349
2363,2.0000000000000013,3.04,0.05,0.07448159903287888
2364,2.0000000000000013,3.04,0.05,0.11887376010417938
2365,2.700000000000002,3.054,0.05,0.03988172113895416
2366,3.8999999999999986,3.0539999999999994,0.05,0.040829360485076904
2367,3.8999999999999986,3.0920000000000005,0.05,0.028951890766620636
2368,2.0000000000000013,3.054,0.05,0.07238222658634186
2369,3.0000000000000018,3.036,0.05,0.10909748077392578
2370,2.600000000000002,3.0099999999999993,0.05,0.07462222129106522
2371,2.0000000000000013,2.972,0.05,0.039068885147571564
2372,3.8999999999999986,3.01,0.05,0.11578704416751862
2373,3.8999999999999986,3.0100000000000007,0.05,0.036342356353998184
2374,2.0000000000000013,2.972,0.05,0.03337092697620392
2375,2.0000000000000013,2.9720000000000004,0.05,0.07554981112480164
2376,3.8999999999999986,2.9720000000000004,0.05,0.07517704367637634
2377,3.8999999999999986,3.0100000000000007,0.05,0.03837374597787857
2378,3.8999999999999986,3.01,0.05,0.07299049198627472
2379,2.0000000000000013,3.0100000000000007,0.05,0.07774548977613449
2380,2.600000000000002,3.022,0.05,0.11275334656238556
2381,2.0000000000000013,2.9900000000000007,0.05,0.07147245109081268
2382,3.8999999999999986,2.9900000000000007,0.05,0.07373014092445374
2383,3.8999999999999986,3.014000000000001,0.05,0.12139393389225006
2384,3.3000000000000007,3.002000000000001,0.05,0.08212889730930328
2385,3.9999999999999982,3.004000000000001,0.05,0.1170123815536499
2386,2.0000000000000013,3.0039999999999996,0.05,0.12555044889450073
2387,2.0000000000000013,2.9700000000000006,0.05,0.03145550191402435
2388,2.0000000000000013,2.97,0.05,0.1133875846862793
2389,3.8999999999999986,3.008,0.05,0.03223986551165581
2390,3.8999999999999986,3.0460000000000003,0.05,0.073990598320961
2391,3.4000000000000004,3.036000000000001,0.05,0.03583070635795593
2392,3.8999999999999986,3.036,0.05,0.07689511775970459
2393,3.8999999999999986,3.0740000000000007,0.05,0.07230919599533081
2394,3.8999999999999986,3.0740000000000003,0.05,0.07382814586162567
2395,2.0000000000000013,3.036000000000001,0.05,0.0293485838919878
2396,2.0000000000000013,3.036,0.05,0.11611101031303406
2397,6.399999999999993,3.0860000000000003,0.05,0.17904043197631836
2398,2.0000000000000013,3.048,0.05,0.031109541654586792
2399,2.0000000000000013,3.01,0.05,0.14844562113285065
2400,3.8999999999999986,3.036,0.05,0.10918282717466354
2401,3.8999999999999986,3.036,0.05,0.06796196103096008
2402,3.8999999999999986,3.074,0.05,0.036620207130908966
2403,3.8999999999999986,3.108,0.05,0.03135424107313156
2404,3.1000000000000014,3.1180000000000003,0.05,0.07361526042222977
2405,2.0000000000000013,3.1180000000000003,0.05,0.06997283548116684
2406,3.8999999999999986,3.1259999999999994,0.05,0.03222905844449997
2407,2.600000000000002,3.1,0.05,0.14395713806152344
2408,3.8999999999999986,3.1,0.05,0.06439317762851715
2409,2.0000000000000013,3.072,0.05,0.03838689997792244
2410,3.6999999999999993,3.106,0.05,0.07134918868541718
2411,3.8999999999999986,3.1439999999999997,0.05,0.07244335114955902
2412,2.0000000000000013,3.106,0.05,0.10972142219543457
2413,3.8999999999999986,3.144,0.05,0.10966430604457855
2414,4.399999999999997,3.1919999999999997,0.05,0.032835111021995544
2415,2.2000000000000015,3.182,0.05,0.0702388733625412
2416,3.8999999999999986,3.182,0.05,0.07094759494066238
2417,3.799999999999999,3.1800000000000006,0.05,0.035336561501026154
2418,3.8999999999999986,3.218,0.05,0.10262526571750641
2419,3.8999999999999986,3.236,0.05,0.06852063536643982
2420,3.8999999999999986,3.262,0.05,0.11302003264427185
2421,2.0000000000000013,3.262,0.05,0.06458376348018646
2422,2.0000000000000013,3.2239999999999998,0.05,0.06986189633607864
2423,2.0000000000000013,3.1860000000000004,0.05,0.0320751816034317
2424,2.0000000000000013,3.1859999999999995,0.05,0.043660059571266174
2425,2.600000000000002,3.1979999999999995,0.05,0.11252366006374359
2426,2.0000000000000013,3.1599999999999993,0.05,0.14535914361476898
2427,2.600000000000002,3.1340000000000003,0.05,0.06756565719842911
2428,3.8999999999999986,3.134,0.05,0.03769812732934952
2429,2.0000000000000013,3.1340000000000003,0.05,0.14505535364151
2430,2.0000000000000013,3.1219999999999994,0.05,0.06541807949542999
2431,2.0000000000000013,3.122,0.05,0.031777724623680115
2432,6.799999999999992,3.1799999999999993,0.05,0.06735516339540482
2433,2.0000000000000013,3.142,0.05,0.17888818681240082
2434,2.0000000000000013,3.1159999999999997,0.05,0.06181357055902481
2435,3.8999999999999986,3.114,0.05,0.03463359549641609
2436,2.0000000000000013,3.114,0.05,0.027285847812891006
2437,2.0000000000000013,3.114,0.05,0.029716208577156067
2438,2.0000000000000013,3.114,0.05,0.14283156394958496
2439,2.0000000000000013,3.0759999999999996,0.05,0.09739184379577637
2440,2.0000000000000013,3.0379999999999994,0.05,0.0328158363699913
2441,3.1000000000000014,3.032,0.05,0.07039082050323486
2442,3.8999999999999986,3.031999999999999,0.05,0.03053293190896511
2443,3.8999999999999986,3.0320000000000005,0.05,0.14210084080696106
2444,2.0000000000000013,2.9939999999999998,0.05,0.06883801519870758
2445,3.8999999999999986,3.032,0.05,0.031333908438682556
2446,3.8999999999999986,3.07,0.05,0.05787080153822899
2447,2.0000000000000013,2.9819999999999998,0.05,0.03243660181760788
2448,2.0000000000000013,2.9819999999999998,0.05,0.10371515899896622
2449,2.0000000000000013,2.9819999999999998,0.05,0.06889335811138153
2450,3.8999999999999986,2.9820000000000007,0.05,0.09867441654205322
2451,2.0000000000000013,2.944,0.05,0.0664423331618309
2452,2.0000000000000013,2.906,0.05,0.09625562280416489
2453,3.8999999999999986,2.906,0.05,0.0705963522195816
2454,2.0000000000000013,2.8840000000000003,0.05,0.03812723606824875
2455,2.0000000000000013,2.884,0.05,0.1372620165348053
2456,3.8999999999999986,2.8840000000000003,0.05,0.10599160939455032
2457,2.0000000000000013,2.872,0.05,0.06987696141004562
2458,2.0000000000000013,2.8340000000000005,0.05,0.059453122317790985
2459,2.0000000000000013,2.8339999999999996,0.05,0.03344673290848732
2460,4.299999999999997,2.846,0.05,0.032356493175029755
2461,2.0000000000000013,2.8080000000000007,0.05,0.023430917412042618
2462,2.0000000000000013,2.8080000000000003,0.05,0.07064121961593628
2463,2.700000000000002,2.784,0.05,0.02659657597541809
2464,3.8999999999999986,2.7740000000000005,0.05,0.10294880717992783
2465,2.0000000000000013,2.7700000000000005,0.05,0.06852535903453827
2466,3.8999999999999986,2.7700000000000005,0.05,0.036886610090732574
2467,3.8999999999999986,2.7720000000000002,0.05,0.07261869311332703
2468,2.0000000000000013,2.7340000000000004,0.05,0.06551609933376312
2469,2.600000000000002,2.7080000000000006,0.05,0.06922777742147446
2470,3.8999999999999986,2.7080000000000006,0.05,0.06579554080963135
2471,2.0000000000000013,2.7080000000000006,0.05,0.09912383556365967
2472,3.8999999999999986,2.746000000000001,0.05,0.057982414960861206
2473,2.0000000000000013,2.746000000000001,0.05,0.06496119499206543
2474,4.399999999999997,2.7940000000000005,0.05,0.06491641700267792
2475,2.0000000000000013,2.7820000000000005,0.05,0.07038480043411255
2476,2.0000000000000013,2.7820000000000005,0.05,0.027023913338780403
2477,3.9999999999999982,2.8100000000000005,0.05,0.06887310743331909
2478,3.5,2.8020000000000005,0.05,0.16035479307174683
2479,3.8999999999999986,2.8400000000000007,0.05,0.0721139907836914
2480,3.8999999999999986,2.8780000000000006,0.05,0.06163591146469116
2481,3.4000000000000004,2.9060000000000006,0.05,0.09802679717540741
2482,3.6999999999999993,2.8440000000000003,0.05,0.0936465933918953
2483,4.399999999999997,2.8920000000000003,0.05,0.13637980818748474
2484,2.0000000000000013,2.892,0.05,0.09657333046197891
2485,3.8999999999999986,2.8920000000000003,0.05,0.10021667182445526
2486,2.0000000000000013,2.8920000000000003,0.05,0.13037270307540894
2487,2.0000000000000013,2.8920000000000003,0.05,0.06517936289310455
2488,2.0000000000000013,2.892,0.05,0.06809120625257492
2489,2.0000000000000013,2.892,0.05,0.06484821438789368
2490,2.0000000000000013,2.8920000000000003,0.05,0.13446593284606934
2491,3.8999999999999986,2.908,0.05,0.057948037981987
2492,3.0000000000000018,2.89,0.05,0.06667677313089371
2493,3.6999999999999993,2.8859999999999997,0.05,0.13133135437965393
2494,3.8999999999999986,2.9240000000000004,0.05,0.03953241556882858
2495,2.0000000000000013,2.886,0.05,0.068312868475914
2496,2.0000000000000013,2.8480000000000003,0.05,0.07956139743328094
2497,3.9999999999999982,2.888,0.05,0.0656188502907753
2498,2.0000000000000013,2.888000000000001,0.05,0.09625755995512009
2499,3.200000000000001,2.912,0.05,0.030255399644374847
2500,3.8999999999999986,2.912,0.05,0.06129034236073494
2501,3.799999999999999,2.948000000000001,0.05,0.03034309484064579
2502,3.8999999999999986,2.9860000000000007,0.05,0.02890690788626671
2503,2.0000000000000013,2.948,0.05,0.02691579982638359
2504,3.5,2.9780000000000006,0.05,0.09872588515281677
2505,4.299999999999997,3.0239999999999996,0.05,0.06997175514698029
2506,2.0000000000000013,2.986,0.05,0.06500460207462311
2507,2.2000000000000015,2.99,0.05,0.1156175509095192
2508,3.8999999999999986,3.028,0.05,0.0898708701133728
2509,3.8999999999999986,3.0660000000000003,0.05,0.12355969846248627
2510,2.0000000000000013,3.0200000000000005,0.05,0.09042226523160934
2511,3.8999999999999986,3.0580000000000003,0.05,0.06514099985361099
2512,2.0000000000000013,3.0580000000000003,0.05,0.06335031986236572
2513,4.599999999999996,3.0959999999999996,0.05,0.09671737253665924
2514,3.8999999999999986,3.096,0.05,0.08958211541175842
2515,3.8999999999999986,3.1340000000000003,0.05,0.08980569988489151
2516,3.8999999999999986,3.1340000000000003,0.05,0.09006574749946594
2517,2.2000000000000015,3.0999999999999996,0.05,0.08348380774259567
2518,3.8999999999999986,3.138,0.05,0.04951774328947067
2519,3.8999999999999986,3.1639999999999997,0.05,0.05595872551202774
2520,2.0000000000000013,3.1260000000000003,0.05,0.05594364181160927
2521,2.0000000000000013,3.1259999999999994,0.05,0.08593390882015228
2522,2.0000000000000013,3.088,0.05,0.047233495861291885
2523,2.0000000000000013,3.0879999999999996,0.05,0.11477197706699371
2524,3.8999999999999986,3.0780000000000003,0.05,0.11698130518198013
2525,2.700000000000002,3.092,0.05,0.14911256730556488
2526,3.8999999999999986,3.13,0.05,0.02610054798424244
2527,2.0000000000000013,3.0900000000000007,0.05,0.09140151739120483
2528,2.0000000000000013,3.06,0.05,0.11957739293575287
2529,3.8999999999999986,3.06,0.05,0.1250976026058197
2530,3.799999999999999,3.0580000000000003,0.05,0.06250854581594467
2531,3.8999999999999986,3.068,0.05,0.03867197409272194
2532,2.0000000000000013,3.0340000000000003,0.05,0.059932462871074677
2533,3.8999999999999986,3.0239999999999996,0.05,0.08443336188793182
2534,2.0000000000000013,3.0240000000000005,0.05,0.05585302412509918
2535,3.0000000000000018,3.006,0.05,0.0863034799695015
2536,3.8999999999999986,3.0440000000000005,0.05,0.11639603227376938
2537,2.0000000000000013,3.0439999999999996,0.05,0.030998747795820236
2538,3.8999999999999986,3.082,0.05,0.027015764266252518
2539,3.8999999999999986,3.12,0.05,0.08440513908863068
2540,2.0000000000000013,3.12,0.05,0.10694848001003265
2541,4.399999999999997,3.13,0.05,0.08436723798513412
2542,2.700000000000002,3.1239999999999997,0.05,0.05612070858478546
2543,2.0000000000000013,3.0899999999999994,0.05,0.0633617490530014
2544,3.8999999999999986,3.09,0.05,0.08693160116672516
2545,2.0000000000000013,3.09,0.05,0.08990175276994705
2546,2.2000000000000015,3.094,0.05,0.10703407227993011
2547,2.0000000000000013,3.054,0.05,0.10598444938659668
2548,3.8999999999999986,3.092,0.05,0.03739666938781738
2549,2.0000000000000013,3.068,0.05,0.10674843937158585
2550,4.799999999999995,3.086,0.05,0.06086331978440285
2551,3.8999999999999986,3.0879999999999996,0.05,0.08097074925899506
2552,2.0000000000000013,3.05,0.05,0.08691823482513428
2553,3.8999999999999986,3.088,0.05,0.089778371155262
2554,2.0000000000000013,3.0580000000000003,0.05,0.06120919808745384
2555,2.0000000000000013,3.012,0.05,0.0846778005361557
2556,3.8999999999999986,3.0500000000000007,0.05,0.07844285666942596
2557,2.600000000000002,3.0579999999999994,0.05,0.08114893734455109
2558,3.8999999999999986,3.0580000000000003,0.05,0.05107269063591957
2559,2.0000000000000013,3.0200000000000005,0.05,0.05884464830160141
2560,2.0000000000000013,3.02,0.05,0.028362849727272987
2561,2.0000000000000013,2.9820000000000007,0.05,0.025442061945796013
2562,2.0000000000000013,2.9820000000000007,0.05,0.02874756045639515
2563,2.0000000000000013,2.93,0.05,0.05204012989997864
2564,2.0000000000000013,2.8920000000000003,0.05,0.05463708937168121
2565,2.0000000000000013,2.8540000000000005,0.05,0.08685116469860077
2566,2.0000000000000013,2.8160000000000003,0.05,0.052631132304668427
2567,2.0000000000000013,2.8120000000000003,0.05,0.02342844568192959
2568,2.0000000000000013,2.7740000000000005,0.05,0.05589374899864197
2569,3.8999999999999986,2.7740000000000005,0.05,0.030278705060482025
2570,4.4999999999999964,2.8240000000000003,0.05,0.022233538329601288
2571,2.0000000000000013,2.8240000000000003,0.05,0.15284349024295807
2572,2.0000000000000013,2.8240000000000003,0.05,0.0502864271402359
2573,2.0000000000000013,2.8240000000000003,0.05,0.0294058695435524
2574,3.8999999999999986,2.8240000000000003,0.05,0.024878501892089844
2575,2.0000000000000013,2.8100000000000005,0.05,0.05047900974750519
2576,3.8999999999999986,2.8100000000000005,0.05,0.08201096951961517
2577,4.399999999999997,2.8580000000000005,0.05,0.047778353095054626
2578,2.4000000000000017,2.866000000000001,0.05,0.08424507081508636
2579,3.8999999999999986,2.866,0.05,0.09218600392341614
2580,3.8999999999999986,2.8680000000000008,0.05,0.05011608451604843
2581,2.0000000000000013,2.8300000000000005,0.05,0.05151800066232681
2582,3.8999999999999986,2.8680000000000003,0.05,0.06205349043011665
2583,3.5,2.8600000000000008,0.05,0.05692244693636894
2584,3.799999999999999,2.896000000000001,0.05,0.03190141171216965
2585,3.8999999999999986,2.914,0.05,0.0537039153277874
2586,2.0000000000000013,2.876000000000001,0.05,0.12837263941764832
2587,2.0000000000000013,2.8760000000000003,0.05,0.05179509520530701
2588,4.099999999999998,2.880000000000001,0.05,0.07949194312095642
2589,2.0000000000000013,2.842,0.05,0.07944241166114807
2590,3.8999999999999986,2.880000000000001,0.05,0.02666895091533661
2591,2.0000000000000013,2.8320000000000003,0.05,0.08389368653297424
2592,3.8999999999999986,2.8560000000000008,0.05,0.07535189390182495
2593,2.0000000000000013,2.8560000000000003,0.05,0.025484755635261536
2594,2.0000000000000013,2.818,0.05,0.07792723923921585
2595,2.0000000000000013,2.8180000000000005,0.05,0.09144917875528336
2596,2.700000000000002,2.8279999999999994,0.05,0.050290025770664215
2597,3.8999999999999986,2.8659999999999997,0.05,0.026640625670552254
2598,2.0000000000000013,2.8280000000000003,0.05,0.052219901233911514
2599,2.0000000000000013,2.8280000000000007,0.05,0.04341771453619003
2600,3.8999999999999986,2.8100000000000005,0.05,0.0986381322145462
2601,2.0000000000000013,2.7720000000000002,0.05,0.021047256886959076
2602,3.8999999999999986,2.81,0.05,0.07401371747255325
2603,3.8999999999999986,2.81,0.05,0.029858626425266266
2604,2.0000000000000013,2.8100000000000005,0.05,0.12743531167507172
2605,4.099999999999998,2.852,0.05,0.05210220068693161
2606,4.1999999999999975,2.8579999999999997,0.05,0.02704513445496559
2607,2.0000000000000013,2.8459999999999996,0.05,0.05032513290643692
2608,2.0000000000000013,2.8080000000000003,0.05,0.05253429710865021
2609,2.0000000000000013,2.8080000000000003,0.05,0.12904277443885803
2610,2.0000000000000013,2.8080000000000003,0.05,0.04569040611386299
2611,2.0000000000000013,2.8080000000000003,0.05,0.0528874397277832
2612,3.8999999999999986,2.846,0.05,0.02885015308856964
2613,3.6999999999999993,2.88,0.05,0.08351048082113266
2614,3.8999999999999986,2.918,0.05,0.07506319880485535
2615,2.800000000000002,2.934,0.05,0.051035959273576736
2616,3.8999999999999986,2.9720000000000004,0.05,0.01929069496691227
2617,3.8999999999999986,3.01,0.05,0.025668997317552567
2618,3.8999999999999986,3.048,0.05,0.07336863875389099
2619,2.0000000000000013,3.01,0.05,0.01873660832643509
2620,3.8999999999999986,2.998,0.05,0.0551876574754715
2621,2.0000000000000013,2.998,0.05,0.020875222980976105
2622,3.8999999999999986,3.036,0.05,0.06765231490135193
2623,3.8999999999999986,3.0740000000000003,0.05,0.09637726843357086
2624,2.0000000000000013,3.036,0.05,0.026588641107082367
2625,2.0000000000000013,3.036,0.05,0.05098697543144226
2626,2.0000000000000013,2.998,0.05,0.0732601210474968
2627,2.0000000000000013,2.95,0.05,0.04977000132203102
2628,2.0000000000000013,2.9420000000000006,0.05,0.049649886786937714
2629,3.5,2.9339999999999997,0.05,0.07064072787761688
2630,2.0000000000000013,2.8960000000000004,0.05,0.05656107887625694
2631,3.8999999999999986,2.934,0.05,0.04473394528031349
2632,3.8999999999999986,2.934,0.05,0.05014437064528465
2633,2.0000000000000013,2.9040000000000004,0.05,0.06929340213537216
2634,3.9999999999999982,2.908,0.05,0.09136279672384262
2635,3.8999999999999986,2.908,0.05,0.09140831232070923
2636,3.8999999999999986,2.946,0.05,0.026655491441488266
2637,3.8999999999999986,2.9840000000000004,0.05,0.04881223291158676
2638,3.4000000000000004,2.97,0.05,0.11777079105377197
2639,3.3000000000000007,2.9960000000000004,0.05,0.06654104590415955
2640,2.0000000000000013,2.958,0.05,0.07257694005966187
2641,3.8999999999999986,2.9959999999999996,0.05,0.022224185988307
2642,2.0000000000000013,2.958,0.05,0.021197518333792686
2643,3.8999999999999986,2.9959999999999996,0.05,0.069454625248909
2644,3.8999999999999986,3.034,0.05,0.10784547030925751
2645,3.8999999999999986,3.072,0.05,0.10084448754787445
2646,3.8999999999999986,3.096,0.05,0.07151751220226288
2647,3.8999999999999986,3.096,0.05,0.0494975745677948
2648,2.0000000000000013,3.0959999999999996,0.05,0.03259635344147682
2649,2.0000000000000013,3.0959999999999996,0.05,0.12613719701766968
2650,2.0000000000000013,3.0580000000000003,0.05,0.047745831310749054
2651,3.8999999999999986,3.0959999999999996,0.05,0.04627182334661484
2652,2.0000000000000013,3.0580000000000003,0.05,0.11003734916448593
2653,2.0000000000000013,3.02,0.05,0.058250829577445984
2654,3.1000000000000014,3.042,0.05,0.08714766800403595
2655,3.8999999999999986,3.0379999999999994,0.05,0.020391056314110756
2656,3.8999999999999986,3.0320000000000005,0.05,0.04754490405321121
2657,2.4000000000000017,3.04,0.05,0.028834573924541473
2658,2.0000000000000013,3.04,0.05,0.0426960214972496
2659,3.8999999999999986,3.0780000000000003,0.05,0.05910123139619827
2660,3.8999999999999986,3.116,0.05,0.02108171209692955
2661,2.0000000000000013,3.1159999999999997,0.05,0.07482746243476868
2662,2.0000000000000013,3.0780000000000003,0.05,0.049175795167684555
2663,2.0000000000000013,3.0439999999999996,0.05,0.01838216558098793
2664,3.5,3.036,0.05,0.04993313550949097
2665,3.8999999999999986,3.0580000000000003,0.05,0.06084991618990898
2666,2.0000000000000013,3.0200000000000005,0.05,0.061586856842041016
2667,2.0000000000000013,2.9820000000000007,0.05,0.04895327240228653
2668,2.0000000000000013,2.944,0.05,0.04226400703191757
2669,2.0000000000000013,2.944,0.05,0.04107042774558067
2670,3.8999999999999986,2.9440000000000004,0.05,0.059095777571201324
2671,2.0000000000000013,2.9440000000000004,0.05,0.04198681563138962
2672,3.8999999999999986,2.9440000000000004,0.05,0.02974250540137291
2673,3.8999999999999986,2.9440000000000004,0.05,0.09893592447042465
2674,2.0000000000000013,2.9440000000000004,0.05,0.038479022681713104
2675,2.0000000000000013,2.944,0.05,0.03832859545946121
2676,2.0000000000000013,2.9440000000000004,0.05,0.05110109597444534
2677,3.8999999999999986,2.9819999999999998,0.05,0.047644034028053284
2678,2.0000000000000013,2.9820000000000007,0.05,0.04752790927886963
2679,3.8999999999999986,2.99,0.05,0.041650429368019104
2680,3.8999999999999986,3.0280000000000005,0.05,0.04186226427555084
2681,3.8999999999999986,3.0280000000000005,0.05,0.03916148841381073
2682,2.0000000000000013,2.9900000000000007,0.05,0.045140836387872696
2683,4.099999999999998,3.032,0.05,0.03442182019352913
2684,2.0000000000000013,2.992,0.05,0.07641914486885071
2685,2.0000000000000013,2.9539999999999997,0.05,0.042175326496362686
2686,2.0000000000000013,2.9160000000000004,0.05,0.058323707431554794
2687,2.0000000000000013,2.878,0.05,0.07165887951850891
2688,2.0000000000000013,2.8500000000000005,0.05,0.024390269070863724
2689,2.0000000000000013,2.8240000000000003,0.05,0.05729970708489418
2690,2.0000000000000013,2.824,0.05,0.021754417568445206
2691,2.0000000000000013,2.786,0.05,0.038673147559165955
2692,2.0000000000000013,2.786,0.05,0.04661734402179718
2693,3.8999999999999986,2.786000000000001,0.05,0.013237291015684605
2694,2.700000000000002,2.762,0.05,0.02192668616771698
2695,3.8999999999999986,2.7620000000000005,0.05,0.0537036657333374
2696,3.8999999999999986,2.7620000000000005,0.05,0.023860754445195198
2697,2.800000000000002,2.7400000000000007,0.05,0.02062784880399704
2698,2.0000000000000013,2.7400000000000007,0.05,0.034346938133239746
2699,3.8999999999999986,2.7780000000000005,0.05,0.05731893330812454
2700,3.8999999999999986,2.8160000000000003,0.05,0.043904125690460205
2701,3.5999999999999996,2.8100000000000005,0.05,0.026629533618688583
2702,2.0000000000000013,2.8100000000000005,0.05,0.08771021664142609
2703,4.299999999999997,2.8560000000000003,0.05,0.025828922167420387
2704,4.099999999999998,2.876000000000001,0.05,0.029248462989926338
2705,2.0000000000000013,2.838,0.05,0.03810589015483856
2706,3.8999999999999986,2.838,0.05,0.10068653523921967
2707,2.0000000000000013,2.8300000000000005,0.05,0.05747748166322708
2708,2.600000000000002,2.842,0.05,0.021094024181365967
2709,3.8999999999999986,2.8420000000000005,0.05,0.035178862512111664
2710,2.0000000000000013,2.8040000000000003,0.05,0.052651360630989075
2711,4.4999999999999964,2.8540000000000005,0.05,0.04955926164984703
2712,3.8999999999999986,2.892,0.05,0.05006638914346695
2713,3.8999999999999986,2.93,0.05,0.045702189207077026
2714,3.8999999999999986,2.938,0.05,0.03858295828104019
2715,3.8999999999999986,2.9380000000000006,0.05,0.03796776756644249
2716,2.0000000000000013,2.938,0.05,0.03792323172092438
2717,3.8999999999999986,2.9760000000000004,0.05,0.03394213691353798
2718,3.1000000000000014,2.998,0.05,0.032230690121650696
2719,2.0000000000000013,2.998,0.05,0.044277969747781754
2720,2.0000000000000013,2.96,0.05,0.05852214992046356
2721,4.4999999999999964,3.01,0.05,0.064475417137146
2722,2.0000000000000013,2.9720000000000004,0.05,0.06722915172576904
2723,3.8999999999999986,2.9720000000000004,0.05,0.060391172766685486
2724,2.0000000000000013,2.972,0.05,0.024319900199770927
2725,2.0000000000000013,2.9720000000000004,0.05,0.059421807527542114
2726,2.0000000000000013,2.9720000000000004,0.05,0.038445934653282166
2727,3.0000000000000018,2.954,0.05,0.049031659960746765
2728,3.799999999999999,2.99,0.05,0.024506453424692154
2729,3.8999999999999986,2.9900000000000007,0.05,0.033585697412490845
2730,3.8999999999999986,2.9900000000000007,0.05,0.045999832451343536
2731,2.0000000000000013,2.9520000000000004,0.05,0.03873768821358681
2732,4.4999999999999964,3.002,0.05,0.023604517802596092
2733,2.0000000000000013,2.96,0.05,0.05451548844575882
2734,2.900000000000002,2.978,0.05,0.03756276145577431
2735,2.0000000000000013,2.978,0.05,0.021811112761497498
2736,3.8999999999999986,3.016,0.05,0.02346343919634819
2737,3.8999999999999986,3.0540000000000003,0.05,0.08024097979068756
2738,2.0000000000000013,3.0540000000000003,0.05,0.045806191861629486
2739,3.8999999999999986,3.092,0.05,0.03346724063158035
2740,2.0000000000000013,3.092,0.05,0.018509702757000923
2741,3.8999999999999986,3.13,0.05,0.045652858912944794
2742,3.8999999999999986,3.1679999999999997,0.05,0.041901156306266785
2743,2.0000000000000013,3.13,0.05,0.05493001639842987
2744,3.8999999999999986,3.154,0.05,0.03821320831775665
2745,3.8999999999999986,3.154,0.05,0.029011957347393036
2746,3.200000000000001,3.1399999999999992,0.05,0.05926303565502167
2747,3.8999999999999986,3.162,0.05,0.032174624502658844
2748,3.8999999999999986,3.2,0.05,0.01909240148961544
2749,2.0000000000000013,3.162,0.05,0.02299845963716507
2750,2.0000000000000013,3.1239999999999997,0.05,0.020672593265771866
2751,2.0000000000000013,3.092,0.05,0.05443476140499115
2752,2.0000000000000013,3.091999999999999,0.05,0.038879282772541046
2753,2.0000000000000013,3.0460000000000003,0.05,0.033378101885318756
2754,3.8999999999999986,3.042,0.05,0.025551022961735725
2755,2.0000000000000013,3.042,0.05,0.048680298030376434
2756,2.0000000000000013,3.0039999999999996,0.05,0.03060978464782238
2757,2.0000000000000013,3.0039999999999996,0.05,0.062142401933670044
2758,3.8999999999999986,3.03,0.05,0.04104887694120407
2759,3.0000000000000018,3.012,0.05,0.04096151143312454
2760,2.0000000000000013,3.012,0.05,0.02935602329671383
2761,3.8999999999999986,3.0,0.05,0.041360534727573395
2762,2.0000000000000013,2.9619999999999997,0.05,0.014689234085381031
2763,2.0000000000000013,2.924,0.05,0.04723718389868736
2764,3.8999999999999986,2.9240000000000004,0.05,0.054585881531238556
2765,3.8999999999999986,2.9240000000000004,0.05,0.05164483189582825
2766,3.8999999999999986,2.9620000000000006,0.05,0.04860808327794075
2767,2.0000000000000013,2.9240000000000004,0.05,0.032924115657806396
2768,3.799999999999999,2.9380000000000006,0.05,0.016972357407212257
2769,3.8999999999999986,2.976000000000001,0.05,0.028503764420747757
2770,2.0000000000000013,2.9760000000000004,0.05,0.04680293798446655
2771,3.8999999999999986,2.9640000000000004,0.05,0.04626774787902832
2772,2.0000000000000013,2.9640000000000004,0.05,0.052109017968177795
2773,3.8999999999999986,2.9640000000000004,0.05,0.013542389497160912
2774,3.8999999999999986,3.0020000000000007,0.05,0.030644947662949562
2775,2.0000000000000013,3.002,0.05,0.03184613212943077
2776,2.0000000000000013,3.0020000000000007,0.05,0.02643139846622944
2777,2.0000000000000013,2.9819999999999998,0.05,0.04368838667869568
2778,3.8999999999999986,2.9840000000000004,0.05,0.03620398789644241
2779,3.8999999999999986,2.9840000000000004,0.05,0.024321777746081352
2780,2.0000000000000013,2.946,0.05,0.02238393947482109
2781,2.0000000000000013,2.946,0.05,0.02586129680275917
2782,3.8999999999999986,2.934,0.05,0.047701723873615265
2783,2.0000000000000013,2.934,0.05,0.023805828765034676
2784,2.0000000000000013,2.9160000000000004,0.05,0.025037400424480438
2785,3.1000000000000014,2.938,0.05,0.03699282556772232
2786,2.0000000000000013,2.9,0.05,0.03191114962100983
2787,2.0000000000000013,2.862,0.05,0.04232705384492874
2788,2.0000000000000013,2.8620000000000005,0.05,0.030207615345716476
2789,3.8999999999999986,2.8620000000000005,0.05,0.025041479617357254
2790,3.8999999999999986,2.9000000000000004,0.05,0.033992137759923935
2791,2.0000000000000013,2.8620000000000005,0.05,0.01687338948249817
2792,2.0000000000000013,2.824,0.05,0.04897630587220192
2793,3.8999999999999986,2.8620000000000005,0.05,0.03672495856881142
2794,3.8999999999999986,2.8620000000000005,0.05,0.029814813286066055
2795,3.8999999999999986,2.8620000000000005,0.05,0.029429614543914795
2796,3.8999999999999986,2.8760000000000003,0.05,0.023831352591514587
2797,2.0000000000000013,2.838,0.05,0.03256664052605629
2798,2.0000000000000013,2.8,0.05,0.039735496044158936
2799,2.0000000000000013,2.8,0.05,0.0361303873360157
2800,3.8999999999999986,2.838,0.05,0.042194124311208725
2801,3.8999999999999986,2.8760000000000003,0.05,0.0484822615981102
2802,2.0000000000000013,2.8760000000000003,0.05,0.025510136038064957
2803,2.0000000000000013,2.8760000000000003,0.05,0.03999606892466545
2804,3.8999999999999986,2.8760000000000003,0.05,0.029370885342359543
2805,2.0000000000000013,2.8760000000000003,0.05,0.04417642951011658
2806,6.5999999999999925,2.968,0.05,0.03026329167187214
2807,3.8999999999999986,3.0060000000000002,0.05,0.03145168721675873
2808,2.2000000000000015,2.972,0.05,0.023280926048755646
2809,2.0000000000000013,2.952,0.05,0.031251002103090286
2810,3.3000000000000007,2.9780000000000006,0.05,0.024712691083550453
2811,3.8999999999999986,2.978,0.05,0.022654730826616287
2812,3.8999999999999986,3.016,0.05,0.02041792869567871
2813,2.0000000000000013,3.016,0.05,0.03184426203370094
2814,2.2000000000000015,2.9819999999999993,0.05,0.024553729221224785
2815,3.4000000000000004,2.972,0.05,0.029330674558877945
2816,2.0000000000000013,2.934,0.05,0.016129426658153534
2817,2.0000000000000013,2.9339999999999997,0.05,0.028108056634664536
2818,3.5999999999999996,2.9299999999999993,0.05,0.03280983120203018
2819,6.399999999999993,2.98,0.05,0.01634737104177475
2820,3.8999999999999986,3.0180000000000007,0.05,0.01898738369345665
2821,2.0000000000000013,2.9800000000000004,0.05,0.017700403928756714
2822,2.0000000000000013,2.98,0.05,0.017357537522912025
2823,3.8999999999999986,2.9800000000000004,0.05,0.02630595862865448
2824,3.5999999999999996,2.9739999999999998,0.05,0.014057855121791363
2825,2.0000000000000013,2.974,0.05,0.033116765320301056
2826,2.700000000000002,2.9879999999999995,0.05,0.02075168862938881
2827,2.0000000000000013,2.988,0.05,0.018709130585193634
2828,2.0000000000000013,2.95,0.05,0.03921893239021301
2829,2.0000000000000013,2.9120000000000004,0.05,0.03531382977962494
2830,3.8999999999999986,2.95,0.05,0.018094144761562347
2831,3.8999999999999986,2.988000000000001,0.05,0.03332633525133133
2832,3.5,2.98,0.05,0.024202749133110046
2833,3.8999999999999986,3.0180000000000002,0.05,0.0237872414290905
2834,3.8999999999999986,3.056,0.05,0.049500513821840286
2835,3.8999999999999986,3.0720000000000005,0.05,0.029840096831321716
2836,2.0000000000000013,3.072,0.05,0.022203920409083366
2837,2.0000000000000013,3.072,0.05,0.031165344640612602
2838,2.0000000000000013,3.072,0.05,0.03744840249419212
2839,2.0000000000000013,3.034,0.05,0.021123960614204407
2840,3.8999999999999986,3.0340000000000003,0.05,0.023730579763650894
2841,2.0000000000000013,3.0340000000000003,0.05,0.01956450194120407
2842,3.8999999999999986,3.072,0.05,0.02706081233918667
2843,3.8999999999999986,3.0720000000000005,0.05,0.034954048693180084
2844,3.8999999999999986,3.0720000000000005,0.05,0.0152895487844944
2845,3.8999999999999986,3.0720000000000005,0.05,0.01311308704316616
2846,3.6999999999999993,3.068,0.05,0.022762835025787354
2847,2.0000000000000013,3.0679999999999996,0.05,0.015963055193424225
2848,2.0000000000000013,3.0679999999999996,0.05,0.03555753827095032
2849,2.0000000000000013,3.068,0.05,0.024113627150654793
2850,2.0000000000000013,3.03,0.05,0.035561393946409225
2851,2.0000000000000013,2.992,0.05,0.023212779313325882
2852,3.8999999999999986,3.0299999999999994,0.05,0.026165392249822617
2853,2.0000000000000013,3.03,0.05,0.026275191456079483
2854,2.0000000000000013,2.992,0.05,0.029659328982234
2855,3.200000000000001,3.015999999999999,0.05,0.02408778667449951
2856,2.0000000000000013,2.924,0.05,0.022830713540315628
2857,3.8999999999999986,2.9240000000000004,0.05,0.03037022426724434
2858,2.0000000000000013,2.9200000000000004,0.05,0.012479186989367008
2859,3.8999999999999986,2.958,0.05,0.016382191330194473
2860,2.0000000000000013,2.9320000000000004,0.05,0.027146976441144943
2861,2.0000000000000013,2.8939999999999997,0.05,0.02846294641494751
2862,3.8999999999999986,2.894,0.05,0.033202387392520905
2863,3.9999999999999982,2.934,0.05,0.026647090911865234
2864,2.0000000000000013,2.93,0.05,0.023648064583539963
2865,2.0000000000000013,2.9020000000000006,0.05,0.020539117977023125
2866,2.0000000000000013,2.9019999999999997,0.05,0.015914205461740494
2867,2.0000000000000013,2.9020000000000006,0.05,0.01739836297929287
2868,3.799999999999999,2.906,0.05,0.024563269689679146
2869,3.8999999999999986,2.8560000000000008,0.05,0.016120456159114838
2870,4.099999999999998,2.86,0.05,0.018016919493675232
2871,3.8999999999999986,2.8980000000000006,0.05,0.015322664752602577
2872,2.0000000000000013,2.898,0.05,0.02825302630662918
2873,3.0000000000000018,2.88,0.05,0.014711691066622734
2874,2.0000000000000013,2.8480000000000008,0.05,0.021698012948036194
2875,3.8999999999999986,2.886000000000001,0.05,0.014939774759113789
2876,2.0000000000000013,2.872,0.05,0.032343342900276184
2877,2.0000000000000013,2.8720000000000003,0.05,0.021275155246257782
2878,2.0000000000000013,2.8720000000000003,0.05,0.020951515063643456
2879,3.6999999999999993,2.906,0.05,0.013224977999925613
2880,3.8999999999999986,2.906,0.05,0.018637189641594887
2881,2.0000000000000013,2.8680000000000008,0.05,0.010665478184819221
2882,3.8999999999999986,2.876000000000001,0.05,0.019513115286827087
2883,2.0000000000000013,2.8380000000000005,0.05,0.021613650023937225
2884,3.5999999999999996,2.832,0.05,0.018987711519002914
2885,2.0000000000000013,2.7940000000000005,0.05,0.01730753481388092
2886,3.8999999999999986,2.8320000000000003,0.05,0.024895086884498596
2887,3.8999999999999986,2.8700000000000006,0.05,0.014971477910876274
2888,2.0000000000000013,2.8700000000000006,0.05,0.018861941993236542
2889,2.0000000000000013,2.87,0.05,0.019258730113506317
2890,2.4000000000000017,2.8400000000000007,0.05,0.01575966365635395
2891,2.0000000000000013,2.8400000000000007,0.05,0.026143450289964676
2892,3.8999999999999986,2.8400000000000007,0.05,0.015028253197669983
2893,2.0000000000000013,2.8020000000000005,0.05,0.024717241525650024
2894,2.0000000000000013,2.7640000000000002,0.05,0.01903516985476017
2895,2.0000000000000013,2.7260000000000004,0.05,0.022616427391767502
2896,3.8999999999999986,2.7300000000000004,0.05,0.0198509618639946
2897,3.8999999999999986,2.7680000000000007,0.05,0.01612883247435093
2898,3.8999999999999986,2.806000000000001,0.05,0.012406162917613983
2899,2.0000000000000013,2.806000000000001,0.05,0.025387173518538475
2900,3.8999999999999986,2.8440000000000003,0.05,0.016996774822473526
2901,3.8999999999999986,2.8820000000000006,0.05,0.017995569854974747
2902,4.299999999999997,2.89,0.05,0.01758008450269699
2903,2.0000000000000013,2.89,0.05,0.01406940072774887
2904,3.8999999999999986,2.928,0.05,0.021622618660330772
2905,2.0000000000000013,2.9040000000000004,0.05,0.010753694921731949
2906,2.0000000000000013,2.904,0.05,0.022675618529319763
2907,3.0000000000000018,2.886,0.05,0.02633177861571312
2908,2.0000000000000013,2.886,0.05,0.021281499415636063
2909,2.0000000000000013,2.8480000000000003,0.05,0.011247798800468445
2910,2.0000000000000013,2.8480000000000003,0.05,0.016211705282330513
2911,3.8999999999999986,2.886,0.05,0.01730102300643921
2912,2.4000000000000017,2.8560000000000003,0.05,0.013087978586554527
2913,3.8999999999999986,2.8540000000000005,0.05,0.02015557885169983
2914,2.4000000000000017,2.8620000000000005,0.05,0.028993327170610428
2915,2.0000000000000013,2.862,0.05,0.022153958678245544
2916,2.0000000000000013,2.8620000000000005,0.05,0.013776324689388275
2917,2.2000000000000015,2.866,0.05,0.012393180280923843
2918,3.5999999999999996,2.862,0.05,0.016083145514130592
2919,2.0000000000000013,2.8240000000000003,0.05,0.008629389107227325
2920,2.0000000000000013,2.7820000000000005,0.05,0.01663176715373993
2921,3.8999999999999986,2.782000000000001,0.05,0.018973056226968765
2922,2.0000000000000013,2.7820000000000005,0.05,0.017592962831258774
2923,2.0000000000000013,2.7620000000000005,0.05,0.015392929315567017
2924,2.0000000000000013,2.7620000000000005,0.05,0.015759442001581192
2925,3.5999999999999996,2.7560000000000002,0.05,0.012276135385036469
2926,3.8999999999999986,2.7940000000000005,0.05,0.010482452809810638
2927,3.8999999999999986,2.8320000000000003,0.05,0.015353959053754807
2928,3.8999999999999986,2.8700000000000006,0.05,0.017606260254979134
2929,2.0000000000000013,2.8360000000000003,0.05,0.011126460507512093
2930,2.0000000000000013,2.7980000000000005,0.05,0.023358412086963654
2931,2.700000000000002,2.812,0.05,0.019403524696826935
2932,2.0000000000000013,2.7740000000000005,0.05,0.019884996116161346
2933,3.8999999999999986,2.8120000000000003,0.05,0.02096245251595974
2934,2.0000000000000013,2.7800000000000007,0.05,0.028202954679727554
2935,2.0000000000000013,2.78,0.05,0.016179347410798073
2936,3.8999999999999986,2.7800000000000007,0.05,0.012829400599002838
2937,2.0000000000000013,2.7420000000000004,0.05,0.008228148333728313
2938,2.700000000000002,2.7560000000000002,0.05,0.012992274016141891
2939,2.900000000000002,2.7740000000000005,0.05,0.017411943525075912
2940,2.0000000000000013,2.766000000000001,0.05,0.014546608552336693
2941,3.8999999999999986,2.8040000000000003,0.05,0.013491612859070301
2942,3.8999999999999986,2.8040000000000007,0.05,0.014771874994039536
2943,3.8999999999999986,2.842000000000001,0.05,0.010282445698976517
2944,3.5,2.8720000000000003,0.05,0.008829383179545403
2945,2.0000000000000013,2.8720000000000003,0.05,0.012833764776587486
2946,2.0000000000000013,2.8340000000000005,0.05,0.01930825039744377
2947,3.8999999999999986,2.834000000000001,0.05,0.011018387041985989
2948,3.8999999999999986,2.834000000000001,0.05,0.018867388367652893
2949,2.0000000000000013,2.834000000000001,0.05,0.009982041083276272
2950,3.8999999999999986,2.8340000000000005,0.05,0.008564382791519165
2951,3.4000000000000004,2.8240000000000007,0.05,0.011339421384036541
2952,2.0000000000000013,2.7780000000000005,0.05,0.009873266331851482
2953,2.0000000000000013,2.7780000000000005,0.05,0.010828819125890732
2954,2.0000000000000013,2.74,0.05,0.013744266703724861
2955,3.8999999999999986,2.7780000000000005,0.05,0.015135707333683968
2956,3.8999999999999986,2.8160000000000007,0.05,0.01345478743314743
2957,2.0000000000000013,2.7960000000000007,0.05,0.012862343341112137
2958,2.0000000000000013,2.7960000000000003,0.05,0.008061330765485764
2959,3.8999999999999986,2.8340000000000005,0.05,0.00915969256311655
2960,2.0000000000000013,2.8340000000000005,0.05,0.009777695871889591
2961,3.8999999999999986,2.8340000000000005,0.05,0.008469650521874428
2962,2.900000000000002,2.8440000000000007,0.05,0.014962759800255299
2963,2.0000000000000013,2.806000000000001,0.05,0.015325832180678844
2964,3.8999999999999986,2.8360000000000007,0.05,0.010564216412603855
2965,2.0000000000000013,2.8360000000000007,0.05,0.01876610703766346
2966,3.8999999999999986,2.8740000000000006,0.05,0.01353054866194725
2967,3.8999999999999986,2.908000000000001,0.05,0.017341725528240204
2968,4.299999999999997,2.9220000000000006,0.05,0.003956892061978579
2969,2.0000000000000013,2.9220000000000006,0.05,0.009058792144060135
2970,2.0000000000000013,2.9220000000000006,0.05,0.020895887166261673
2971,2.0000000000000013,2.8840000000000003,0.05,0.016478579491376877
2972,2.0000000000000013,2.884,0.05,0.01851346716284752
2973,2.0000000000000013,2.884,0.05,0.010301424190402031
2974,2.0000000000000013,2.8840000000000003,0.05,0.013743767514824867
2975,2.4000000000000017,2.8600000000000008,0.05,0.008819343522191048
2976,3.8999999999999986,2.8600000000000008,0.05,0.01230032928287983
2977,3.1000000000000014,2.8440000000000003,0.05,0.006801151670515537
2978,3.8999999999999986,2.8440000000000003,0.05,0.011846806854009628
2979,2.0000000000000013,2.8440000000000003,0.05,0.008657868020236492
2980,3.799999999999999,2.880000000000001,0.05,0.011861373670399189
2981,2.0000000000000013,2.866,0.05,0.009303998202085495
2982,3.6999999999999993,2.9,0.05,0.00932683702558279
2983,2.0000000000000013,2.8620000000000005,0.05,0.011030776426196098
2984,3.8999999999999986,2.9000000000000004,0.05,0.01044152770191431
2985,2.0000000000000013,2.9000000000000004,0.05,0.014157382771372795
2986,3.8999999999999986,2.9000000000000004,0.05,0.010204359889030457
2987,2.0000000000000013,2.9000000000000004,0.05,0.006453716196119785
2988,3.8999999999999986,2.9240000000000004,0.05,0.010536499321460724
2989,3.8999999999999986,2.9440000000000004,0.05,0.023384036496281624
2990,2.4000000000000017,2.9520000000000004,0.05,0.008607834577560425
2991,2.0000000000000013,2.914,0.05,0.012431209906935692
2992,6.099999999999994,2.958,0.05,0.011310532689094543
2993,3.8999999999999986,2.958,0.05,0.01508045569062233
2994,2.0000000000000013,2.928,0.05,0.01580241695046425
2995,3.1000000000000014,2.95,0.05,0.0058724768459796906
2996,3.6999999999999993,2.9840000000000004,0.05,0.00857425108551979
2997,2.600000000000002,2.958,0.05,0.004607819486409426
2998,2.0000000000000013,2.9200000000000004,0.05,0.013450582511723042
2999,2.0000000000000013,2.92,0.05,0.009685634635388851
3000,3.8999999999999986,2.9200000000000004,0.05,0.0056822216138243675
3001,3.8999999999999986,2.9300000000000006,0.05,0.008359875530004501
3002,3.0000000000000018,2.9500000000000006,0.05,0.011384619399905205
3003,3.8999999999999986,2.988,0.05,0.009321867488324642
3004,3.8999999999999986,3.0260000000000002,0.05,0.010661697015166283
3005,3.8999999999999986,3.0260000000000002,0.05,0.01055779866874218
3006,3.5999999999999996,3.02,0.05,0.012189395725727081
3007,3.8999999999999986,3.0580000000000003,0.05,0.008219603449106216
3008,3.8999999999999986,3.096,0.05,0.004970758222043514
3009,6.5999999999999925,3.15,0.05,0.014062019065022469
3010,3.8999999999999986,3.1879999999999997,0.05,0.010227091610431671
3011,3.8999999999999986,3.188,0.05,0.011935578659176826
3012,2.0000000000000013,3.1699999999999995,0.05,0.015742771327495575
3013,4.099999999999998,3.2119999999999997,0.05,0.006138792261481285
3014,2.0000000000000013,3.174,0.05,0.013701088726520538
3015,2.0000000000000013,3.174,0.05,0.01475188136100769
3016,2.0000000000000013,3.1359999999999997,0.05,0.011945505626499653
3017,2.700000000000002,3.112,0.05,0.006730092689394951
3018,3.8999999999999986,3.1039999999999996,0.05,0.004423027858138084
3019,2.0000000000000013,3.1040000000000005,0.05,0.0053294324316084385
3020,3.8999999999999986,3.142,0.05,0.013025570660829544
3021,2.0000000000000013,3.142,0.05,0.020315827801823616
3022,2.0000000000000013,3.1419999999999995,0.05,0.008635856211185455
3023,2.0000000000000013,3.142,0.05,0.01213635690510273
3024,2.0000000000000013,3.1419999999999995,0.05,0.0074052391573786736
3025,2.0000000000000013,3.134,0.05,0.00986841693520546
3026,2.0000000000000013,3.096,0.05,0.005802293308079243
3027,2.0000000000000013,3.074,0.05,0.006519713439047337
3028,3.4000000000000004,3.0640000000000005,0.05,0.008370050229132175
3029,2.0000000000000013,3.0640000000000005,0.05,0.012617424130439758
3030,2.0000000000000013,3.028,0.05,0.01397072896361351
3031,2.0000000000000013,3.028,0.05,0.01264695543795824
3032,3.8999999999999986,3.0320000000000005,0.05,0.010032342746853828
3033,3.9999999999999982,3.072,0.05,0.012812485918402672
3034,3.8999999999999986,3.0720000000000005,0.05,0.007640007417649031
3035,3.8999999999999986,3.11,0.05,0.01001330278813839
3036,2.0000000000000013,3.0720000000000005,0.05,0.010769249871373177
3037,2.0000000000000013,3.072,0.05,0.009976963512599468
3038,3.8999999999999986,3.0720000000000005,0.05,0.006050942465662956
3039,2.0000000000000013,3.034,0.05,0.017269637435674667
3040,3.8999999999999986,3.0640000000000005,0.05,0.014491639100015163
3041,2.0000000000000013,3.0639999999999996,0.05,0.01748921535909176
3042,2.0000000000000013,2.9820000000000007,0.05,0.008981937542557716
3043,2.0000000000000013,2.944,0.05,0.00834320206195116
3044,3.8999999999999986,2.9820000000000007,0.05,0.014681166037917137
3045,3.8999999999999986,2.998,0.05,0.007472362834960222
3046,3.8999999999999986,3.0020000000000007,0.05,0.012475546449422836
3047,3.8999999999999986,3.0280000000000005,0.05,0.01213146187365055
3048,2.0000000000000013,3.028,0.05,0.011263578198850155
3049,2.0000000000000013,3.0279999999999996,0.05,0.007351591717451811
3050,3.8999999999999986,3.028,0.05,0.010170991532504559
3051,3.8999999999999986,3.028,0.05,0.004958401899784803
3052,3.8999999999999986,3.0460000000000003,0.05,0.007617318071424961
3053,3.8999999999999986,3.0460000000000003,0.05,0.005960674956440926
3054,3.8999999999999986,3.0460000000000003,0.05,0.004687882028520107
3055,3.8999999999999986,3.0460000000000003,0.05,0.016477948054671288
3056,3.8999999999999986,3.0520000000000005,0.05,0.013607829809188843
3057,3.8999999999999986,3.052,0.05,0.015416034497320652
3058,3.8999999999999986,3.052,0.05,0.004765827674418688
3059,2.0000000000000013,2.9600000000000004,0.05,0.005421278066933155
3060,3.8999999999999986,2.9600000000000004,0.05,0.015530494973063469
3061,3.8999999999999986,2.96,0.05,0.01632237620651722
3062,4.699999999999996,3.014,0.05,0.009544732980430126
3063,2.0000000000000013,2.972,0.05,0.01097613014280796
3064,2.0000000000000013,2.9720000000000004,0.05,0.010542668402194977
3065,2.0000000000000013,2.972,0.05,0.008302674628794193
3066,2.0000000000000013,2.972,0.05,0.00834653526544571
3067,3.8999999999999986,2.9959999999999996,0.05,0.007234773598611355
3068,2.0000000000000013,2.958,0.05,0.006486700382083654
3069,2.0000000000000013,2.9579999999999997,0.05,0.010990812443196774
3070,3.8999999999999986,2.958,0.05,0.003610360436141491
3071,3.8999999999999986,2.9960000000000004,0.05,0.008952504023909569
3072,3.8999999999999986,3.034,0.05,0.008557422086596489
3073,2.4000000000000017,3.042,0.05,0.017443140968680382
3074,2.0000000000000013,3.042,0.05,0.010678115300834179
3075,3.8999999999999986,3.0800000000000005,0.05,0.01077678520232439
3076,2.0000000000000013,3.0799999999999996,0.05,0.009981936775147915
3077,2.0000000000000013,3.08,0.05,0.009098701179027557
3078,2.0000000000000013,3.051999999999999,0.05,0.006825209595263004
3079,3.8999999999999986,3.09,0.05,0.004303296096622944
3080,4.799999999999995,3.145999999999999,0.05,0.010753314942121506
3081,3.8999999999999986,3.1839999999999997,0.05,0.003920075483620167
3082,3.8999999999999986,3.1839999999999997,0.05,0.011836101301014423
3083,3.1000000000000014,3.1659999999999995,0.05,0.008050854317843914
3084,3.8999999999999986,3.1659999999999995,0.05,0.013177634216845036
3085,2.0000000000000013,3.1279999999999997,0.05,0.008865652605891228
3086,2.0000000000000013,3.1279999999999997,0.05,0.008967471309006214
3087,2.0000000000000013,3.1279999999999997,0.05,0.012621717527508736
3088,2.600000000000002,3.102,0.05,0.003145430004224181
3089,3.8999999999999986,3.1399999999999992,0.05,0.01194795686751604
3090,3.9999999999999982,3.142,0.05,0.003863577963784337
3091,2.0000000000000013,3.1419999999999995,0.05,0.007306416518986225
3092,2.0000000000000013,3.142,0.05,0.0064441184513270855
3093,2.0000000000000013,3.1419999999999995,0.05,0.009207167662680149
3094,2.900000000000002,3.122,0.05,0.008739778771996498
3095,3.8999999999999986,3.122,0.05,0.0066138566471636295
3096,3.8999999999999986,3.1220000000000003,0.05,0.0044598993845283985
3097,2.600000000000002,3.0959999999999996,0.05,0.006576556712388992
3098,2.700000000000002,3.1099999999999994,0.05,0.009961020201444626
3099,2.0000000000000013,3.11,0.05,0.008671680465340614
3100,3.5,3.102,0.05,0.00978075060993433
3101,2.0000000000000013,3.0639999999999996,0.05,0.012468820437788963
3102,3.9999999999999982,3.0660000000000003,0.05,0.010128402151167393
3103,3.8999999999999986,3.0660000000000007,0.05,0.005926106125116348
3104,2.0000000000000013,3.028,0.05,0.00699236523360014
3105,4.299999999999997,3.036,0.05,0.009399881586432457
3106,3.5999999999999996,3.0300000000000007,0.05,0.007253894582390785
3107,4.4999999999999964,3.042,0.05,0.007215557154268026
3108,2.0000000000000013,3.0039999999999996,0.05,0.013074640184640884
3109,3.4000000000000004,3.0320000000000005,0.05,0.014428410679101944
3110,2.0000000000000013,2.994,0.05,0.01786165125668049
3111,2.0000000000000013,2.9560000000000004,0.05,0.006074465811252594
3112,3.8999999999999986,2.9400000000000004,0.05,0.007336031645536423
3113,2.0000000000000013,2.9400000000000004,0.05,0.013444246724247932
3114,2.4000000000000017,2.948,0.05,0.006190381944179535
3115,6.099999999999994,3.03,0.05,0.004595224745571613
3116,3.6999999999999993,3.0639999999999996,0.05,0.012024585157632828
3117,2.0000000000000013,3.0260000000000002,0.05,0.009287569671869278
3118,3.3000000000000007,3.0520000000000005,0.05,0.007044278085231781
3119,2.0000000000000013,3.0520000000000005,0.05,0.00615275464951992
3120,2.2000000000000015,3.0179999999999993,0.05,0.006688172463327646
3121,3.8999999999999986,3.0180000000000002,0.05,0.0029537559021264315
3122,2.0000000000000013,2.9800000000000004,0.05,0.004603642504662275
3123,2.0000000000000013,2.9720000000000004,0.05,0.003156899241730571
3124,3.8999999999999986,3.01,0.05,0.0062583331018686295
3125,2.0000000000000013,2.972,0.05,0.007574292365461588
3126,3.8999999999999986,3.0099999999999993,0.05,0.01343959104269743
3127,2.0000000000000013,3.0100000000000007,0.05,0.007552286610007286
3128,2.0000000000000013,3.01,0.05,0.003267298685386777
3129,3.8999999999999986,3.01,0.05,0.013644110411405563
3130,3.4000000000000004,2.9819999999999998,0.05,0.013726243749260902
3131,2.0000000000000013,2.9440000000000004,0.05,0.006825813092291355
3132,2.0000000000000013,2.906,0.05,0.005410004407167435
3133,2.0000000000000013,2.8840000000000003,0.05,0.009126903489232063
3134,3.8999999999999986,2.8840000000000003,0.05,0.01103532500565052
3135,2.0000000000000013,2.8840000000000003,0.05,0.0052064694464206696
3136,2.0000000000000013,2.884,0.05,0.00458109425380826
3137,2.0000000000000013,2.8840000000000003,0.05,0.008066052570939064
3138,3.8999999999999986,2.9100000000000006,0.05,0.01067020557820797
3139,3.8999999999999986,2.9100000000000006,0.05,0.008437753655016422
3140,3.5,2.9000000000000004,0.05,0.013440173119306564
3141,3.8999999999999986,2.938,0.05,0.008567693643271923
3142,2.0000000000000013,2.938,0.05,0.007101406343281269
3143,2.0000000000000013,2.938,0.05,0.013016249053180218
3144,2.0000000000000013,2.92,0.05,0.008362676948308945
3145,2.0000000000000013,2.8820000000000006,0.05,0.006076561287045479
3146,4.699999999999996,2.898,0.05,0.008472254499793053
3147,2.900000000000002,2.9040000000000004,0.05,0.010772710666060448
3148,2.0000000000000013,2.8900000000000006,0.05,0.008271475322544575
3149,3.0000000000000018,2.91,0.05,0.017318084836006165
3150,3.8999999999999986,2.918,0.05,0.0067062051966786385
3151,2.0000000000000013,2.918,0.05,0.004823146387934685
3152,2.0000000000000013,2.8780000000000006,0.05,0.00895511731505394
3153,2.0000000000000013,2.84,0.05,0.00862099975347519
3154,2.0000000000000013,2.84,0.05,0.007847882807254791
3155,3.8999999999999986,2.8320000000000003,0.05,0.007388029247522354
3156,3.8999999999999986,2.8380000000000005,0.05,0.013050083070993423
3157,4.699999999999996,2.842,0.05,0.00940629094839096
3158,3.8999999999999986,2.880000000000001,0.05,0.019403740763664246
3159,8.399999999999986,2.98,0.05,0.013674831949174404
3160,4.899999999999995,3.0380000000000003,0.05,0.005143447779119015
3161,2.0000000000000013,3.0380000000000003,0.05,0.005442801397293806
3162,2.0000000000000013,3.0,0.05,0.00546273635700345
3163,2.0000000000000013,3.0,0.05,0.0012918959837406874
3164,3.8999999999999986,3.03,0.05,0.00967618077993393
3165,2.0000000000000013,2.948,0.05,0.01382528617978096
3166,3.1000000000000014,2.9360000000000004,0.05,0.006908861454576254
3167,2.0000000000000013,2.9359999999999995,0.05,0.011905331164598465
3168,2.0000000000000013,2.91,0.05,0.005638427566736937
3169,3.8999999999999986,2.948,0.05,0.01265737134963274
3170,2.0000000000000013,2.9440000000000004,0.05,0.012689260765910149
3171,3.8999999999999986,2.9440000000000004,0.05,0.00574505515396595
3172,2.0000000000000013,2.9440000000000004,0.05,0.016065379604697227
3173,2.0000000000000013,2.944,0.05,0.003612447762861848
3174,3.8999999999999986,2.9440000000000004,0.05,0.009150724858045578
3175,2.0000000000000013,2.9440000000000004,0.05,0.0065881251357495785
3176,2.0000000000000013,2.906,0.05,0.00644517969340086
3177,3.8999999999999986,2.9440000000000004,0.05,0.004112483002245426
3178,3.8999999999999986,2.9820000000000007,0.05,0.006870786659419537
3179,3.8999999999999986,2.9819999999999998,0.05,0.004384208470582962
3180,3.8999999999999986,2.9920000000000004,0.05,0.007570445537567139
3181,3.799999999999999,3.028,0.05,0.024141665548086166
3182,2.0000000000000013,3.028,0.05,0.00872462522238493
3183,3.8999999999999986,3.066,0.05,0.008959991857409477
3184,3.5,3.0580000000000003,0.05,0.004855892155319452
3185,3.8999999999999986,3.0959999999999996,0.05,0.004558048211038113
3186,3.8999999999999986,3.134,0.05,0.0044793118722736835
3187,3.8999999999999986,3.1719999999999997,0.05,0.01508028618991375
3188,4.799999999999995,3.19,0.05,0.008216660469770432
3189,2.0000000000000013,3.1519999999999992,0.05,0.012269803322851658
3190,2.0000000000000013,3.1219999999999994,0.05,0.017228178679943085
3191,2.0000000000000013,3.0839999999999996,0.05,0.01519152894616127
3192,3.8999999999999986,3.122,0.05,0.013286987319588661
3193,3.8999999999999986,3.16,0.05,0.008359275758266449
3194,3.8999999999999986,3.1979999999999995,0.05,0.00024280574871227145
3195,3.8999999999999986,3.2359999999999998,0.05,0.005035630892962217
3196,2.0000000000000013,3.1819999999999995,0.05,0.016999687999486923
3197,2.0000000000000013,3.1639999999999993,0.05,0.006487092934548855
3198,3.8999999999999986,3.2019999999999995,0.05,0.01135987974703312
3199,2.0000000000000013,3.1819999999999995,0.05,0.01033562421798706
3200,2.0000000000000013,3.1439999999999992,0.05,0.00036513389204628766
3201,2.0000000000000013,3.1439999999999997,0.05,0.00470967311412096
3202,3.8999999999999986,3.1819999999999995,0.05,0.002830019686371088
3203,2.0000000000000013,3.182,0.05,0.016370192170143127
3204,3.8999999999999986,3.2199999999999993,0.05,0.009140051901340485
3205,3.8999999999999986,3.22,0.05,0.0021947305649518967
3206,3.8999999999999986,3.2199999999999993,0.05,0.0038417743053287268
3207,3.8999999999999986,3.2039999999999997,0.05,0.008134610950946808
3208,3.8999999999999986,3.2039999999999997,0.05,0.013538267463445663
3209,-2.699999999999998,2.9819999999999998,0.05,0.00260692136362195
3210,3.8999999999999986,2.9619999999999997,0.05,0.010438600555062294
3211,3.9999999999999982,3.002,0.05,0.008314231410622597
3212,3.8999999999999986,3.04,0.05,0.010238204151391983
3213,4.1999999999999975,3.083999999999999,0.05,0.01840238645672798
3214,3.8999999999999986,3.083999999999999,0.05,0.0108916275203228
3215,3.8999999999999986,3.122,0.05,0.030271146446466446
3216,2.0000000000000013,3.1,0.05,0.00038377882447093725
3217,4.4999999999999964,3.1499999999999995,0.05,0.019445795565843582
3218,4.4999999999999964,3.1999999999999993,0.05,0.006559058558195829
3219,4.699999999999996,3.2159999999999993,0.05,0.003269180189818144
3220,2.2000000000000015,3.219999999999999,0.05,0.0001392776903230697
3221,2.0000000000000013,3.1819999999999995,0.05,0.017664778977632523
3222,3.8999999999999986,3.2199999999999993,0.05,0.0005809166468679905
3223,3.8999999999999986,3.2579999999999996,0.05,0.006492064334452152
3224,3.9999999999999982,3.2599999999999993,0.05,0.010289052501320839
3225,3.8999999999999986,3.297999999999999,0.05,0.005148523021489382
3226,3.5,3.327999999999999,0.05,0.0052104187197983265
3227,3.299999999999999,3.316,0.05,0.006589728407561779
3228,2.0000000000000013,3.2779999999999996,0.05,0.00048093017539940774
3229,3.8999999999999986,3.277999999999999,0.05,0.0006421676371246576
3230,3.5999999999999996,3.2719999999999994,0.05,0.012811088934540749
3231,-0.8999999999999986,3.1779999999999995,0.05,0.025895830243825912
3232,2.800000000000002,3.193999999999999,0.05,0.00259615620598197
3233,4.099999999999998,3.1979999999999995,0.05,0.012793542817234993
3234,-8.7,2.9539999999999993,0.05,8.829677972244099e-05
3235,2.0000000000000013,2.9159999999999995,0.05,0.006755623035132885
3236,3.8999999999999986,2.9159999999999995,0.05,0.012811429798603058
3237,3.8999999999999986,2.9160000000000004,0.05,0.0028801702428609133
3238,3.8999999999999986,2.8979999999999997,0.05,0.007228008471429348
3239,2.600000000000002,2.91,0.05,0.002814195118844509
3240,3.8999999999999986,2.9479999999999995,0.05,0.006884575355798006
3241,-0.29999999999999893,2.9019999999999992,0.05,8.569446799810976e-05
3242,4.1999999999999975,2.907999999999999,0.05,0.006405240390449762
3243,4.099999999999998,2.9119999999999995,0.05,0.006094876676797867
3244,-9.299999999999999,2.647999999999999,0.05,0.006576927844434977
3245,3.8999999999999986,2.647999999999999,0.05,0.012871413491666317
3246,3.8999999999999986,2.6859999999999995,0.05,0.00673701474443078
3247,2.0000000000000013,2.6859999999999995,0.05,0.021252479404211044
3248,3.8999999999999986,2.6859999999999995,0.05,0.00023310624237637967
3249,3.299999999999999,2.7119999999999997,0.05,0.011934752576053143
3250,3.8999999999999986,2.7499999999999996,0.05,0.017373360693454742
3251,4.1999999999999975,2.793999999999999,0.05,0.007975137792527676
3252,-2.099999999999998,2.673999999999999,0.05,0.007523524574935436
3253,0.3000000000000007,2.6399999999999992,0.05,0.022118275985121727
3254,3.8999999999999986,2.6399999999999992,0.05,0.02166144549846649
3255,-2.699999999999998,2.507999999999999,0.05,0.01470006164163351
3256,3.8999999999999986,2.5079999999999996,0.05,0.007508937735110521
3257,-8.7,2.2559999999999993,0.05,0.00028854497941210866
3258,3.5999999999999996,2.249999999999999,0.05,0.014689779840409756
3259,-8.7,2.129999999999999,0.05,0.0031667116563767195
3260,-5.099999999999998,1.9499999999999997,0.05,0.007697902619838715
3261,3.6999999999999993,1.9439999999999995,0.05,0.0002837316133081913
3262,3.8999999999999986,1.9439999999999997,0.05,0.014970402233302593
3263,4.299999999999997,1.9459999999999993,0.05,0.014964403584599495
3264,-4.499999999999998,1.7779999999999996,0.05,0.009819908998906612
3265,3.8999999999999986,1.7779999999999996,0.05,0.010095237754285336
3266,3.8999999999999986,1.8159999999999996,0.05,0.031737856566905975
3267,-5.099999999999998,1.6239999999999997,0.05,0.007672862149775028
3268,3.299999999999999,1.5999999999999996,0.05,0.007739835884422064
3269,1.5,1.536,0.05,0.007145227864384651
3270,-9.299999999999999,1.306,0.05,0.0004656420787796378
3271,3.8999999999999986,1.3439999999999999,0.05,0.017711497843265533
3272,4.599999999999996,1.3579999999999999,0.05,0.007862662896513939
3273,-6.899999999999999,1.1419999999999997,0.05,0.010447629727423191
3274,3.8999999999999986,1.1399999999999997,0.05,0.007740416564047337
3275,6.399999999999993,1.1899999999999995,0.05,0.0002910806506406516
3276,3.8999999999999986,1.1979999999999995,0.05,0.011212773621082306
3277,-8.7,0.9579999999999995,0.05,0.045637115836143494
3278,3.8999999999999986,0.9959999999999996,0.05,0.01754692941904068
3279,-9.299999999999999,0.7319999999999997,0.05,0.007850917056202888
3280,3.4000000000000004,0.7279999999999995,0.05,0.02282436564564705
3281,4.299999999999997,0.8319999999999994,0.05,0.022382590919733047
3282,-2.699999999999998,0.7219999999999996,0.05,0.001233172370120883
3283,4.299999999999997,0.7259999999999994,0.05,0.016232507303357124
3284,4.099999999999998,0.9819999999999993,0.05,0.0025624451227486134
3285,6.699999999999992,1.0759999999999992,0.05,0.010460209101438522
3286,-7.499999999999998,0.8479999999999993,0.05,0.003076421795412898
3287,3.8999999999999986,0.8479999999999993,0.05,0.0153421089053154
3288,3.8999999999999986,0.8479999999999993,0.05,0.010755280032753944
3289,3.8999999999999986,0.8739999999999992,0.05,0.03034432791173458
3290,3.8999999999999986,0.8739999999999992,0.05,0.009014571085572243
3291,0.3000000000000025,0.8859999999999992,0.05,0.01788409799337387
3292,2.0000000000000013,0.8419999999999993,0.05,0.009024275466799736
3293,2.0000000000000013,0.7999999999999993,0.05,0.018062563613057137
3294,-4.499999999999999,0.8959999999999994,0.05,0.01780412159860134
3295,3.8999999999999986,0.8959999999999994,0.05,0.011004683561623096
3296,2.4000000000000017,0.8659999999999993,0.05,0.0006002796581014991
3297,3.8999999999999986,0.9039999999999994,0.05,0.001644431846216321
3298,4.4999999999999964,0.9159999999999994,0.05,0.010004812851548195
3299,2.0000000000000013,0.8899999999999995,0.05,0.037739552557468414
3300,3.8999999999999986,0.8899999999999996,0.05,0.016444776207208633
3301,3.8999999999999986,0.8839999999999995,0.05,0.018879350274801254
3302,3.9999999999999982,1.0059999999999993,0.05,0.016507141292095184
3303,2.0999999999999996,1.0419999999999994,0.05,0.00024962113820947707
3304,3.8999999999999986,1.0419999999999994,0.05,0.009714686311781406
3305,2.6999999999999993,1.1499999999999992,0.05,0.009079319424927235
3306,-7.499999999999998,0.9219999999999993,0.05,0.034584496170282364
3307,6.799999999999992,1.231999999999999,0.05,0.020576467737555504
3308,3.8999999999999986,1.237999999999999,0.05,0.00013688154285773635
3309,-3.299999999999998,1.3459999999999994,0.05,0.008220424875617027
3310,4.699999999999996,1.5419999999999994,0.05,0.003717365674674511
3311,1.5,1.4979999999999989,0.05,0.0003594391164369881
3312,-3.899999999999998,1.3419999999999994,0.05,0.014746174216270447
3313,2.4000000000000017,1.3039999999999992,0.05,0.025875721126794815
3314,2.0000000000000013,1.4339999999999993,0.05,0.01776811107993126
3315,2.0000000000000013,1.395999999999999,0.05,0.02653709053993225
3316,3.8999999999999986,1.395999999999999,0.05,0.02035759761929512
3317,3.8999999999999986,1.5759999999999992,0.05,0.0029047816060483456
3318,2.0000000000000013,1.5499999999999994,0.05,0.02036445587873459
3319,-7.499999999999998,1.3699999999999992,0.05,0.04880279302597046
3320,3.1000000000000014,1.6179999999999994,0.05,0.035852912813425064
3321,2.0000000000000013,1.5799999999999994,0.05,0.009302238933742046
3322,3.8999999999999986,1.5659999999999996,0.05,0.009096342138946056
3323,3.8999999999999986,1.7819999999999994,0.05,0.0002105975290760398
3324,2.0000000000000013,1.7439999999999998,0.05,0.0029279652517288923
3325,3.8999999999999986,1.6939999999999997,0.05,0.0116609251126647
3326,3.8999999999999986,1.6939999999999997,0.05,0.032280333340168
3327,2.0000000000000013,1.9079999999999995,0.05,0.009141492657363415
3328,4.699999999999996,1.9239999999999997,0.05,0.000954140443354845
3329,2.0000000000000013,2.1499999999999995,0.05,0.009278548881411552
3330,3.8999999999999986,2.1599999999999993,0.05,0.0059645771980285645
3331,4.599999999999996,2.1659999999999995,0.05,0.009060735814273357
3332,-5.699999999999998,2.1059999999999994,0.05,0.009046555496752262
3333,2.0000000000000013,2.0599999999999996,0.05,0.0009319288656115532
3334,4.099999999999998,2.0599999999999996,0.05,0.01035083644092083
3335,4.599999999999996,2.0179999999999993,0.05,0.032277368009090424
3336,4.1999999999999975,2.252,0.05,0.012929284013807774
3337,3.8999999999999986,2.2519999999999993,0.05,0.04946290701627731
3338,3.8999999999999986,2.252,0.05,0.0029073809273540974
3339,2.0000000000000013,2.214,0.05,0.00039395393105223775
3340,3.8999999999999986,2.214,0.05,0.020371180027723312
3341,6.399999999999993,2.3359999999999994,0.05,0.030155479907989502
3342,6.399999999999993,2.423999999999999,0.05,0.019860032945871353
3343,3.8999999999999986,2.461999999999999,0.05,0.05012369155883789
3344,-3.899999999999998,2.4739999999999993,0.05,0.00285916100256145
3345,-5.699999999999998,2.281999999999999,0.05,0.010446285828948021
3346,2.0000000000000013,2.273999999999999,0.05,0.010295950807631016
3347,3.8999999999999986,2.273999999999999,0.05,0.010418635793030262
3348,3.8999999999999986,2.261999999999999,0.05,0.03060135617852211
3349,2.0000000000000013,2.261999999999999,0.05,0.05318610742688179
3350,4.299999999999997,2.269999999999999,0.05,0.010477767325937748
3351,2.0000000000000013,2.2319999999999998,0.05,0.0007488174014724791
3352,3.8999999999999986,2.2299999999999995,0.05,0.020870951935648918
3353,4.399999999999997,2.2759999999999994,0.05,0.005764092784374952
3354,3.8999999999999986,2.275999999999999,0.05,0.022632211446762085
3355,3.8999999999999986,2.2999999999999994,0.05,0.016498249024152756
3356,-5.7,2.3359999999999994,0.05,0.03106740489602089
3357,3.9999999999999982,2.2799999999999994,0.05,0.022084344178438187
3358,-1.4999999999999982,2.1719999999999993,0.05,0.014615313149988651
3359,3.8999999999999986,2.315999999999999,0.05,0.013506093993782997
3360,3.8999999999999986,2.2999999999999994,0.05,0.0002536856336519122
3361,2.0000000000000013,2.3099999999999996,0.05,0.013522552326321602
3362,3.9999999999999982,2.467999999999999,0.05,0.024554641917347908
3363,2.0000000000000013,2.459999999999999,0.05,0.013665922917425632
3364,4.299999999999997,2.505999999999999,0.05,0.002883998677134514
3365,4.799999999999995,2.561999999999999,0.05,0.0006072064861655235
3366,3.8999999999999986,2.561999999999999,0.05,0.005095909349620342
3367,3.8999999999999986,2.5619999999999994,0.05,0.011654061265289783
3368,-2.099999999999998,2.4799999999999986,0.05,0.013923130929470062
3369,2.0000000000000013,2.669999999999999,0.05,0.003009314415976405
3370,3.8999999999999986,2.685999999999999,0.05,0.013736425898969173
3371,3.8999999999999986,2.7239999999999993,0.05,0.02128983475267887
3372,-3.299999999999998,2.5799999999999987,0.05,0.013610358349978924
3373,3.8999999999999986,2.5799999999999987,0.05,0.027431007474660873
3374,-3.8999999999999986,2.461999999999999,0.05,0.014076217077672482
3375,2.800000000000002,2.439999999999999,0.05,0.011149165220558643
3376,-0.29999999999999893,2.355999999999999,0.05,0.017595993354916573
3377,-5.699999999999998,2.2019999999999995,0.05,0.03669770807027817
3378,3.8999999999999986,2.185999999999999,0.05,0.0027947286143898964
3379,3.8999999999999986,2.2239999999999993,0.05,0.0030196160078048706
3380,3.8999999999999986,2.2239999999999993,0.05,0.01522265188395977
3381,4.599999999999996,2.2239999999999993,0.05,0.024542849510908127
3382,3.8999999999999986,2.415999999999999,0.05,0.025833943858742714
3383,3.8999999999999986,2.4539999999999993,0.05,0.003502344712615013
3384,2.0000000000000013,2.4119999999999995,0.05,0.014497469179332256
3385,3.8999999999999986,2.397999999999999,0.05,0.036581218242645264
3386,3.8999999999999986,2.3919999999999995,0.05,0.011921190656721592
3387,3.8999999999999986,2.3919999999999995,0.05,0.01790868677198887
3388,3.8999999999999986,2.3919999999999995,0.05,0.02825980819761753
3389,3.8999999999999986,2.4299999999999993,0.05,0.023418720811605453
3390,4.599999999999996,2.443999999999999,0.05,0.0056878868490457535
3391,3.8999999999999986,2.3939999999999992,0.05,0.03652505204081535
3392,3.8999999999999986,2.344,0.05,0.03470291569828987
3393,3.8999999999999986,2.344,0.05,0.02863016538321972
3394,3.8999999999999986,2.4999999999999996,0.05,0.01202015858143568
3395,3.299999999999999,2.6799999999999993,0.05,0.0387437529861927
3396,3.8999999999999986,2.7179999999999995,0.05,0.013728620484471321
3397,3.3000000000000007,2.7059999999999995,0.05,0.08319351077079773
3398,3.8999999999999986,2.7059999999999995,0.05,0.026581697165966034
3399,-4.499999999999998,2.5759999999999996,0.05,0.026596659794449806
3400,-9.299999999999999,2.303999999999999,0.05,0.013468974269926548
3401,3.8999999999999986,2.341999999999999,0.05,0.04224994406104088
3402,4.4999999999999964,2.353999999999999,0.05,0.016090255230665207
3403,6.499999999999993,2.3959999999999995,0.05,0.0032732689287513494
3404,3.8999999999999986,2.395999999999999,0.05,0.0030354205518960953
3405,2.0000000000000013,2.3579999999999997,0.05,0.06788578629493713
3406,4.399999999999997,2.559999999999999,0.05,0.02953159064054489
3407,2.700000000000003,2.5339999999999994,0.05,0.0267761442810297
3408,2.0000000000000013,2.603999999999999,0.05,0.013508835807442665
3409,-8.099999999999998,2.363999999999999,0.05,0.013650055974721909
3410,2.0000000000000013,2.325999999999999,0.05,0.0006004167371429503
3411,2.0000000000000013,2.325999999999999,0.05,0.0029660030268132687
3412,4.799999999999995,2.341999999999999,0.05,0.013654399663209915
3413,3.8999999999999986,2.379999999999999,0.05,0.0027882629074156284
3414,-2.699999999999998,2.2399999999999993,0.05,0.0004643908469006419
3415,2.0000000000000013,2.1839999999999993,0.05,0.0584588348865509
3416,3.8999999999999986,2.1839999999999997,0.05,0.018522463738918304
3417,3.8999999999999986,2.1839999999999997,0.05,0.07201360911130905
3418,2.0000000000000013,2.2659999999999996,0.05,0.0006359081016853452
3419,-3.299999999999998,2.1599999999999993,0.05,0.00018403041758574545
3420,3.8999999999999986,2.1599999999999993,0.05,0.03488378971815109
3421,2.0000000000000013,2.1219999999999994,0.05,0.0359879694879055
3422,4.4999999999999964,2.277999999999999,0.05,0.031274277716875076
3423,3.8999999999999986,2.2779999999999996,0.05,0.03152250126004219
3424,5.999999999999995,2.475999999999999,0.05,0.0003943379851989448
3425,2.0000000000000013,2.459999999999999,0.05,0.0291973315179348
3426,4.1999999999999975,2.549999999999999,0.05,0.029381470754742622
3427,3.9999999999999982,2.7439999999999984,0.05,0.04334717243909836
3428,4.299999999999997,2.7519999999999993,0.05,0.0150313600897789
3429,3.8999999999999986,2.751999999999999,0.05,0.06013675034046173
3430,2.0000000000000013,2.713999999999999,0.05,0.01471983827650547
3431,2.0000000000000013,2.6619999999999995,0.05,0.017149880528450012
3432,4.4999999999999964,2.673999999999999,0.05,0.017041485756635666
3433,3.8999999999999986,2.673999999999999,0.05,0.018009696155786514
3434,-0.29999999999999893,2.627999999999999,0.05,0.01526470948010683
3435,4.699999999999996,2.6439999999999992,0.05,0.029301440343260765
3436,3.8999999999999986,2.6439999999999992,0.05,0.0027036636602133512
3437,3.8999999999999986,2.6439999999999992,0.05,0.01478647068142891
3438,4.699999999999996,2.659999999999999,0.05,0.004376320634037256
3439,3.8999999999999986,2.6599999999999993,0.05,0.02099457196891308
3440,3.8999999999999986,2.645999999999999,0.05,0.008029045537114143
3441,-0.8999999999999986,2.549999999999999,0.05,0.03412589430809021
3442,3.8999999999999986,2.5499999999999994,0.05,0.016141679137945175
3443,3.8999999999999986,2.5499999999999994,0.05,0.019290469586849213
3444,3.8999999999999986,2.5499999999999994,0.05,0.03109322302043438
3445,3.8999999999999986,2.5619999999999994,0.05,0.05647135153412819
3446,3.8999999999999986,2.5619999999999994,0.05,0.015950001776218414
3447,3.3000000000000007,2.5619999999999994,0.05,0.002872231649234891
3448,3.8999999999999986,2.5619999999999994,0.05,0.03035612404346466
3449,4.699999999999996,2.745999999999999,0.05,0.015554018318653107
3450,3.8999999999999986,3.009999999999999,0.05,0.030694039538502693
3451,-3.899999999999998,2.853999999999999,0.05,0.01775241270661354
3452,3.8999999999999986,2.841999999999999,0.05,0.017348431050777435
3453,3.8999999999999986,2.7899999999999996,0.05,0.03181014955043793
3454,-4.499999999999998,2.6219999999999994,0.05,0.032172463834285736
3455,-2.699999999999998,2.527999999999999,0.05,0.04943480342626572
3456,3.8999999999999986,2.517999999999999,0.05,0.06746172159910202
3457,3.8999999999999986,2.5419999999999994,0.05,0.04822190850973129
3458,3.8999999999999986,2.5799999999999996,0.05,0.03131728619337082
3459,3.8999999999999986,2.8199999999999994,0.05,0.0351547934114933
3460,-4.499999999999998,2.6899999999999995,0.05,0.019415199756622314
3461,2.0000000000000013,2.689999999999999,0.05,0.00024043726443778723
3462,3.8999999999999986,2.6719999999999993,0.05,0.016362132504582405
3463,3.8999999999999986,2.6719999999999993,0.05,0.05439168959856033
3464,3.8999999999999986,2.8039999999999994,0.05,0.03388044983148575
3465,3.8999999999999986,2.841999999999999,0.05,0.005524053703993559
3466,3.8999999999999986,2.841999999999999,0.05,0.005912575870752335
3467,3.8999999999999986,2.841999999999999,0.05,0.019705986604094505
3468,3.8999999999999986,2.8799999999999994,0.05,0.02203536033630371
3469,6.299999999999994,3.0719999999999987,0.05,0.020223161205649376
3470,3.8999999999999986,3.0719999999999987,0.05,0.02230178751051426
3471,0.9000000000000004,3.049999999999999,0.05,0.060243505984544754
3472,3.8999999999999986,3.037999999999999,0.05,0.06952478736639023
3473,3.8999999999999986,3.037999999999999,0.05,0.023824084550142288
3474,2.0000000000000013,2.957999999999999,0.05,0.003127490635961294
3475,2.0000000000000013,2.9579999999999984,0.05,0.017421206459403038
3476,2.0000000000000013,2.913999999999999,0.05,0.01974743977189064
3477,4.399999999999997,2.921999999999999,0.05,0.015522959642112255
3478,2.0999999999999996,2.877999999999999,0.05,0.0026826919056475163
3479,3.8999999999999986,2.877999999999999,0.05,0.004998293239623308
3480,3.8999999999999986,2.915999999999999,0.05,0.05473457649350166
3481,3.8999999999999986,2.953999999999999,0.05,0.05434350296854973
3482,4.699999999999996,2.957999999999999,0.05,0.05157320201396942
3483,4.599999999999996,2.9719999999999986,0.05,0.05598393827676773
3484,-2.099999999999998,2.935999999999999,0.05,0.05115080997347832
3485,3.8999999999999986,2.919999999999999,0.05,0.05415928363800049
3486,3.8999999999999986,2.919999999999999,0.05,0.003464840352535248
3487,3.8999999999999986,2.9199999999999995,0.05,0.03751169145107269
3488,4.599999999999996,2.9179999999999997,0.05,0.020805003121495247
3489,-9.299999999999999,2.653999999999999,0.05,0.020294638350605965
3490,1.5,2.605999999999999,0.05,0.0026278553996235132
3491,3.8999999999999986,2.7019999999999995,0.05,0.03460764139890671
3492,-6.299999999999999,2.497999999999999,0.05,0.040641576051712036
3493,3.8999999999999986,2.497999999999999,0.05,0.034669339656829834
3494,2.0000000000000013,2.4599999999999995,0.05,0.0063708024099469185
3495,-2.699999999999998,2.3279999999999985,0.05,0.01733851619064808
3496,3.8999999999999986,2.327999999999999,0.05,0.01207692176103592
3497,2.700000000000002,2.3159999999999994,0.05,0.03717336803674698
3498,3.8999999999999986,2.315999999999999,0.05,0.017680002376437187
3499,3.8999999999999986,2.2999999999999994,0.05,0.023537125438451767
3500,3.8999999999999986,2.2999999999999994,0.05,0.003974782302975655
3501,-3.299999999999998,2.311999999999999,0.05,0.0420357808470726
3502,3.8999999999999986,2.3119999999999994,0.05,0.03717795014381409
3503,3.8999999999999986,2.3119999999999994,0.05,0.01902128756046295
3504,2.0000000000000013,2.4419999999999993,0.05,0.059682950377464294
3505,3.8999999999999986,2.5739999999999994,0.05,0.03632123023271561
3506,-5.099999999999998,2.3939999999999992,0.05,0.02131892926990986
3507,4.399999999999997,2.403999999999999,0.05,0.01832771487534046
3508,3.8999999999999986,2.403999999999999,0.05,0.05524919554591179
3509,0.3000000000000007,2.331999999999999,0.05,0.0013097331393510103
3510,3.8999999999999986,2.4999999999999987,0.05,0.09197131544351578
3511,6.499999999999993,2.589999999999999,0.05,0.03973965719342232
3512,0.9000000000000004,2.529999999999999,0.05,0.054875537753105164
3513,2.0000000000000013,2.491999999999999,0.05,0.02123163640499115
3514,4.4999999999999964,2.503999999999999,0.05,0.05772420018911362
3515,0.3000000000000007,2.431999999999999,0.05,0.019267048686742783
3516,3.200000000000001,2.417999999999999,0.05,0.02110556699335575
3517,3.8999999999999986,2.417999999999999,0.05,0.05432559922337532
3518,3.8999999999999986,2.4179999999999997,0.05,0.06729602813720703
3519,2.600000000000002,2.3439999999999994,0.05,0.01874643564224243
3520,3.5,2.3359999999999994,0.05,0.005650490056723356
3521,-4.499999999999998,2.2279999999999993,0.05,0.043762773275375366
3522,2.600000000000002,2.2019999999999995,0.05,0.019745763391256332
3523,2.0000000000000013,2.1639999999999997,0.05,0.04142322391271591
3524,-0.8999999999999979,2.106,0.05,0.02487548068165779
3525,-2.699999999999998,2.0119999999999996,0.05,0.020310325548052788
3526,4.599999999999996,2.0639999999999996,0.05,0.04484792798757553
3527,3.8999999999999986,2.054,0.05,0.03989524394273758
3528,2.0000000000000013,2.051999999999999,0.05,0.042738161981105804
3529,3.8999999999999986,2.051999999999999,0.05,0.041234295815229416
3530,2.6999999999999993,2.027999999999999,0.05,0.07507948577404022
3531,3.8999999999999986,2.0279999999999996,0.05,0.02204812876880169
3532,3.8999999999999986,2.012,0.05,0.003820494282990694
3533,3.8999999999999986,1.9979999999999996,0.05,0.0001884873490780592
3534,3.8999999999999986,2.1179999999999994,0.05,0.07403557747602463
3535,2.6999999999999993,2.0939999999999994,0.05,0.005438117776066065
3536,3.8999999999999986,2.094,0.05,0.003838025964796543
3537,3.8999999999999986,2.094,0.05,0.060676202178001404
3538,2.0000000000000013,2.0419999999999994,0.05,0.058145735412836075
3539,3.8999999999999986,2.3059999999999996,0.05,0.04405933991074562
3540,6.5999999999999925,2.4079999999999995,0.05,0.0631692185997963
3541,3.8999999999999986,2.4079999999999995,0.05,0.007027933374047279
3542,3.8999999999999986,2.611999999999999,0.05,0.06579224765300751
3543,4.099999999999998,2.615999999999999,0.05,0.038388028740882874
3544,-4.499999999999998,2.485999999999999,0.05,0.004353259690105915
3545,6.799999999999992,2.6759999999999984,0.05,0.0001492245210101828
3546,3.8999999999999986,2.6759999999999993,0.05,0.019165609031915665
3547,-1.4999999999999982,2.5919999999999987,0.05,0.02496061846613884
3548,2.0000000000000013,2.553999999999999,0.05,0.005847731605172157
3549,2.0000000000000013,2.515999999999999,0.05,0.025081999599933624
3550,3.8999999999999986,2.515999999999999,0.05,0.02540580928325653
3551,3.8999999999999986,2.6599999999999993,0.05,0.04441749304533005
3552,-3.899999999999998,2.5039999999999996,0.05,0.020427269861102104
3553,4.1999999999999975,2.5099999999999993,0.05,0.04048677161335945
3554,3.8999999999999986,2.5479999999999996,0.05,0.07712330669164658
3555,3.0000000000000018,2.5299999999999994,0.05,0.0030910326167941093
3556,2.0000000000000013,2.6719999999999993,0.05,0.020196573808789253
3557,3.8999999999999986,2.6619999999999995,0.05,0.07150186598300934
3558,3.9999999999999982,2.6639999999999993,0.05,0.02061477117240429
3559,3.8999999999999986,2.7359999999999998,0.05,0.02038939669728279
3560,-2.699999999999998,2.6039999999999996,0.05,0.059919893741607666
3561,4.599999999999996,2.565999999999999,0.05,0.005296565592288971
3562,3.8999999999999986,2.625999999999999,0.05,0.02105783112347126
3563,3.8999999999999986,2.6639999999999993,0.05,0.0035590941552072763
3564,0.9000000000000004,2.591999999999999,0.05,0.0032321163453161716
3565,3.8999999999999986,2.6639999999999997,0.05,0.019434474408626556
3566,3.8999999999999986,2.6779999999999995,0.05,0.04448717087507248
3567,3.8999999999999986,2.6779999999999995,0.05,0.00024106743512675166
3568,2.0000000000000013,2.6399999999999992,0.05,0.0801788941025734
3569,-7.499999999999998,2.4379999999999997,0.05,0.04387926310300827
3570,3.8999999999999986,2.4459999999999993,0.05,0.04576132446527481
3571,2.0000000000000013,2.5759999999999996,0.05,0.019551150500774384
3572,2.0000000000000013,2.563999999999999,0.05,0.04088158160448074
3573,5.999999999999995,2.6439999999999992,0.05,0.005511161405593157
3574,2.0000000000000013,2.7019999999999995,0.05,0.04111901670694351
3575,2.0000000000000013,2.795999999999999,0.05,0.04529609903693199
3576,0.3000000000000007,2.7099999999999995,0.05,6.810863851569593e-05
3577,3.6999999999999993,2.705999999999999,0.05,0.019696112722158432
3578,3.8999999999999986,2.7439999999999993,0.05,0.03855084255337715
3579,4.099999999999998,2.7479999999999993,0.05,0.005445219576358795
3580,2.0000000000000013,2.733999999999999,0.05,0.02463681995868683
3581,2.0000000000000013,2.6959999999999993,0.05,0.027340199798345566
3582,3.8999999999999986,2.6959999999999997,0.05,0.0602874830365181
3583,3.8999999999999986,2.6959999999999993,0.05,0.0655580684542656
3584,3.9999999999999982,2.6979999999999995,0.05,0.005625203251838684
3585,2.2000000000000015,2.687999999999999,0.05,0.003387348260730505
3586,3.8999999999999986,2.687999999999999,0.05,0.10200633108615875
3587,3.8999999999999986,2.6879999999999997,0.05,0.04815468192100525
3588,4.599999999999996,2.7399999999999993,0.05,0.023183051496744156
3589,3.0000000000000018,2.7219999999999986,0.05,0.045395854860544205
3590,3.8999999999999986,2.6679999999999997,0.05,0.08234225958585739
3591,2.0000000000000013,2.6299999999999994,0.05,0.08236497640609741
3592,-3.899999999999998,2.4739999999999993,0.05,0.010212639346718788
3593,3.8999999999999986,2.4699999999999993,0.05,0.005055808927863836
3594,2.600000000000002,2.611999999999999,0.05,0.025381578132510185
3595,2.0000000000000013,2.516,0.05,0.08501449227333069
3596,3.8999999999999986,2.5159999999999996,0.05,0.0629025548696518
3597,-2.699999999999998,2.4919999999999995,0.05,0.005812612362205982
3598,3.8999999999999986,2.5299999999999994,0.05,0.008514555171132088
3599,4.099999999999998,2.571999999999999,0.05,0.0009088191436603665
3600,2.600000000000002,2.5459999999999994,0.05,0.08048269152641296
3601,2.0000000000000013,2.508,0.05,0.06037766486406326
3602,-0.29999999999999893,2.5799999999999996,0.05,0.04528537765145302
3603,6.5999999999999925,2.6279999999999997,0.05,0.002766162157058716
3604,2.0000000000000013,2.5899999999999994,0.05,0.040522996336221695
3605,-6.299999999999999,2.404,0.05,0.06747187674045563
3606,3.8999999999999986,2.4419999999999993,0.05,0.06791223585605621
3607,3.8999999999999986,2.4419999999999997,0.05,0.070212222635746
3608,-3.299999999999998,2.296,0.05,0.021432630717754364
3609,-0.29999999999999893,2.2119999999999997,0.05,0.026220552623271942
3610,3.8999999999999986,2.344,0.05,0.06283774226903915
3611,3.8999999999999986,2.33,0.05,0.0631626546382904
3612,3.8999999999999986,2.33,0.05,0.06357483565807343
3613,2.0000000000000013,2.292,0.05,0.04495042562484741
3614,2.0000000000000013,2.3139999999999996,0.05,0.06292227655649185
3615,2.0000000000000013,2.276,0.05,0.06515881419181824
3616,3.8999999999999986,2.276,0.05,0.04206795617938042
3617,3.9999999999999982,2.278,0.05,0.04509853199124336
3618,3.8999999999999986,2.316,0.05,0.02443494088947773
3619,3.8999999999999986,2.5439999999999996,0.05,0.021769069135189056
3620,3.8999999999999986,2.5439999999999996,0.05,0.021097946912050247
3621,2.0000000000000013,2.5439999999999996,0.05,0.05149034410715103
3622,2.0000000000000013,2.5439999999999996,0.05,0.02523845247924328
3623,3.8999999999999986,2.502,0.05,0.006312677636742592
3624,3.8999999999999986,2.54,0.05,0.029238231480121613
3625,6.399999999999993,2.628,0.05,0.06317330151796341
3626,3.9999999999999982,2.702,0.05,0.026642976328730583
3627,2.0000000000000013,2.6679999999999997,0.05,0.02388302981853485
3628,6.199999999999994,2.714,0.05,0.06958843767642975
3629,3.8999999999999986,2.71,0.05,0.003029148792847991
3630,3.8999999999999986,2.7479999999999993,0.05,0.043799012899398804
3631,3.8999999999999986,2.785999999999999,0.05,0.02949713170528412
3632,3.8999999999999986,2.7859999999999996,0.05,0.022276652976870537
3633,2.0000000000000013,2.7479999999999993,0.05,0.012946084141731262
3634,2.0000000000000013,2.7079999999999997,0.05,0.024526463821530342
3635,4.099999999999998,2.745999999999999,0.05,0.02220063842833042
3636,3.8999999999999986,2.7459999999999996,0.05,0.003088780678808689
3637,2.0000000000000013,2.7079999999999997,0.05,0.0053885579109191895
3638,3.8999999999999986,2.694,0.05,0.04832807555794716
3639,3.8999999999999986,2.7119999999999993,0.05,0.024806147441267967
3640,3.8999999999999986,2.7119999999999997,0.05,0.09142311662435532
3641,2.0000000000000013,2.7119999999999997,0.05,0.0008847351418808103
3642,2.0000000000000013,2.8299999999999996,0.05,0.06582776457071304
3643,-2.099999999999998,2.7099999999999995,0.05,0.02216195873916149
3644,4.099999999999998,2.7399999999999993,0.05,0.02196619287133217
3645,-1.4999999999999982,2.6699999999999995,0.05,0.0034572063013911247
3646,2.0000000000000013,2.6319999999999992,0.05,0.046443380415439606
3647,3.8999999999999986,2.764,0.05,0.02456004172563553
3648,3.8999999999999986,2.764,0.05,0.04352366551756859
3649,1.5,2.7119999999999997,0.05,0.005840834230184555
3650,3.8999999999999986,2.7379999999999995,0.05,0.046052709221839905
3651,5.999999999999995,2.817999999999999,0.05,0.02596086449921131
3652,3.8999999999999986,2.9019999999999992,0.05,0.023397525772452354
3653,3.0000000000000018,2.8299999999999996,0.05,0.023338885977864265
3654,-5.099999999999998,2.6879999999999997,0.05,0.0445575937628746
3655,3.8999999999999986,2.8919999999999995,0.05,0.0730346143245697
3656,3.8999999999999986,2.8919999999999995,0.05,0.002695556730031967
3657,0.9000000000000004,2.832,0.05,0.05296788737177849
3658,3.8999999999999986,2.9759999999999995,0.05,0.028369590640068054
3659,-9.299999999999999,2.795999999999999,0.05,0.0032479194924235344
3660,4.099999999999998,2.799999999999999,0.05,0.07334040105342865
3661,3.8999999999999986,2.7999999999999994,0.05,0.0231271181255579
3662,3.8999999999999986,2.8,0.05,0.07330260425806046
3663,2.0999999999999996,2.801999999999999,0.05,0.03162660822272301
3664,0.30000000000000226,2.7679999999999993,0.05,0.04649117961525917
3665,-5.7,2.614,0.05,0.04632921144366264
3666,2.0000000000000013,2.5759999999999996,0.05,0.030519073829054832
3667,2.0000000000000013,2.5359999999999996,0.05,0.12206846475601196
3668,4.999999999999995,2.5579999999999994,0.05,0.03052736259996891
3669,3.8999999999999986,2.5579999999999994,0.05,0.03035619668662548
3670,3.8999999999999986,2.5579999999999994,0.05,0.00026832823641598225
3671,2.0000000000000013,2.5579999999999994,0.05,0.02877562865614891
3672,2.0000000000000013,2.5579999999999994,0.05,0.02659306861460209
3673,3.8999999999999986,2.5579999999999994,0.05,0.04681127890944481
3674,2.0000000000000013,2.5199999999999996,0.05,0.0104400385171175
3675,3.8999999999999986,2.4699999999999993,0.05,0.026385637000203133
3676,3.4000000000000004,2.4579999999999997,0.05,0.024302348494529724
3677,2.0000000000000013,2.4579999999999997,0.05,0.09696349501609802
3678,3.8999999999999986,2.412,0.05,0.025914669036865234
3679,3.8999999999999986,2.412,0.05,0.07363917678594589
3680,3.8999999999999986,2.412,0.05,0.030839966610074043
3681,3.9999999999999982,2.4139999999999997,0.05,0.047131139785051346
3682,3.8999999999999986,2.4139999999999997,0.05,0.02673352137207985
3683,3.8999999999999986,2.452,0.05,0.026539308950304985
3684,3.8999999999999986,2.4899999999999993,0.05,0.028924748301506042
3685,2.6999999999999997,2.4619999999999997,0.05,0.02341223880648613
3686,3.8999999999999986,2.4619999999999993,0.05,0.04671412706375122
3687,3.8999999999999986,2.4999999999999996,0.05,0.026277488097548485
3688,2.0000000000000013,2.4619999999999993,0.05,0.026094038039445877
3689,3.8999999999999986,2.4619999999999993,0.05,0.06945822387933731
3690,3.8999999999999986,2.4619999999999997,0.05,0.023592451587319374
3691,3.8999999999999986,2.4999999999999996,0.05,0.046255871653556824
3692,3.8999999999999986,2.5379999999999994,0.05,0.023937074467539787
3693,3.8999999999999986,2.6579999999999995,0.05,0.10167054086923599
3694,4.299999999999997,2.6619999999999995,0.05,0.027007967233657837
3695,2.2000000000000015,2.735999999999999,0.05,0.0025741527788341045
3696,3.8999999999999986,2.773999999999999,0.05,0.0269415695220232
3697,2.0000000000000013,2.7359999999999998,0.05,0.03002326563000679
3698,3.8999999999999986,2.7359999999999998,0.05,0.0751539021730423
3699,4.399999999999997,2.7939999999999996,0.05,0.0017569372430443764
3700,4.299999999999997,2.801999999999999,0.05,0.024626530706882477
3701,2.900000000000002,2.7399999999999993,0.05,0.001922990195453167
3702,3.8999999999999986,2.7399999999999993,0.05,0.027046803385019302
3703,3.8999999999999986,2.7579999999999996,0.05,0.07327203452587128
3704,4.4999999999999964,2.9499999999999993,0.05,0.07102886587381363
3705,2.0000000000000013,2.9119999999999995,0.05,0.1722874492406845
3706,-0.29999999999999893,2.827999999999999,0.05,0.057157427072525024
3707,3.8999999999999986,2.887999999999999,0.05,0.007992038503289223
3708,3.8999999999999986,2.8879999999999995,0.05,0.04762447252869606
3709,-1.4999999999999982,3.0439999999999996,0.05,0.05088181793689728
3710,3.8999999999999986,3.0399999999999996,0.05,0.0534728467464447
3711,2.0000000000000013,3.002,0.05,0.05090382695198059
3712,-0.29999999999999893,2.917999999999999,0.05,0.0389803908765316
3713,3.8999999999999986,2.9539999999999993,0.05,0.008635870181024075
3714,3.8999999999999986,3.026,0.05,0.0011276892619207501
3715,3.8999999999999986,3.2179999999999995,0.05,0.04980790242552757
3716,3.8999999999999986,3.255999999999999,0.05,0.0005542791332118213
3717,3.8999999999999986,3.293999999999999,0.05,0.07945787161588669
3718,2.0000000000000013,3.233999999999999,0.05,0.02538732811808586
3719,3.8999999999999986,3.233999999999999,0.05,0.03475377708673477
3720,3.8999999999999986,3.234,0.05,0.0003009072388522327
3721,-3.899999999999998,3.115999999999999,0.05,0.027532042935490608
3722,3.8999999999999986,3.153999999999999,0.05,0.054772116243839264
3723,2.0000000000000013,3.1159999999999997,0.05,0.007647791877388954
3724,2.0000000000000013,3.115999999999999,0.05,0.03279343992471695
3725,3.8999999999999986,3.1159999999999997,0.05,0.032587550580501556
3726,-0.29999999999999893,3.041999999999999,0.05,0.05489712208509445
3727,4.299999999999997,3.0879999999999996,0.05,0.0018702996894717216
3728,4.1999999999999975,3.0939999999999985,0.05,0.07673962414264679
3729,3.8999999999999986,3.0939999999999994,0.05,0.027556808665394783
3730,3.8999999999999986,3.0939999999999994,0.05,0.053991202265024185
3731,3.8999999999999986,3.091999999999999,0.05,0.006021721754223108
3732,3.8999999999999986,3.091999999999999,0.05,0.12359216809272766
3733,4.599999999999996,3.105999999999999,0.05,0.05511212348937988
3734,4.4999999999999964,3.117999999999999,0.05,0.10593512654304504
3735,3.8999999999999986,3.142,0.05,0.08253210783004761
3736,3.8999999999999986,3.1419999999999995,0.05,0.02806689217686653
3737,3.8999999999999986,3.1419999999999995,0.05,0.0010618503438308835
3738,3.8999999999999986,3.179999999999999,0.05,0.10874685645103455
3739,3.8999999999999986,3.1799999999999993,0.05,0.059643521904945374
3740,-8.7,2.9279999999999995,0.05,0.05651656165719032
3741,3.8999999999999986,2.927999999999999,0.05,0.051735714077949524
3742,3.8999999999999986,2.9279999999999995,0.05,0.011096455156803131
3743,3.8999999999999986,2.9279999999999995,0.05,0.03124992549419403
3744,3.8999999999999986,2.9199999999999995,0.05,0.03364352881908417
3745,3.8999999999999986,2.9539999999999993,0.05,0.07699349522590637
3746,3.8999999999999986,2.9539999999999997,0.05,0.08745911717414856
3747,3.8999999999999986,2.991999999999999,0.05,0.026148052886128426
3748,3.8999999999999986,2.991999999999999,0.05,0.05532436817884445
3749,3.8999999999999986,2.9819999999999993,0.05,0.002621747786179185
3750,3.8999999999999986,2.9739999999999998,0.05,0.03121746890246868
3751,3.8999999999999986,2.9939999999999993,0.05,0.029615571722388268
3752,2.0000000000000013,2.955999999999999,0.05,0.07801542431116104
3753,2.0999999999999996,2.919999999999999,0.05,0.029317202046513557
3754,3.8999999999999986,2.907999999999999,0.05,0.02615625597536564
3755,3.8999999999999986,2.9459999999999993,0.05,0.059584297239780426
3756,-6.899999999999999,2.8139999999999987,0.05,0.056952282786369324
3757,3.8999999999999986,2.813999999999999,0.05,0.08223620802164078
3758,3.8999999999999986,2.813999999999999,0.05,0.003229068359360099
3759,3.8999999999999986,2.9219999999999993,0.05,0.05429839715361595
3760,2.0000000000000013,2.883999999999999,0.05,0.03488689661026001
3761,1.5,2.873999999999999,0.05,0.056853409856557846
3762,3.299999999999999,2.9459999999999993,0.05,0.06188604235649109
3763,3.8999999999999986,2.9459999999999993,0.05,0.05675266683101654
3764,3.8999999999999986,2.9459999999999993,0.05,0.08384954184293747
3765,3.8999999999999986,2.9459999999999993,0.05,0.008335739374160767
3766,3.8999999999999986,2.9459999999999993,0.05,0.001019583665765822
3767,2.0000000000000013,2.907999999999999,0.05,0.06363625824451447
3768,4.1999999999999975,2.9519999999999986,0.05,0.03236577659845352
3769,3.8999999999999986,2.9519999999999986,0.05,0.11290640383958817
3770,4.799999999999995,2.969999999999999,0.05,0.056858453899621964
3771,8.399999999999986,3.215999999999998,0.05,0.029862867668271065
3772,0.9000000000000004,3.1559999999999984,0.05,0.003395143896341324
3773,2.800000000000002,3.171999999999999,0.05,0.037388041615486145
3774,-3.299999999999998,3.0659999999999985,0.05,0.0592949241399765
3775,2.6999999999999993,3.041999999999998,0.05,0.005888516083359718
3776,3.8999999999999986,3.1259999999999986,0.05,0.03583948314189911
3777,2.0000000000000013,3.0799999999999987,0.05,0.11752607673406601
3778,2.0000000000000013,3.0359999999999987,0.05,0.0057393936440348625
3779,3.8999999999999986,3.0359999999999987,0.05,0.031002791598439217
3780,3.8999999999999986,3.035999999999999,0.05,0.060621730983257294
3781,4.399999999999997,3.045999999999999,0.05,0.05588880553841591
3782,3.8999999999999986,3.045999999999999,0.05,0.035620156675577164
3783,3.8999999999999986,3.031999999999999,0.05,0.0331684872508049
3784,7.7999999999999865,3.0979999999999985,0.05,0.06329479813575745
3785,4.999999999999995,3.1199999999999983,0.05,0.0064784628339111805
3786,3.799999999999999,3.117999999999999,0.05,0.08586245775222778
3787,2.0999999999999996,3.081999999999999,0.05,0.0030197727028280497
3788,2.0000000000000013,3.0439999999999983,0.05,0.0328851044178009
3789,-3.899999999999998,2.8879999999999986,0.05,0.06333304196596146
3790,3.8999999999999986,3.139999999999999,0.05,0.038184091448783875
3791,3.8999999999999986,3.139999999999999,0.05,0.08870115876197815
3792,3.8999999999999986,3.139999999999999,0.05,0.0028802729211747646
3793,3.8999999999999986,3.139999999999999,0.05,0.03312234207987785
3794,2.0000000000000013,3.1019999999999985,0.05,0.05817684531211853
3795,4.299999999999997,3.109999999999999,0.05,0.02946537360548973
3796,4.899999999999995,3.1299999999999994,0.05,0.007990940473973751
3797,2.0000000000000013,3.0919999999999987,0.05,0.02929612807929516
3798,3.8999999999999986,3.0919999999999987,0.05,0.08826307207345963
3799,0.9000000000000004,3.0319999999999987,0.05,0.08581598848104477
3800,3.8999999999999986,3.031999999999999,0.05,0.03175075352191925
3801,2.0000000000000013,2.9939999999999984,0.05,0.033763788640499115
3802,2.700000000000002,3.0079999999999982,0.05,0.06796909123659134
3803,2.700000000000002,3.0199999999999982,0.05,0.060127921402454376
3804,4.4999999999999964,3.0319999999999987,0.05,0.06259886920452118
3805,-3.299999999999998,2.8879999999999986,0.05,0.0635090321302414
3806,3.8999999999999986,3.103999999999999,0.05,0.007977341301739216
3807,3.8999999999999986,3.103999999999999,0.05,0.0031649169977754354
3808,4.599999999999996,3.117999999999999,0.05,0.03413558378815651
3809,3.8999999999999986,3.1179999999999986,0.05,0.03651602193713188
3810,3.8999999999999986,3.1559999999999993,0.05,0.08588863909244537
3811,3.8999999999999986,3.2039999999999993,0.05,0.011086314916610718
3812,3.8999999999999986,3.2159999999999993,0.05,0.06504665315151215
3813,3.8999999999999986,3.2159999999999993,0.05,0.0055107250809669495
3814,3.8999999999999986,3.2159999999999993,0.05,0.08511245250701904
3815,3.9999999999999982,3.217999999999999,0.05,0.003076969413086772
3816,6.399999999999993,3.267999999999999,0.05,0.03419668972492218
3817,-1.4999999999999982,3.197999999999999,0.05,0.034205395728349686
3818,3.8999999999999986,3.191999999999999,0.05,0.07518232613801956
3819,3.8999999999999986,3.191999999999999,0.05,0.0348011739552021
3820,-3.299999999999998,3.029999999999999,0.05,0.0054794419556856155
3821,3.8999999999999986,2.939999999999999,0.05,0.06344638764858246
3822,3.8999999999999986,2.9999999999999987,0.05,0.034319907426834106
3823,-5.099999999999998,2.841999999999999,0.05,0.0004981314996257424
3824,3.8999999999999986,2.985999999999999,0.05,0.03274332359433174
3825,3.8999999999999986,3.009999999999999,0.05,0.0034539182670414448
3826,2.0000000000000013,2.9719999999999986,0.05,0.06435824185609818
3827,-2.699999999999998,2.8779999999999997,0.05,0.005425792653113604
3828,3.8999999999999986,2.9159999999999995,0.05,0.005369182676076889
3829,3.8999999999999986,2.915999999999999,0.05,0.0018620530609041452
3830,4.1999999999999975,2.921999999999999,0.05,0.03170625492930412
3831,3.3000000000000007,2.899999999999999,0.05,0.03727726265788078
3832,3.8999999999999986,2.8999999999999995,0.05,0.1179819330573082
3833,3.8999999999999986,2.899999999999999,0.05,0.11591172218322754
3834,3.8999999999999986,2.821999999999999,0.05,0.029899511486291885
3835,3.8999999999999986,2.7999999999999994,0.05,0.010881153866648674
3836,3.8999999999999986,2.801999999999999,0.05,0.033073097467422485
3837,3.8999999999999986,2.8379999999999996,0.05,0.15427207946777344
3838,4.399999999999997,2.8859999999999992,0.05,0.03556865081191063
3839,3.8999999999999986,3.0419999999999994,0.05,0.030914362519979477
3840,4.399999999999997,3.051999999999999,0.05,0.0077455416321754456
3841,2.0000000000000013,3.0139999999999993,0.05,0.03334573656320572
3842,0.3000000000000016,2.9419999999999993,0.05,0.008107973262667656
3843,4.4999999999999964,2.9539999999999997,0.05,0.06259862333536148
3844,3.8999999999999986,2.991999999999999,0.05,0.12767650187015533
3845,4.399999999999997,2.9939999999999993,0.05,0.03287056088447571
3846,3.8999999999999986,2.9739999999999993,0.05,0.006196639966219664
3847,4.099999999999998,3.015999999999999,0.05,0.06271465867757797
3848,8.399999999999986,3.1059999999999985,0.05,0.03289937227964401
3849,3.8999999999999986,3.1659999999999986,0.05,0.03584129735827446
3850,-3.899999999999998,3.0099999999999985,0.05,0.03513820096850395
3851,2.0000000000000013,3.0099999999999985,0.05,0.03361642733216286
3852,3.8999999999999986,3.0339999999999994,0.05,0.03792818635702133
3853,3.8999999999999986,3.0579999999999985,0.05,0.03549563139677048
3854,5.999999999999995,3.087999999999999,0.05,0.0012438230914995074
3855,2.0000000000000013,3.1939999999999986,0.05,0.13113246858119965
3856,3.8999999999999986,3.1939999999999986,0.05,0.06905099004507065
3857,2.0999999999999996,3.1579999999999986,0.05,0.005396363325417042
3858,4.099999999999998,3.1479999999999984,0.05,0.0004063055384904146
3859,2.0999999999999996,3.1119999999999988,0.05,0.03362118452787399
3860,3.799999999999999,3.109999999999998,0.05,0.09232845902442932
3861,3.9999999999999982,3.1119999999999988,0.05,0.06948739290237427
3862,3.8999999999999986,3.1119999999999988,0.05,0.034340791404247284
3863,4.899999999999995,3.1319999999999992,0.05,0.06452740728855133
3864,3.8999999999999986,3.131999999999999,0.05,0.038412999361753464
3865,3.8999999999999986,3.129999999999999,0.05,0.06618528068065643
3866,3.8999999999999986,3.0799999999999987,0.05,0.03882448375225067
3867,3.8999999999999986,3.187999999999999,0.05,0.062332503497600555
3868,3.8999999999999986,3.187999999999999,0.05,0.03379964828491211
3869,3.8999999999999986,3.187999999999999,0.05,0.03180055692791939
3870,2.0000000000000013,3.293999999999999,0.05,0.06739736348390579
3871,3.8999999999999986,3.2939999999999987,0.05,0.037124648690223694
3872,3.8999999999999986,3.2939999999999987,0.05,0.06901741772890091
3873,3.8999999999999986,3.4739999999999984,0.05,0.09503234922885895
3874,3.8999999999999986,3.4739999999999984,0.05,0.0005297994939610362
3875,2.4000000000000017,3.4439999999999986,0.05,0.06963661313056946
3876,3.8999999999999986,3.481999999999999,0.05,0.036785099655389786
3877,3.8999999999999986,3.6139999999999985,0.05,0.03884819522500038
3878,2.0000000000000013,3.5759999999999987,0.05,0.039540745317935944
3879,3.8999999999999986,3.5759999999999987,0.05,0.046215321868658066
3880,3.299999999999999,3.557999999999999,0.05,0.06641487777233124
3881,3.8999999999999986,3.569999999999999,0.05,0.005875102709978819
3882,-0.29999999999999893,3.485999999999998,0.05,0.010225296020507812
3883,3.8999999999999986,3.4859999999999984,0.05,0.034475017338991165
3884,3.5,3.4779999999999984,0.05,0.03454477712512016
3885,3.8999999999999986,3.477999999999999,0.05,0.001110393786802888
3886,-2.099999999999998,3.3579999999999983,0.05,0.0027640252374112606
3887,3.8999999999999986,3.3579999999999983,0.05,0.0663217231631279
3888,3.8999999999999986,3.347999999999999,0.05,0.10003939270973206
3889,3.8999999999999986,3.3479999999999985,0.05,0.037091054022312164
3890,3.8999999999999986,3.337999999999999,0.05,0.10531248152256012
3891,3.8999999999999986,3.375999999999999,0.05,0.01728176511824131
3892,3.8999999999999986,3.447999999999999,0.05,0.0025221470277756453
3893,3.8999999999999986,3.4359999999999986,0.05,0.03276583179831505
3894,-6.899999999999999,3.219999999999999,0.05,0.006199307274073362
3895,-3.899999999999998,3.0539999999999985,0.05,0.06603493541479111
3896,-4.499999999999998,2.8859999999999983,0.05,0.09784825146198273
3897,3.8999999999999986,2.881999999999999,0.05,0.13131317496299744
3898,2.0999999999999996,2.755999999999999,0.05,0.06248940899968147
3899,1.5,2.707999999999999,0.05,0.03640646114945412
3900,3.799999999999999,2.861999999999999,0.05,0.0010738527635112405
3901,4.299999999999997,2.9079999999999995,0.05,0.0345284603536129
3902,3.8999999999999986,2.907999999999999,0.05,0.06526798009872437
3903,3.200000000000001,2.8939999999999992,0.05,0.037164106965065
3904,3.8999999999999986,2.8519999999999994,0.05,0.06828269362449646
3905,2.0999999999999996,2.853999999999999,0.05,0.12914025783538818
3906,3.8999999999999986,2.853999999999999,0.05,0.03419943153858185
3907,3.8999999999999986,2.8899999999999992,0.05,0.09921672940254211
3908,3.8999999999999986,2.8859999999999997,0.05,0.03351954370737076
3909,5.999999999999995,2.963999999999999,0.05,0.06615497916936874
3910,3.8999999999999986,2.9659999999999997,0.05,0.036818768829107285
3911,3.8999999999999986,2.963999999999999,0.05,0.09543687105178833
3912,3.8999999999999986,2.964,0.05,0.10018116235733032
3913,3.8999999999999986,2.943999999999999,0.05,0.039445146918296814
3914,3.8999999999999986,2.943999999999999,0.05,5.334250090527348e-06
3915,3.8999999999999986,2.943999999999999,0.05,0.0035713689867407084
3916,-5.099999999999998,2.764,0.05,0.0030218258034437895
3917,3.8999999999999986,2.7639999999999993,0.05,0.010820528492331505
3918,3.8999999999999986,2.7639999999999993,0.05,0.03999423235654831
3919,-3.299999999999998,2.619999999999999,0.05,0.03364694491028786
3920,3.9999999999999982,2.659999999999999,0.05,0.0382465198636055
3921,3.8999999999999986,2.6599999999999993,0.05,0.0049750623293221
3922,2.600000000000002,2.633999999999999,0.05,0.03811061382293701
3923,2.0000000000000013,2.5959999999999996,0.05,0.0711296871304512
3924,-3.299999999999998,2.4519999999999995,0.05,0.040265679359436035
3925,-5.699999999999999,2.2899999999999996,0.05,0.03311397135257721
3926,3.8999999999999986,2.2899999999999996,0.05,0.041948381811380386
3927,3.8999999999999986,2.2899999999999996,0.05,0.038472533226013184
3928,3.8999999999999986,2.3279999999999994,0.05,0.07665170729160309
3929,4.599999999999996,2.341999999999999,0.05,0.07339261472225189
3930,3.8999999999999986,2.353999999999999,0.05,0.10224977135658264
3931,0.30000000000000204,2.281999999999999,0.05,0.07775154709815979
3932,3.8999999999999986,2.365999999999999,0.05,0.06447011977434158
3933,-3.899999999999998,2.2099999999999995,0.05,0.15831708908081055
3934,3.8999999999999986,2.2179999999999995,0.05,0.0723598524928093
3935,3.8999999999999986,2.2179999999999995,0.05,0.03536064922809601
3936,4.699999999999996,2.353999999999999,0.05,0.09909766912460327
3937,-4.499999999999998,2.185999999999999,0.05,0.03850821033120155
3938,4.599999999999996,2.1999999999999993,0.05,0.0978536382317543
3939,-4.499999999999998,2.031999999999999,0.05,0.04000777378678322
3940,2.0000000000000013,1.993999999999999,0.05,0.010293109342455864
3941,2.0000000000000013,1.955999999999999,0.05,0.012960346415638924
3942,-7.499999999999998,1.7279999999999993,0.05,0.0027363894041627645
3943,-6.299999999999999,1.5239999999999996,0.05,0.008859754540026188
3944,-4.499999999999998,1.5719999999999996,0.05,0.03737134113907814
3945,-5.699999999999998,1.5359999999999994,0.05,0.07505438476800919
3946,3.8999999999999986,1.7039999999999993,0.05,0.06601186096668243
3947,3.8999999999999986,1.7039999999999997,0.05,0.010663297027349472
3948,3.8999999999999986,1.7399999999999993,0.05,0.03707907348871231
3949,3.8999999999999986,1.7879999999999996,0.05,0.19982895255088806
3950,-6.9,1.5739999999999992,0.05,0.03217928484082222
3951,3.8999999999999986,1.5659999999999992,0.05,0.09498663246631622
3952,-6.299999999999999,1.3619999999999997,0.05,0.09936314821243286
3953,2.0999999999999996,1.3399999999999992,0.05,0.09801995754241943
3954,3.8999999999999986,1.3399999999999994,0.05,0.03696630150079727
3955,4.1999999999999975,1.3819999999999997,0.05,0.036250486969947815
3956,3.8999999999999986,1.3819999999999992,0.05,0.008303321897983551
3957,2.0000000000000013,1.3439999999999994,0.05,0.09459564089775085
3958,2.900000000000002,1.3239999999999994,0.05,0.0684601217508316
3959,6.099999999999994,1.3259999999999996,0.05,0.04286991059780121
3960,3.8999999999999986,1.3259999999999996,0.05,0.10454026609659195
3961,3.8999999999999986,1.3259999999999996,0.05,0.035762518644332886
3962,3.299999999999999,1.3139999999999994,0.05,0.03771999850869179
3963,6.199999999999994,1.3599999999999994,0.05,0.04037203639745712
3964,2.0999999999999996,1.3239999999999992,0.05,0.037867896258831024
3965,3.8999999999999986,1.3239999999999992,0.05,0.038106147199869156
3966,3.8999999999999986,1.5039999999999991,0.05,0.03530164062976837
3967,-6.899999999999999,1.287999999999999,0.05,0.06725268065929413
3968,-3.899999999999998,1.1319999999999992,0.05,0.032960716634988785
3969,3.8999999999999986,1.2759999999999991,0.05,0.03525158762931824
3970,1.5,1.2259999999999993,0.05,0.03543815761804581
3971,3.8999999999999986,1.2259999999999993,0.05,0.007823008112609386
3972,2.0000000000000013,1.2139999999999993,0.05,0.06970219314098358
3973,5.999999999999995,1.2939999999999992,0.05,0.000753942527808249
3974,-2.699999999999998,1.3059999999999992,0.05,0.13914543390274048
3975,2.0000000000000013,1.4599999999999995,0.05,0.11454112827777863
3976,4.4999999999999964,1.4719999999999993,0.05,0.07207958400249481
3977,3.8999999999999986,1.4719999999999993,0.05,0.010169222950935364
3978,3.8999999999999986,1.4719999999999993,0.05,0.07194879651069641
3979,3.8999999999999986,1.4579999999999995,0.05,0.04205188900232315
3980,-5.099999999999998,1.2779999999999996,0.05,0.07582619786262512
3981,3.8999999999999986,1.3499999999999994,0.05,0.10727149993181229
3982,-4.499999999999998,1.1819999999999995,0.05,0.18004202842712402
3983,-0.8999999999999986,1.2419999999999995,0.05,0.04049048200249672
3984,-1.4999999999999982,1.1339999999999997,0.05,0.1462077498435974
3985,3.8999999999999986,1.1339999999999995,0.05,0.1065792664885521
3986,3.8999999999999986,1.1179999999999994,0.05,0.1733759045600891
3987,4.799999999999995,1.3039999999999994,0.05,0.038077935576438904
3988,3.8999999999999986,1.2899999999999998,0.05,0.07239187508821487
3989,2.0999999999999996,1.4219999999999993,0.05,0.006445945240557194
3990,2.2000000000000015,1.4259999999999993,0.05,0.0457119457423687
3991,3.8999999999999986,1.4639999999999993,0.05,0.13888704776763916
3992,3.8999999999999986,1.6919999999999993,0.05,0.01217561773955822
3993,4.4999999999999964,1.907999999999999,0.05,0.038658082485198975
3994,2.0000000000000013,2.0379999999999994,0.05,0.00019976519979536533
3995,0.9000000000000004,2.169999999999999,0.05,0.0056957099586725235
3996,3.8999999999999986,2.1699999999999995,0.05,0.05089718848466873
3997,3.8999999999999986,2.169999999999999,0.05,0.007784700021147728
3998,3.8999999999999986,2.1699999999999995,0.05,0.01134517416357994
3999,3.8999999999999986,2.1699999999999995,0.05,0.04311855137348175
4000,3.8999999999999986,2.3859999999999992,0.05,0.07317778468132019
4001,3.8999999999999986,2.3859999999999992,0.05,0.03428060561418533
4002,3.8999999999999986,2.5899999999999994,0.05,0.10602900385856628
4003,3.8999999999999986,2.625999999999999,0.05,0.07533840835094452
4004,3.299999999999999,2.613999999999999,0.05,0.043724510818719864
4005,-2.099999999999998,2.487999999999999,0.05,0.0683823972940445
4006,4.4999999999999964,2.4999999999999996,0.05,0.008317440748214722
4007,3.8999999999999986,2.537999999999999,0.05,0.10429206490516663
4008,2.0000000000000013,2.5199999999999996,0.05,0.10157150030136108
4009,3.8999999999999986,2.475999999999999,0.05,0.0701194703578949
4010,3.8999999999999986,2.4759999999999995,0.05,0.10411953181028366
4011,6.099999999999994,2.5199999999999996,0.05,0.03925070911645889
4012,2.0000000000000013,2.4939999999999993,0.05,0.07003187388181686
4013,3.8999999999999986,2.447999999999999,0.05,0.07515924423933029
4014,3.8999999999999986,2.483999999999999,0.05,0.04350994527339935
4015,3.9999999999999982,2.4859999999999998,0.05,0.07546672970056534
4016,4.099999999999998,2.489999999999999,0.05,0.03984139859676361
4017,-2.099999999999998,2.585999999999999,0.05,0.008370336145162582
4018,-3.299999999999998,2.597999999999999,0.05,0.07241693139076233
4019,3.8999999999999986,2.597999999999999,0.05,0.04259553551673889
4020,2.900000000000002,2.625999999999999,0.05,0.11370132863521576
4021,4.299999999999997,2.634,0.05,0.008246785029768944
4022,4.299999999999997,2.68,0.05,0.0742245465517044
4023,3.8999999999999986,2.6379999999999995,0.05,0.1109415739774704
4024,3.8999999999999986,2.7699999999999996,0.05,0.03969981148838997
4025,4.699999999999996,2.8239999999999994,0.05,0.04451059550046921
4026,2.0999999999999996,2.775999999999999,0.05,0.0745476633310318
4027,2.0000000000000013,2.737999999999999,0.05,0.08621163666248322
4028,3.8999999999999986,2.7379999999999995,0.05,0.07745703309774399
4029,-0.29999999999999893,2.653999999999999,0.05,0.11512044072151184
4030,1.5,2.785999999999999,0.05,0.10990989208221436
4031,2.0000000000000013,2.747999999999999,0.05,0.03462366387248039
4032,3.8999999999999986,2.915999999999999,0.05,0.07721129059791565
4033,-2.099999999999998,2.8919999999999995,0.05,0.035767797380685806
4034,3.8999999999999986,2.9999999999999996,0.05,0.15131260454654694
4035,3.8999999999999986,2.9999999999999996,0.05,0.0057025146670639515
4036,3.6999999999999993,2.9959999999999987,0.05,0.03909348323941231
4037,3.8999999999999986,2.977999999999999,0.05,0.005619794595986605
4038,2.0000000000000013,2.9399999999999995,0.05,0.17996636033058167
4039,4.099999999999998,2.9799999999999995,0.05,0.045483458787202835
4040,3.8999999999999986,3.0139999999999993,0.05,0.10754150152206421
4041,3.8999999999999986,3.014,0.05,0.03792066499590874
4042,3.8999999999999986,3.014,0.05,0.0482097864151001
4043,3.200000000000001,2.987999999999999,0.05,0.010467592626810074
4044,3.9999999999999982,3.027999999999999,0.05,0.008458314463496208
4045,4.399999999999997,3.0979999999999994,0.05,0.008181731216609478
4046,3.8999999999999986,3.0979999999999994,0.05,0.04074430465698242
4047,6.5999999999999925,3.1519999999999992,0.05,0.03568308800458908
4048,4.1999999999999975,3.157999999999999,0.05,0.005810263101011515
4049,3.8999999999999986,3.157999999999999,0.05,0.11077146232128143
4050,2.0000000000000013,3.1199999999999988,0.05,0.006160764489322901
4051,3.8999999999999986,3.119999999999999,0.05,0.037777725607156754
4052,6.699999999999992,3.1759999999999984,0.05,0.07461031526327133
4053,4.399999999999997,3.185999999999999,0.05,0.008297997526824474
4054,-1.4999999999999982,3.089999999999999,0.05,0.07277846336364746
4055,3.8999999999999986,3.2099999999999995,0.05,0.10542332381010056
4056,3.8999999999999986,3.1979999999999995,0.05,0.14571809768676758
4057,4.399999999999997,3.2079999999999997,0.05,0.008269471116364002
4058,3.8999999999999986,3.245999999999999,0.05,0.04510926082730293
4059,3.8999999999999986,3.245999999999999,0.05,0.0439872108399868
4060,3.9999999999999982,3.247999999999999,0.05,0.03842931613326073
4061,3.299999999999999,3.1919999999999993,0.05,0.03839029744267464
4062,3.8999999999999986,3.2299999999999995,0.05,0.011114311404526234
4063,3.8999999999999986,3.2299999999999986,0.05,0.04777795076370239
4064,3.8999999999999986,3.2299999999999986,0.05,0.044808678328990936
4065,3.8999999999999986,3.227999999999999,0.05,0.11632772535085678
4066,-3.899999999999998,3.0679999999999983,0.05,0.07962475717067719
4067,3.8999999999999986,3.1879999999999984,0.05,0.004632527008652687
4068,-9.299999999999999,3.0679999999999983,0.05,0.00601434288546443
4069,0.9000000000000004,3.0079999999999982,0.05,0.041729845106601715
4070,3.8999999999999986,3.027999999999999,0.05,0.012982707470655441
4071,-5.099999999999998,2.839999999999999,0.05,0.0402335561811924
4072,3.8999999999999986,2.8319999999999994,0.05,0.038678720593452454
4073,2.0000000000000013,2.793999999999999,0.05,0.10931569337844849
4074,3.8999999999999986,2.793999999999999,0.05,0.11038311570882797
4075,3.8999999999999986,2.7779999999999996,0.05,0.1208103746175766
4076,3.8999999999999986,2.8139999999999996,0.05,0.04300403594970703
4077,1.5,2.8039999999999994,0.05,0.04562218487262726
4078,3.8999999999999986,2.8039999999999994,0.05,0.003448754083365202
4079,3.8999999999999986,2.8879999999999995,0.05,0.1201944351196289
4080,3.8999999999999986,2.935999999999999,0.05,0.041437648236751556
4081,3.8999999999999986,2.9739999999999984,0.05,0.04869659245014191
4082,3.8999999999999986,2.9739999999999984,0.05,0.04153646528720856
4083,3.8999999999999986,3.0939999999999985,0.05,0.011297748424112797
4084,-0.29999999999999893,3.0099999999999985,0.05,0.0034993309527635574
4085,3.8999999999999986,3.0099999999999985,0.05,0.008089283481240273
4086,3.8999999999999986,3.0139999999999985,0.05,0.04497729614377022
4087,3.8999999999999986,3.0139999999999985,0.05,0.043867044150829315
4088,2.0000000000000013,3.0139999999999985,0.05,0.07359253615140915
4089,-9.299999999999999,2.7459999999999978,0.05,0.008698709309101105
4090,3.8999999999999986,2.7459999999999987,0.05,0.0723414421081543
4091,-3.899999999999998,2.589999999999999,0.05,0.0014329468831419945
4092,3.8999999999999986,2.589999999999999,0.05,0.03882681578397751
4093,2.0000000000000013,2.5659999999999985,0.05,0.005368023179471493
4094,3.8999999999999986,2.5639999999999987,0.05,0.0416313111782074
4095,-2.699999999999998,2.4219999999999984,0.05,0.01071118749678135
4096,3.8999999999999986,2.421999999999999,0.05,0.08173469454050064
4097,-7.499999999999998,2.139999999999999,0.05,0.03719623386859894
4098,3.8999999999999986,2.133999999999999,0.05,0.08002442866563797
4099,3.8999999999999986,2.133999999999999,0.05,0.003185464069247246
4100,3.8999999999999986,2.1719999999999993,0.05,0.04007613658905029
4101,8.399999999999986,2.261999999999999,0.05,0.0087139206007123
4102,2.0000000000000013,2.167999999999999,0.05,0.07817800343036652
4103,2.0000000000000013,2.1199999999999988,0.05,0.07771856337785721
4104,-2.699999999999998,2.0959999999999988,0.05,0.0393417589366436
4105,-2.699999999999998,1.9639999999999989,0.05,0.042609911412000656
4106,3.9999999999999982,1.965999999999999,0.05,0.07581578940153122
4107,3.8999999999999986,1.955999999999999,0.05,0.11448293924331665
4108,3.8999999999999986,1.9559999999999997,0.05,0.1158876046538353
4109,3.8999999999999986,1.9559999999999997,0.05,0.037379857152700424
4110,3.8999999999999986,1.9539999999999993,0.05,0.046569887548685074
4111,-3.899999999999998,1.8099999999999996,0.05,0.08375512808561325
4112,3.8999999999999986,1.8099999999999994,0.05,0.07571607828140259
4113,3.8999999999999986,1.8099999999999994,0.05,0.08333788812160492
4114,3.8999999999999986,1.8099999999999994,0.05,0.15263515710830688
4115,3.8999999999999986,1.8099999999999994,0.05,0.015636082738637924
4116,-3.899999999999998,1.8099999999999996,0.05,0.08081437647342682
4117,3.8999999999999986,1.8099999999999994,0.05,0.0442160926759243
4118,6.399999999999993,2.1239999999999997,0.05,0.11647775769233704
4119,3.8999999999999986,2.1839999999999993,0.05,0.04302050173282623
4120,3.8999999999999986,2.1839999999999993,0.05,0.0923323929309845
4121,-3.899999999999998,2.2079999999999993,0.05,0.044638656079769135
4122,3.8999999999999986,2.207999999999999,0.05,0.04116461053490639
4123,3.8999999999999986,2.245999999999999,0.05,0.015061873942613602
4124,3.8999999999999986,2.2459999999999996,0.05,0.08318066596984863
4125,3.8999999999999986,2.245999999999999,0.05,0.00820440985262394
4126,3.8999999999999986,2.245999999999999,0.05,0.043725837022066116
4127,3.8999999999999986,2.293999999999999,0.05,0.08110613375902176
4128,3.8999999999999986,2.2939999999999996,0.05,0.047853998839855194
4129,3.8999999999999986,2.293999999999999,0.05,0.04750248044729233
4130,4.399999999999997,2.303999999999999,0.05,0.04275945574045181
4131,3.8999999999999986,2.3039999999999994,0.05,0.003688931232318282
4132,3.8999999999999986,2.3039999999999994,0.05,0.04562988504767418
4133,3.8999999999999986,2.3039999999999994,0.05,0.07646164298057556
4134,3.8999999999999986,2.387999999999999,0.05,0.045413173735141754
4135,3.8999999999999986,2.387999999999999,0.05,0.044630616903305054
4136,3.8999999999999986,2.387999999999999,0.05,0.041307829320430756
4137,3.5,2.3799999999999994,0.05,0.005934917367994785
4138,3.8999999999999986,2.417999999999999,0.05,0.005960535723716021
4139,-6.299999999999999,2.4779999999999993,0.05,0.12259547412395477
4140,-3.299999999999998,2.333999999999999,0.05,0.005921362899243832
4141,3.9999999999999982,2.491999999999999,0.05,0.12187699973583221
4142,3.8999999999999986,2.491999999999999,0.05,0.044041432440280914
4143,3.8999999999999986,2.5299999999999994,0.05,0.11700445413589478
4144,2.0000000000000013,2.491999999999999,0.05,0.11503399908542633
4145,3.8999999999999986,2.623999999999999,0.05,0.1175093725323677
4146,-7.499999999999998,2.395999999999999,0.05,0.12202800810337067
4147,-6.899999999999999,2.407999999999999,0.05,0.04505477100610733
4148,3.8999999999999986,2.407999999999999,0.05,0.007991127669811249
4149,3.8999999999999986,2.407999999999999,0.05,0.07872322201728821
4150,3.8999999999999986,2.407999999999999,0.05,0.042364269495010376
4151,3.8999999999999986,2.3179999999999996,0.05,0.005904713179916143
4152,3.8999999999999986,2.355999999999999,0.05,0.07863733172416687
4153,4.1999999999999975,2.399999999999999,0.05,0.014058046042919159
4154,3.8999999999999986,2.531999999999999,0.05,0.04516180232167244
4155,2.0999999999999996,2.627999999999999,0.05,0.03911255672574043
4156,-9.299999999999999,2.361999999999999,0.05,0.004069627728313208
4157,3.8999999999999986,2.361999999999999,0.05,0.08033746480941772
4158,-2.699999999999998,2.229999999999999,0.05,0.0446426123380661
4159,3.8999999999999986,2.2299999999999986,0.05,0.015111500397324562
4160,2.700000000000002,2.2059999999999995,0.05,0.042931538075208664
4161,3.8999999999999986,2.3619999999999988,0.05,0.0058133238926529884
4162,3.9999999999999982,2.363999999999999,0.05,0.12219458818435669
4163,3.8999999999999986,2.363999999999999,0.05,0.040546342730522156
4164,-5.699999999999998,2.171999999999999,0.05,0.04263768717646599
4165,3.8999999999999986,2.171999999999999,0.05,0.0006049303337931633
4166,3.8999999999999986,2.3279999999999994,0.05,0.015362821519374847
4167,-6.899999999999999,2.111999999999999,0.05,0.0005084111471660435
4168,3.8999999999999986,2.0619999999999994,0.05,0.008215222507715225
4169,3.299999999999999,2.049999999999999,0.05,0.12163669615983963
4170,4.399999999999997,2.0599999999999996,0.05,0.08159991353750229
4171,3.8999999999999986,2.2159999999999993,0.05,0.08044959604740143
4172,3.8999999999999986,2.2159999999999997,0.05,0.04061030596494675
4173,3.8999999999999986,2.2159999999999993,0.05,0.20088717341423035
4174,-5.699999999999998,2.0239999999999996,0.05,0.11409930884838104
4175,2.900000000000002,2.003999999999999,0.05,0.015176951885223389
4176,3.8999999999999986,2.003999999999999,0.05,0.042993754148483276
4177,3.8999999999999986,2.003999999999999,0.05,0.039156824350357056
4178,0.9000000000000004,1.9439999999999997,0.05,0.010575595311820507
4179,3.8999999999999986,1.9439999999999993,0.05,0.04505518823862076
4180,2.0000000000000013,1.895999999999999,0.05,0.07804424315690994
4181,3.8999999999999986,1.895999999999999,0.05,0.1174778938293457
4182,3.8999999999999986,1.8959999999999997,0.05,0.009246278554201126
4183,3.200000000000001,1.8819999999999997,0.05,0.020282387733459473
4184,3.8999999999999986,1.8819999999999992,0.05,0.008057697676122189
4185,-1.4999999999999982,1.7739999999999991,0.05,0.006225137040019035
4186,-5.099999999999998,1.5939999999999999,0.05,0.043877437710762024
4187,3.8999999999999986,1.6019999999999999,0.05,0.009075897745788097
4188,2.600000000000002,1.5759999999999998,0.05,0.04615182429552078
4189,-5.099999999999998,1.5999999999999996,0.05,0.008393448777496815
4190,-0.8999999999999986,1.6479999999999995,0.05,0.009332126006484032
4191,4.399999999999997,1.6559999999999995,0.05,0.00510776974260807
4192,2.2000000000000015,1.6219999999999997,0.05,0.05075836926698685
4193,6.799999999999992,1.6799999999999997,0.05,0.005883910693228245
4194,3.8999999999999986,1.7179999999999995,0.05,0.013870087452232838
4195,4.1999999999999975,1.7239999999999995,0.05,0.1258925497531891
4196,-4.499999999999998,1.7839999999999996,0.05,0.0059389034286141396
4197,-2.099999999999998,1.8799999999999994,0.05,0.0031892042607069016
4198,3.8999999999999986,1.8799999999999994,0.05,0.08320173621177673
4199,2.6999999999999993,1.8559999999999999,0.05,0.08228838443756104
4200,3.8999999999999986,1.855999999999999,0.05,0.013207145035266876
4201,2.0000000000000013,1.8179999999999996,0.05,0.003462989814579487
4202,-9.299999999999999,1.5539999999999994,0.05,0.1238613873720169
4203,-2.099999999999998,1.428,0.05,0.006656266283243895
4204,3.8999999999999986,1.4280000000000002,0.05,0.04628199338912964
4205,-3.299999999999998,1.3199999999999996,0.05,0.00385101605206728
4206,3.8999999999999986,1.5839999999999999,0.05,0.08634251356124878
4207,3.8999999999999986,1.5839999999999999,0.05,0.044880468398332596
4208,2.0999999999999996,1.6799999999999995,0.05,0.15810686349868774
4209,3.8999999999999986,1.6799999999999995,0.05,0.043279699981212616
4210,3.8999999999999986,1.7039999999999997,0.05,0.04423673078417778
4211,0.3000000000000007,1.6319999999999997,0.05,0.05237651616334915
4212,1.5,1.5819999999999996,0.05,0.046703994274139404
4213,3.8999999999999986,1.5819999999999999,0.05,0.002941843355074525
4214,3.8999999999999986,1.7739999999999998,0.05,0.039076369255781174
4215,-4.499999999999998,1.6059999999999997,0.05,0.08682084828615189
4216,4.1999999999999975,1.6119999999999999,0.05,0.16328343749046326
4217,4.999999999999995,1.8499999999999996,0.05,0.12129446864128113
4218,1.5,1.8019999999999998,0.05,0.19577200710773468
4219,-0.8999999999999986,1.7179999999999995,0.05,0.05529181286692619
4220,-0.8999999999999986,1.6119999999999999,0.05,0.055264513939619064
4221,3.8999999999999986,1.6119999999999999,0.05,0.010750999674201012
4222,3.8999999999999986,1.6119999999999999,0.05,0.010158278048038483
4223,3.6999999999999993,1.6079999999999999,0.05,0.08638562262058258
4224,3.8999999999999986,1.8,0.05,0.12731535732746124
4225,3.8999999999999986,1.82,0.05,0.044789597392082214
4226,3.3000000000000007,1.8079999999999998,0.05,0.16713465750217438
4227,-3.899999999999998,1.652,0.05,0.0008880925597622991
4228,3.8999999999999986,1.712,0.05,0.040147289633750916
4229,2.6999999999999993,1.6879999999999997,0.05,0.0514533668756485
4230,3.8999999999999986,1.7259999999999998,0.05,0.04203501343727112
4231,4.999999999999995,1.7479999999999996,0.05,0.0470963716506958
4232,2.0999999999999996,1.7119999999999995,0.05,0.04474636912345886
4233,-4.499999999999998,1.5579999999999996,0.05,0.13171124458312988
4234,3.6999999999999993,1.5539999999999998,0.05,0.0038301877211779356
4235,2.0000000000000013,1.6239999999999994,0.05,0.1003594696521759
4236,-2.699999999999998,1.6719999999999997,0.05,0.008788462728261948
4237,3.8999999999999986,1.6719999999999993,0.05,0.0843043178319931
4238,4.299999999999997,1.7059999999999993,0.05,0.12261076271533966
4239,3.8999999999999986,1.885999999999999,0.05,0.125237837433815
4240,3.8999999999999986,1.9819999999999993,0.05,0.0061798663809895515
4241,3.1000000000000014,1.9559999999999997,0.05,0.042668137699365616
