episode,return,moving50,epsilon,loss
1,-8.7,-8.7,99900.00005,
2,-5.699999999999998,-7.199999999999999,99800.0001,
3,-7.499999999999998,-7.3,99700.00014999999,
4,-8.099999999999998,-7.499999999999999,99600.0002,
5,-7.499999999999998,-7.499999999999998,99500.00025,
6,-6.299999999999999,-7.299999999999998,99400.0003,
7,-8.099999999999998,-7.414285714285713,99300.00035,
8,-8.099999999999998,-7.499999999999998,99200.0004,
9,-8.099999999999998,-7.566666666666665,99100.00044999999,
10,-6.299999999999999,-7.439999999999998,99000.0005,
11,-8.099999999999998,-7.499999999999997,98900.00055,
12,-7.499999999999998,-7.499999999999997,98800.0006,
13,-7.499999999999998,-7.499999999999998,98700.00065,
14,-8.7,-7.585714285714284,98600.0007,
15,-6.299999999999999,-7.499999999999998,98500.00074999999,
16,-8.7,-7.574999999999998,98400.0008,
17,-8.099999999999998,-7.605882352941175,98300.00085,
18,-8.099999999999998,-7.633333333333332,98200.0009,
19,-7.499999999999998,-7.626315789473683,98100.00095,
20,-6.299999999999999,-7.56,98000.001,98.51091766357422
21,-7.499999999999998,-7.557142857142857,97900.00104999999,32.142051696777344
22,-6.899999999999999,-7.527272727272727,97800.0011,60.243682861328125
23,-6.899999999999999,-7.5,97700.00115,60.314823150634766
24,-8.7,-7.549999999999998,97600.0012,46.39176940917969
25,-6.899999999999999,-7.523999999999998,97500.00125,60.583839416503906
26,-8.099999999999998,-7.546153846153844,97400.0013,43.59804916381836
27,-5.099999999999998,-7.455555555555554,97300.00134999999,59.06041717529297
28,-8.099999999999998,-7.478571428571427,97200.0014,43.39429473876953
29,-5.099999999999998,-7.396551724137929,97100.00145,68.54251861572266
30,-8.7,-7.439999999999998,97000.0015,41.754554748535156
31,-8.099999999999998,-7.461290322580643,96900.00155,48.46723937988281
32,-6.899999999999999,-7.443749999999998,96800.0016,54.955482482910156
33,-6.899999999999999,-7.427272727272725,96700.00164999999,33.47088623046875
34,-6.899999999999999,-7.4117647058823515,96600.0017,45.35314178466797
35,-6.899999999999999,-7.397142857142855,96500.00175,57.17001724243164
36,-7.499999999999998,-7.399999999999998,96400.0018,52.90443420410156
37,-6.899999999999999,-7.386486486486484,96300.00185,39.20686340332031
38,-8.099999999999998,-7.405263157894734,96200.0019,35.22990798950195
39,-6.899999999999999,-7.39230769230769,96100.00194999999,44.48808288574219
40,-6.299999999999999,-7.364999999999999,96000.002,20.55459976196289
41,-5.699999999999998,-7.324390243902438,95900.00205,12.280061721801758
42,-8.7,-7.357142857142856,95800.0021,11.162282943725586
43,-7.499999999999998,-7.360465116279069,95700.00215,5.970280647277832
44,-7.499999999999998,-7.363636363636362,95600.0022,5.409056663513184
45,-8.099999999999998,-7.379999999999999,95500.00224999999,6.942298889160156
46,-8.099999999999998,-7.395652173913043,95400.0023,9.168292999267578
47,-8.099999999999998,-7.410638297872341,95300.00235,9.464315414428711
48,-8.099999999999998,-7.425,95200.0024,17.509132385253906
49,-8.099999999999998,-7.438775510204081,95100.00245,4.296121597290039
50,-6.899999999999999,-7.428,95000.0025,4.129323959350586
51,-6.299999999999999,-7.379999999999998,94900.00254999999,8.287130355834961
52,-8.099999999999998,-7.427999999999998,94800.00259999999,12.638298988342285
53,-8.7,-7.451999999999998,94700.00265,1.2974717617034912
54,-8.099999999999998,-7.451999999999999,94600.0027,11.631516456604004
55,-8.099999999999998,-7.463999999999999,94500.00275,8.174325942993164
56,-8.099999999999998,-7.499999999999999,94400.0028,10.577842712402344
57,-8.7,-7.511999999999998,94300.00284999999,8.63692855834961
58,-8.099999999999998,-7.512,94200.00289999999,8.935912132263184
59,-8.7,-7.523999999999997,94100.00295000001,6.770184516906738
60,-8.099999999999998,-7.559999999999999,94000.003,17.365371704101562
61,-5.099999999999998,-7.499999999999999,93900.00305,5.664319038391113
62,-7.499999999999998,-7.499999999999999,93800.0031,9.88251781463623
63,-5.699999999999998,-7.463999999999998,93700.00315,7.104287624359131
64,-8.099999999999998,-7.451999999999998,93600.00319999999,7.061225891113281
65,-8.099999999999998,-7.4879999999999995,93500.00325000001,2.554342031478882
66,-5.099999999999998,-7.4159999999999995,93400.0033,3.0622239112854004
67,-8.099999999999998,-7.4159999999999995,93300.00335,3.793567419052124
68,-5.699999999999998,-7.3679999999999986,93200.0034,2.098985195159912
69,-8.099999999999998,-7.379999999999999,93100.00345,10.111413955688477
70,-5.699999999999998,-7.3679999999999986,93000.00349999999,3.300882339477539
71,-8.099999999999998,-7.379999999999998,92900.00355000001,8.366567611694336
72,-8.099999999999998,-7.403999999999999,92800.00360000001,0.5236738920211792
73,-8.099999999999998,-7.427999999999998,92700.00365,17.084260940551758
74,-6.899999999999999,-7.391999999999999,92600.0037,2.6926233768463135
75,-7.499999999999998,-7.403999999999997,92500.00375,6.631567478179932
76,-7.499999999999998,-7.391999999999999,92400.0038,3.1841847896575928
77,-8.099999999999998,-7.451999999999998,92300.00385000001,5.865115165710449
78,-8.7,-7.463999999999999,92200.00390000001,11.771727561950684
79,-8.099999999999998,-7.523999999999998,92100.00395,7.217153549194336
80,-6.899999999999999,-7.487999999999999,92000.004,9.817245483398438
81,-6.299999999999999,-7.451999999999998,91900.00405,13.376893043518066
82,2.0999999999999996,-7.2719999999999985,91800.0041,2.353130578994751
83,-8.7,-7.307999999999997,91700.00415000001,14.28815746307373
84,-6.299999999999999,-7.295999999999998,91600.00420000001,8.218822479248047
85,-8.099999999999998,-7.3199999999999985,91500.00425,8.717355728149414
86,-5.699999999999998,-7.283999999999999,91400.0043,15.286083221435547
87,-5.099999999999998,-7.247999999999998,91300.00435,7.086080551147461
88,-8.099999999999998,-7.247999999999998,91200.0044,5.752903938293457
89,-8.099999999999998,-7.2719999999999985,91100.00445000001,7.792200088500977
90,-8.7,-7.3199999999999985,91000.00450000001,12.454293251037598
91,-8.099999999999998,-7.3679999999999986,90900.00455,5.636184215545654
92,-7.499999999999998,-7.3439999999999985,90800.0046,11.427907943725586
93,-8.099999999999998,-7.355999999999999,90700.00465,11.392190933227539
94,-8.7,-7.379999999999999,90600.0047,8.133460998535156
95,-8.7,-7.391999999999999,90500.00475000001,16.04955291748047
96,-8.099999999999998,-7.3919999999999995,90400.00480000001,1.37590491771698
97,-7.499999999999998,-7.379999999999999,90300.00485,1.2860736846923828
98,-8.7,-7.391999999999999,90200.0049,6.341065406799316
99,-8.7,-7.403999999999999,90100.00495,10.737576484680176
100,-8.099999999999998,-7.427999999999998,90000.005,9.753207206726074
101,-7.499999999999998,-7.451999999999999,89900.00505,7.394611358642578
102,-7.499999999999998,-7.439999999999999,89800.00510000001,2.9709393978118896
103,-5.099999999999998,-7.367999999999999,89700.00515,16.68688201904297
104,-7.499999999999998,-7.355999999999999,89600.0052,8.48493480682373
105,-8.099999999999998,-7.355999999999999,89500.00525,2.2882707118988037
106,-7.499999999999998,-7.3439999999999985,89400.0053,1.0637112855911255
107,-6.899999999999999,-7.307999999999998,89300.00535,4.681406021118164
108,-7.499999999999998,-7.295999999999997,89200.0054,13.59399700164795
109,-8.099999999999998,-7.283999999999999,89100.00545,11.374774932861328
110,-8.099999999999998,-7.283999999999999,89000.0055,9.2060546875
111,-8.099999999999998,-7.343999999999999,88900.00555,5.41762638092041
112,-8.099999999999998,-7.355999999999999,88800.0056,8.361977577209473
113,-6.299999999999999,-7.3679999999999986,88700.00565,9.309267044067383
114,-5.699999999999998,-7.319999999999998,88600.0057,4.272680282592773
115,-8.099999999999998,-7.3199999999999985,88500.00575,23.068309783935547
116,-7.499999999999998,-7.367999999999999,88400.0058,1.1289386749267578
117,-8.7,-7.379999999999999,88300.00585,5.818221092224121
118,-6.299999999999999,-7.391999999999999,88200.0059,4.528253555297852
119,-8.099999999999998,-7.3919999999999995,88100.00595,6.300826549530029
120,-8.7,-7.451999999999998,88000.006,5.24445915222168
121,-8.099999999999998,-7.451999999999999,87900.00605,14.085904121398926
122,-6.899999999999999,-7.427999999999998,87800.0061,9.032257080078125
123,-7.499999999999998,-7.415999999999998,87700.00615,5.625195503234863
124,-7.499999999999998,-7.427999999999998,87600.0062,16.097543716430664
125,-8.7,-7.451999999999998,87500.00625,9.573786735534668
126,-6.299999999999999,-7.427999999999998,87400.0063,16.378881454467773
127,-6.899999999999999,-7.403999999999997,87300.00635,3.0546905994415283
128,-6.299999999999999,-7.355999999999998,87200.0064,4.654940128326416
129,-6.299999999999999,-7.32,87100.00645,4.6853179931640625
130,-8.099999999999998,-7.343999999999999,87000.0065,6.520524978637695
131,-8.099999999999998,-7.38,86900.00655,3.9876976013183594
132,-8.099999999999998,-7.583999999999999,86800.0066,10.71358871459961
133,-8.7,-7.584,86700.00665,13.827606201171875
134,-8.099999999999998,-7.619999999999999,86600.0067,16.53856658935547
135,-8.099999999999998,-7.62,86500.00675,13.483436584472656
136,-8.099999999999998,-7.667999999999999,86400.0068,8.955699920654297
137,-8.099999999999998,-7.728,86300.00685,13.178956985473633
138,-8.099999999999998,-7.728,86200.0069,10.842605590820312
139,-8.7,-7.739999999999998,86100.00695,10.887896537780762
140,-8.7,-7.7399999999999975,86000.007,9.816516876220703
141,-7.499999999999998,-7.727999999999998,85900.00705,9.30418872833252
142,-8.7,-7.751999999999998,85800.0071,6.097935676574707
143,-7.499999999999998,-7.7399999999999975,85700.00715,5.1240129470825195
144,-8.099999999999998,-7.728,85600.0072,4.288741588592529
145,-8.7,-7.727999999999998,85500.00725,2.8203229904174805
146,-8.099999999999998,-7.727999999999998,85400.0073,6.897432327270508
147,-8.099999999999998,-7.74,85300.00735,2.1729519367218018
148,-6.899999999999999,-7.703999999999999,85200.0074,4.2249274253845215
149,-8.7,-7.703999999999997,85100.00745,1.532701015472412
150,-8.099999999999998,-7.703999999999999,85000.00749999999,5.200577735900879
151,-8.099999999999998,-7.715999999999999,84900.00755,12.403180122375488
152,-7.499999999999998,-7.715999999999999,84800.0076,6.200559139251709
153,-7.499999999999998,-7.7639999999999985,84700.00765,6.165443420410156
154,-8.099999999999998,-7.775999999999999,84600.0077,11.102411270141602
155,-6.299999999999999,-7.739999999999998,84500.00775,9.385151863098145
156,-6.899999999999999,-7.727999999999998,84400.00779999999,7.3932695388793945
157,-8.099999999999998,-7.751999999999998,84300.00785,5.8198137283325195
158,-8.099999999999998,-7.7639999999999985,84200.0079,11.589211463928223
159,-8.099999999999998,-7.7639999999999985,84100.00795,5.720362663269043
160,-8.099999999999998,-7.7639999999999985,84000.008,4.120521545410156
161,-6.899999999999999,-7.7399999999999975,83900.00805,1.6641061305999756
162,-5.699999999999998,-7.691999999999997,83800.00809999999,0.20588219165802002
163,-6.299999999999999,-7.691999999999998,83700.00815,5.730332851409912
164,-8.7,-7.751999999999998,83600.0082,0.5702729225158691
165,-8.099999999999998,-7.751999999999998,83500.00825,8.372425079345703
166,-7.499999999999998,-7.751999999999998,83400.0083,0.2928285598754883
167,-6.299999999999999,-7.703999999999999,83300.00835,3.9465491771698
168,-7.499999999999998,-7.727999999999998,83200.00839999999,12.449520111083984
169,-8.099999999999998,-7.728,83100.00845,7.816565036773682
170,-7.499999999999998,-7.703999999999999,83000.0085,8.838216781616211
171,-6.899999999999999,-7.679999999999998,82900.00855,3.0627365112304688
172,-7.499999999999998,-7.691999999999998,82800.0086,7.00907039642334
173,-7.499999999999998,-7.691999999999998,82700.00865,6.630252361297607
174,-8.099999999999998,-7.703999999999999,82600.0087,7.425548553466797
175,-6.299999999999999,-7.656000000000001,82500.00875,3.737567663192749
176,-7.499999999999998,-7.679999999999999,82400.00880000001,4.03499174118042
177,-8.7,-7.7159999999999975,82300.00885,1.0071899890899658
178,-6.299999999999999,-7.715999999999999,82200.0089,0.13108471035957336
179,-8.7,-7.7639999999999985,82100.00894999999,9.617966651916504
180,-6.899999999999999,-7.739999999999998,82000.009,10.33120059967041
181,-8.7,-7.751999999999998,81900.00905,12.93638801574707
182,-7.499999999999998,-7.739999999999998,81800.00910000001,7.3784942626953125
183,-6.899999999999999,-7.703999999999999,81700.00915,7.965641975402832
184,-8.7,-7.7159999999999975,81600.0092,2.3334462642669678
185,-7.499999999999998,-7.703999999999999,81500.00924999999,0.3207266628742218
186,-7.499999999999998,-7.691999999999998,81400.0093,4.2815093994140625
187,-6.899999999999999,-7.6679999999999975,81300.00935,3.3990631103515625
188,-8.099999999999998,-7.667999999999998,81200.00940000001,1.773932695388794
189,-7.499999999999998,-7.643999999999998,81100.00945,7.104592800140381
190,-7.499999999999998,-7.619999999999997,81000.0095,12.12381649017334
191,-5.099999999999998,-7.571999999999998,80900.00954999999,3.0535120964050293
192,-7.499999999999998,-7.547999999999999,80800.0096,16.88699722290039
193,-8.7,-7.571999999999997,80700.00964999999,10.967816352844238
194,-8.7,-7.583999999999998,80600.00970000001,0.5855962038040161
195,-8.7,-7.583999999999998,80500.00975,2.693054437637329
196,-6.899999999999999,-7.559999999999998,80400.0098,5.879580974578857
197,-8.099999999999998,-7.559999999999998,80300.00984999999,0.8140997290611267
198,-6.899999999999999,-7.559999999999998,80200.0099,13.58719539642334
199,-8.099999999999998,-7.547999999999998,80100.00994999999,1.7710925340652466
200,-6.299999999999999,-7.512,80000.01000000001,1.0888853073120117
201,-6.899999999999999,-7.487999999999999,79900.01005,3.495025157928467
202,-6.899999999999999,-7.475999999999996,79800.0101,12.373106002807617
203,-8.099999999999998,-7.487999999999999,79700.01014999999,7.264278411865234
204,-5.699999999999998,-7.439999999999999,79600.0102,0.406192809343338
205,-8.099999999999998,-7.475999999999998,79500.01025,6.628154277801514
206,-8.099999999999998,-7.499999999999999,79400.01030000001,6.369785308837891
207,-6.299999999999999,-7.4639999999999995,79300.01035000001,3.943023920059204
208,-5.699999999999998,-7.415999999999998,79200.0104,6.3697099685668945
209,-8.7,-7.427999999999998,79100.01045,2.7156152725219727
210,-8.7,-7.439999999999998,79000.0105,7.0954203605651855
211,-6.899999999999999,-7.439999999999999,78900.01055,14.87655258178711
212,-8.7,-7.499999999999997,78800.01060000001,4.251915454864502
213,-7.499999999999998,-7.523999999999998,78700.01065000001,0.4996577501296997
214,-6.299999999999999,-7.475999999999998,78600.0107,4.014474391937256
215,-8.099999999999998,-7.475999999999999,78500.01075,0.46112579107284546
216,-8.099999999999998,-7.4879999999999995,78400.0108,7.326572895050049
217,-6.899999999999999,-7.499999999999999,78300.01085,3.9582173824310303
218,-8.099999999999998,-7.511999999999998,78200.01090000001,12.236763000488281
219,-6.899999999999999,-7.487999999999999,78100.01095,3.6976068019866943
220,-7.499999999999998,-7.487999999999997,78000.011,3.5494673252105713
221,-7.499999999999998,-7.499999999999999,77900.01105,1.44820237159729
222,-7.499999999999998,-7.499999999999999,77800.0111,9.132214546203613
223,-8.7,-7.523999999999998,77700.01115,3.710737705230713
224,-6.299999999999999,-7.4879999999999995,77600.01120000001,0.6714563369750977
225,-8.099999999999998,-7.524,77500.01125,3.4109089374542236
226,-8.099999999999998,-7.535999999999999,77400.0113,15.623096466064453
227,-7.499999999999998,-7.511999999999998,77300.01135,3.590237617492676
228,-8.099999999999998,-7.547999999999999,77200.0114,11.876813888549805
229,-8.7,-7.547999999999998,77100.01145,9.501012802124023
230,-8.7,-7.583999999999999,77000.01150000001,13.558172225952148
231,-6.899999999999999,-7.547999999999997,76900.01155,0.07279834151268005
232,-7.499999999999998,-7.547999999999997,76800.0116,9.626235008239746
233,-7.499999999999998,-7.559999999999998,76700.01165,9.27433967590332
234,-6.899999999999999,-7.523999999999997,76600.0117,6.6865997314453125
235,-7.499999999999998,-7.523999999999998,76500.01175,3.346698522567749
236,-8.099999999999998,-7.535999999999999,76400.01180000001,10.027114868164062
237,-8.099999999999998,-7.56,76300.01185,6.872566223144531
238,-8.099999999999998,-7.559999999999999,76200.0119,7.048035144805908
239,-8.099999999999998,-7.571999999999999,76100.01195,8.379409790039062
240,-8.099999999999998,-7.583999999999999,76000.012,3.6927530765533447
241,-8.7,-7.655999999999998,75900.01205,3.3840649127960205
242,-8.7,-7.679999999999998,75800.0121,6.217413902282715
243,-8.7,-7.679999999999998,75700.01215,3.27130389213562
244,-7.499999999999998,-7.655999999999998,75600.0122,2.6486833095550537
245,-6.899999999999999,-7.619999999999997,75500.01225,3.6014418601989746
246,-8.7,-7.655999999999998,75400.0123,3.2162704467773438
247,-8.099999999999998,-7.655999999999999,75300.01235,15.703187942504883
248,-6.899999999999999,-7.655999999999999,75200.0124,0.15287461876869202
249,-6.899999999999999,-7.631999999999997,75100.01245,0.4949454069137573
250,-7.499999999999998,-7.655999999999999,75000.0125,3.097813129425049
251,-6.299999999999999,-7.643999999999998,74900.01255,6.380790710449219
252,-7.499999999999998,-7.655999999999999,74800.0126,10.239213943481445
253,-8.099999999999998,-7.655999999999999,74700.01265,6.235526084899902
254,-6.899999999999999,-7.679999999999999,74600.0127,12.909668922424316
255,-8.099999999999998,-7.679999999999998,74500.01275,0.6962136030197144
256,-8.099999999999998,-7.68,74400.0128,1.771789789199829
257,-8.099999999999998,-7.715999999999999,74300.01285,8.979464530944824
258,-8.099999999999998,-7.7639999999999985,74200.0129,6.750852584838867
259,-8.099999999999998,-7.751999999999999,74100.01295,3.275697708129883
260,-6.899999999999999,-7.715999999999999,74000.013,5.359823226928711
261,-5.699999999999998,-7.691999999999998,73900.01305,1.4229154586791992
262,-7.499999999999998,-7.667999999999998,73800.0131,9.695550918579102
263,-8.099999999999998,-7.679999999999999,73700.01315,3.8203799724578857
264,-6.899999999999999,-7.691999999999998,73600.0132,15.575827598571777
265,-8.7,-7.703999999999997,73500.01325,1.2416391372680664
266,-8.099999999999998,-7.703999999999999,73400.0133,5.433352470397949
267,-8.099999999999998,-7.728,73300.01335,4.051517009735107
268,-7.499999999999998,-7.715999999999999,73200.0134,3.0711874961853027
269,-6.899999999999999,-7.7159999999999975,73100.01345,4.513233661651611
270,-8.099999999999998,-7.728,73000.0135,8.79049015045166
271,-8.099999999999998,-7.74,72900.01355,5.263744354248047
272,-8.099999999999998,-7.752000000000001,72800.0136,6.12086296081543
273,-8.099999999999998,-7.74,72700.01365,14.045981407165527
274,-8.099999999999998,-7.775999999999999,72600.0137,7.884940147399902
275,-8.099999999999998,-7.775999999999999,72500.01375,8.306249618530273
276,-8.099999999999998,-7.775999999999999,72400.0138,2.917027711868286
277,-8.099999999999998,-7.787999999999999,72300.01385,1.192726969718933
278,-8.099999999999998,-7.787999999999999,72200.0139,11.63429069519043
279,-7.499999999999998,-7.7639999999999985,72100.01395,0.7758451700210571
280,-6.899999999999999,-7.727999999999997,72000.014,1.7681337594985962
281,-7.499999999999998,-7.7399999999999975,71900.01405,4.641998767852783
282,-8.099999999999998,-7.751999999999998,71800.0141,10.474580764770508
283,-7.499999999999998,-7.751999999999998,71700.01415,7.1192450523376465
284,-6.299999999999999,-7.739999999999998,71600.0142,3.070939064025879
285,-7.499999999999998,-7.739999999999998,71500.01425000001,5.694058418273926
286,-7.499999999999998,-7.727999999999997,71400.0143,11.384984970092773
287,-8.099999999999998,-7.727999999999998,71300.01435000001,9.60957145690918
288,-5.699999999999998,-7.679999999999998,71200.0144,3.402009963989258
289,-7.499999999999998,-7.667999999999998,71100.01445,4.206335067749023
290,-7.499999999999998,-7.655999999999997,71000.01449999999,6.415977478027344
291,-6.899999999999999,-7.619999999999997,70900.01455,9.148483276367188
292,-6.899999999999999,-7.583999999999996,70800.0146,0.7106596231460571
293,-8.099999999999998,-7.571999999999998,70700.01465000001,8.11782169342041
294,-8.099999999999998,-7.583999999999999,70600.0147,1.15167236328125
295,-5.699999999999998,-7.559999999999999,70500.01475,3.135629177093506
296,-6.899999999999999,-7.523999999999997,70400.01479999999,3.00924015045166
297,-8.099999999999998,-7.523999999999998,70300.01485,7.2860212326049805
298,-6.899999999999999,-7.523999999999998,70200.0149,5.778514862060547
299,-8.099999999999998,-7.547999999999997,70100.01495000001,1.9698536396026611
300,-7.499999999999998,-7.547999999999998,70000.015,5.020798683166504
301,-7.499999999999998,-7.571999999999998,69900.01505,5.627749443054199
302,-6.899999999999999,-7.559999999999998,69800.01509999999,4.208601474761963
303,-6.899999999999999,-7.535999999999997,69700.01515,6.131260871887207
304,-8.099999999999998,-7.559999999999998,69600.0152,13.391300201416016
305,-7.499999999999998,-7.547999999999998,69500.01525000001,1.4651410579681396
306,-7.499999999999998,-7.535999999999999,69400.0153,6.579677581787109
307,-6.299999999999999,-7.499999999999999,69300.01535,8.021242141723633
308,-7.499999999999998,-7.487999999999999,69200.01539999999,6.356997966766357
309,-5.099999999999998,-7.428,69100.01545,1.3621280193328857
310,-4.499999999999998,-7.38,69000.0155,7.011791229248047
311,-8.7,-7.439999999999998,68900.01555000001,10.700051307678223
312,-6.899999999999999,-7.427999999999998,68800.0156,1.9550158977508545
313,-8.099999999999998,-7.427999999999998,68700.01565,7.203190803527832
314,-8.7,-7.4639999999999995,68600.01569999999,8.422133445739746
315,-7.499999999999998,-7.439999999999998,68500.01575,12.428613662719727
316,-6.899999999999999,-7.4159999999999995,68400.0158,3.666259527206421
317,-8.099999999999998,-7.4159999999999995,68300.01585000001,4.326776504516602
318,-8.7,-7.439999999999999,68200.0159,7.8410868644714355
319,-7.499999999999998,-7.451999999999999,68100.01595,9.842924118041992
320,-7.499999999999998,-7.44,68000.01599999999,6.185979843139648
321,-6.899999999999999,-7.4159999999999995,67900.01605,6.354135513305664
322,-7.499999999999998,-7.403999999999999,67800.0161,3.8151488304138184
323,-7.499999999999998,-7.391999999999999,67700.01615000001,4.449207305908203
324,-8.099999999999998,-7.3919999999999995,67600.0162,2.198418140411377
325,-6.299999999999999,-7.356,67500.01625,0.23508954048156738
326,-8.099999999999998,-7.355999999999999,67400.01629999999,3.429670572280884
327,-8.7,-7.3679999999999986,67300.01635,3.325345039367676
328,-7.499999999999998,-7.355999999999998,67200.0164,5.372471809387207
329,-5.699999999999998,-7.3199999999999985,67100.01645000001,3.4233109951019287
330,-6.899999999999999,-7.319999999999998,67000.0165,8.852972984313965
331,-8.099999999999998,-7.331999999999998,66900.01655,2.0734777450561523
332,-5.699999999999998,-7.283999999999999,66800.01659999999,0.48027026653289795
333,-7.499999999999998,-7.283999999999997,66700.01665,11.888137817382812
334,-8.7,-7.331999999999998,66600.0167,3.598301887512207
335,-8.099999999999998,-7.3439999999999985,66500.01675000001,5.444077014923096
336,-8.7,-7.3679999999999986,66400.0168,8.508186340332031
337,-7.499999999999998,-7.355999999999998,66300.01685,2.5701377391815186
338,-6.899999999999999,-7.379999999999998,66200.01689999999,1.5788824558258057
339,-6.899999999999999,-7.367999999999998,66100.01695,5.912025451660156
340,-6.899999999999999,-7.355999999999998,66000.01699999999,1.7717680931091309
341,-8.099999999999998,-7.379999999999998,65900.01705000001,0.17122331261634827
342,-6.899999999999999,-7.379999999999998,65800.0171,6.3474626541137695
343,-8.099999999999998,-7.379999999999998,65700.01715,0.22922377288341522
344,-8.7,-7.3919999999999995,65600.0172,3.7243967056274414
345,-8.099999999999998,-7.439999999999999,65500.017250000004,3.683738946914673
346,-8.099999999999998,-7.463999999999999,65400.01730000001,0.634252667427063
347,-8.7,-7.475999999999998,65300.01735,6.030798435211182
348,-8.099999999999998,-7.499999999999999,65200.017400000004,2.7624120712280273
349,-6.899999999999999,-7.475999999999999,65100.01745000001,3.69534969329834
350,-8.7,-7.499999999999997,65000.0175,0.2398366630077362
351,-7.499999999999998,-7.499999999999999,64900.017550000004,0.6508175134658813
352,-6.899999999999999,-7.499999999999997,64800.01760000001,2.9795830249786377
353,-2.6999999999999984,-7.415999999999998,64700.01765,3.009291172027588
354,-6.299999999999999,-7.379999999999999,64600.017700000004,4.790524482727051
355,-7.499999999999998,-7.379999999999999,64500.017750000006,11.431941986083984
356,-7.499999999999998,-7.379999999999999,64400.0178,10.573073387145996
357,-7.499999999999998,-7.403999999999999,64300.017850000004,0.16409973800182343
358,-8.099999999999998,-7.4159999999999995,64200.0179,0.1259625405073166
359,-8.7,-7.487999999999999,64100.01795,1.0732307434082031
360,-7.499999999999998,-7.547999999999998,64000.018000000004,5.328661918640137
361,-6.899999999999999,-7.511999999999998,63900.01805,0.2640411853790283
362,-8.099999999999998,-7.535999999999998,63800.0181,4.929309844970703
363,-8.099999999999998,-7.535999999999999,63700.01815,2.6661877632141113
364,-8.099999999999998,-7.523999999999998,63600.0182,2.720188617706299
365,-8.099999999999998,-7.535999999999999,63500.01825,5.448935508728027
366,-8.7,-7.571999999999998,63400.0183,3.0819146633148193
367,-8.7,-7.583999999999999,63300.01835,0.9735990762710571
368,-2.699999999999998,-7.463999999999999,63200.0184,0.1573110818862915
369,-8.7,-7.487999999999997,63100.01845,3.560425281524658
370,-7.499999999999998,-7.487999999999999,63000.0185,8.60128116607666
371,-8.099999999999998,-7.512,62900.01855,3.710061550140381
372,-7.499999999999998,-7.512,62800.0186,5.610150337219238
373,-7.499999999999998,-7.511999999999998,62700.01865,5.244236946105957
374,-7.499999999999998,-7.499999999999999,62600.0187,0.2847878336906433
375,-6.299999999999999,-7.499999999999999,62500.01875,0.7765111923217773
376,-7.499999999999998,-7.4879999999999995,62400.0188,3.151916027069092
377,-6.899999999999999,-7.451999999999998,62300.01885,0.022763479501008987
378,-8.099999999999998,-7.463999999999999,62200.0189,5.586255073547363
379,-7.499999999999998,-7.499999999999999,62100.01895,5.702248573303223
380,-8.099999999999998,-7.523999999999998,62000.019,3.566990375518799
381,-8.099999999999998,-7.524,61900.01905,0.9470983743667603
382,-8.7,-7.583999999999999,61800.0191,2.9629740715026855
383,-6.899999999999999,-7.571999999999997,61700.01915,3.379117965698242
384,-8.099999999999998,-7.559999999999998,61600.0192,0.6276607513427734
385,-5.699999999999998,-7.512,61500.01925,3.00423002243042
386,-8.099999999999998,-7.499999999999999,61400.0193,2.909097909927368
387,-8.099999999999998,-7.512,61300.01935,6.250396728515625
388,-7.499999999999998,-7.523999999999998,61200.0194,3.204805850982666
389,-8.099999999999998,-7.547999999999999,61100.01945,2.436483860015869
390,-6.899999999999999,-7.547999999999999,61000.0195,2.709407091140747
391,-7.499999999999998,-7.535999999999998,60900.01955,0.2971605062484741
392,-7.499999999999998,-7.547999999999999,60800.0196,2.7454946041107178
393,-8.099999999999998,-7.547999999999999,60700.01965,0.8527001142501831
394,-8.7,-7.547999999999998,60600.0197,2.881693124771118
395,-8.099999999999998,-7.547999999999998,60500.01975,2.9636735916137695
396,-6.299999999999999,-7.512,60400.0198,0.32537007331848145
397,-7.499999999999998,-7.4879999999999995,60300.01985,0.32695797085762024
398,-8.099999999999998,-7.4879999999999995,60200.0199,10.548870086669922
399,-8.7,-7.524,60100.01995,9.709985733032227
400,-7.499999999999998,-7.499999999999999,60000.02,3.481140375137329
401,-6.299999999999999,-7.475999999999999,59900.02005,3.3545846939086914
402,-8.7,-7.511999999999998,59800.0201,5.588268756866455
403,-7.499999999999998,-7.607999999999999,59700.02015,3.148820400238037
404,-8.7,-7.655999999999998,59600.0202,0.4584333896636963
405,-7.499999999999998,-7.655999999999998,59500.02025,4.638879776000977
406,-8.7,-7.679999999999999,59400.0203,1.3614957332611084
407,-6.299999999999999,-7.655999999999999,59300.02035,4.781811714172363
408,-6.899999999999999,-7.631999999999998,59200.02040000001,2.7396624088287354
409,-6.899999999999999,-7.5959999999999965,59100.020449999996,0.9099187850952148
410,-6.899999999999999,-7.583999999999998,59000.020500000006,10.06047248840332
411,-7.499999999999998,-7.595999999999998,58900.02055,0.3450752794742584
412,-6.299999999999999,-7.559999999999999,58800.02060000001,0.3398570418357849
413,-8.099999999999998,-7.559999999999999,58700.02065,6.075267314910889
414,-8.099999999999998,-7.56,58600.02070000001,3.9817519187927246
415,-7.499999999999998,-7.547999999999999,58500.020749999996,5.252203464508057
416,-7.499999999999998,-7.523999999999998,58400.020800000006,2.9746909141540527
417,-5.699999999999998,-7.463999999999999,58300.02085,6.543846130371094
418,-6.899999999999999,-7.547999999999998,58200.02090000001,10.190235137939453
419,-8.7,-7.547999999999998,58100.02095,4.558820724487305
420,-5.099999999999998,-7.499999999999999,58000.02100000001,3.4827797412872314
421,-8.7,-7.512,57900.021049999996,0.6873939037322998
422,-7.499999999999998,-7.511999999999998,57800.021100000005,0.21277117729187012
423,-7.499999999999998,-7.511999999999998,57700.02115,2.8902950286865234
424,-6.299999999999999,-7.487999999999999,57600.02120000001,2.618086338043213
425,-8.099999999999998,-7.524,57500.02125,7.334791660308838
426,-8.099999999999998,-7.535999999999999,57400.02130000001,3.018981456756592
427,-6.299999999999999,-7.523999999999998,57300.021349999995,4.822595119476318
428,-8.099999999999998,-7.524,57200.021400000005,1.2887470722198486
429,-7.499999999999998,-7.523999999999998,57100.02144999999,4.87596321105957
430,-8.099999999999998,-7.523999999999998,57000.02150000001,5.2864837646484375
431,-6.899999999999999,-7.499999999999997,56900.02155,2.9385204315185547
432,-7.499999999999998,-7.475999999999998,56800.02160000001,7.1021246910095215
433,-8.099999999999998,-7.499999999999997,56700.021649999995,5.733544826507568
434,-8.099999999999998,-7.5,56600.021700000005,5.1892924308776855
435,-7.499999999999998,-7.535999999999999,56500.02174999999,7.49813985824585
436,-7.499999999999998,-7.523999999999998,56400.02180000001,0.5430131554603577
437,-6.299999999999999,-7.487999999999999,56300.02185,6.077548980712891
438,-8.7,-7.512,56200.02190000001,3.376448154449463
439,-8.7,-7.523999999999998,56100.021949999995,5.344405651092529
440,-6.899999999999999,-7.523999999999997,56000.022000000004,4.833095550537109
441,-8.7,-7.547999999999998,55900.02204999999,2.8376011848449707
442,-8.7,-7.571999999999998,55800.02210000001,0.509320855140686
443,-8.099999999999998,-7.571999999999999,55700.02215,7.581900596618652
444,-8.099999999999998,-7.56,55600.02220000001,8.418523788452148
445,-6.899999999999999,-7.535999999999999,55500.022249999995,5.510469436645508
446,-8.099999999999998,-7.571999999999998,55400.022300000004,2.801332712173462
447,-6.899999999999999,-7.559999999999999,55300.02234999999,6.269771575927734
448,-8.7,-7.571999999999998,55200.02240000001,3.397634506225586
449,-8.099999999999998,-7.559999999999999,55100.02245,0.25665247440338135
450,-6.899999999999999,-7.547999999999999,55000.02250000001,0.5334957838058472
451,-8.099999999999998,-7.583999999999999,54900.022549999994,3.9929614067077637
452,-6.299999999999999,-7.5360000000000005,54800.022600000004,6.22515869140625
453,-7.499999999999998,-7.535999999999999,54700.02264999999,6.822382926940918
454,-8.099999999999998,-7.523999999999998,54600.02270000001,0.561519980430603
455,-8.7,-7.547999999999998,54500.02275,0.9724880456924438
456,-8.099999999999998,-7.535999999999998,54400.022800000006,0.42354467511177063
457,-7.499999999999998,-7.559999999999999,54300.022849999994,2.8802285194396973
458,-7.499999999999998,-7.571999999999998,54200.0229,5.826757431030273
459,-4.499999999999998,-7.523999999999998,54100.02294999999,0.3888343572616577
460,-7.499999999999998,-7.535999999999998,54000.02300000001,5.598557949066162
461,-8.099999999999998,-7.547999999999998,53900.023049999996,2.617487907409668
462,-5.699999999999998,-7.535999999999998,53800.023100000006,2.452899694442749
463,-7.499999999999998,-7.523999999999997,53700.02314999999,0.2554844617843628
464,-8.099999999999998,-7.523999999999998,53600.0232,5.8631744384765625
465,-7.499999999999998,-7.523999999999998,53500.02324999999,2.0727035999298096
466,-6.899999999999999,-7.511999999999998,53400.0233,2.7221391201019287
467,-5.699999999999998,-7.511999999999997,53300.023349999996,6.978478908538818
468,-8.099999999999998,-7.535999999999998,53200.023400000005,0.03731169551610947
469,-6.899999999999999,-7.499999999999997,53100.02345,2.5317893028259277
470,-7.499999999999998,-7.547999999999997,53000.0235,3.1324214935302734
471,-6.899999999999999,-7.511999999999998,52900.023550000005,0.0437985360622406
472,-7.499999999999998,-7.511999999999998,52800.0236,2.393371105194092
473,-6.299999999999999,-7.487999999999999,52700.02365,4.976922512054443
474,-6.299999999999999,-7.4879999999999995,52600.023700000005,0.0410589724779129
475,-7.499999999999998,-7.475999999999998,52500.02375,4.658080577850342
476,-8.099999999999998,-7.475999999999999,52400.0238,3.041116952896118
477,-8.099999999999998,-7.512,52300.023850000005,2.023252487182617
478,-6.299999999999999,-7.475999999999999,52200.0239,0.08482912927865982
479,-8.099999999999998,-7.487999999999999,52100.02395,5.82605504989624
480,-6.299999999999999,-7.451999999999998,52000.024000000005,0.2631358504295349
481,-8.099999999999998,-7.475999999999999,51900.02405,6.846165657043457
482,-8.099999999999998,-7.4879999999999995,51800.0241,2.9016027450561523
483,-6.899999999999999,-7.463999999999999,51700.024150000005,2.769918918609619
484,-7.499999999999998,-7.451999999999997,51600.0242,0.0848049446940422
485,-5.699999999999998,-7.415999999999998,51500.02425,0.45151200890541077
486,-6.899999999999999,-7.403999999999997,51400.024300000005,10.910136222839355
487,-6.899999999999999,-7.415999999999998,51300.02435,0.10142270475625992
488,-8.099999999999998,-7.403999999999997,51200.0244,4.655342102050781
489,-8.099999999999998,-7.392,51100.024450000004,0.15062686800956726
490,-5.099999999999998,-7.355999999999999,51000.0245,1.9562909603118896
491,-8.099999999999998,-7.3439999999999985,50900.02455,4.4282708168029785
492,-7.499999999999998,-7.319999999999998,50800.024600000004,1.807465672492981
493,-8.7,-7.331999999999998,50700.02465,6.798194408416748
494,-6.299999999999999,-7.295999999999998,50600.0247,0.18804053962230682
495,-8.099999999999998,-7.3199999999999985,50500.024750000004,0.05337993800640106
496,-8.099999999999998,-7.3199999999999985,50400.0248,0.3255627453327179
497,-8.099999999999998,-7.3439999999999985,50300.02485,0.04208468273282051
498,-5.699999999999998,-7.283999999999997,50200.024900000004,0.08485254645347595
499,-7.499999999999998,-7.271999999999997,50100.02495,6.932219505310059
500,-8.099999999999998,-7.295999999999999,50000.025,4.857314109802246
501,-6.899999999999999,-7.2719999999999985,49900.025050000004,0.0377737432718277
502,-8.7,-7.3199999999999985,49800.0251,0.07089076191186905
503,-7.499999999999998,-7.3199999999999985,49700.02515,8.407781600952148
504,-5.699999999999998,-7.2719999999999985,49600.025200000004,7.090154647827148
505,-7.499999999999998,-7.247999999999998,49500.02525,4.539846897125244
506,-7.499999999999998,-7.235999999999999,49400.0253,0.1307888925075531
507,-8.099999999999998,-7.247999999999999,49300.02535,7.259077072143555
508,-6.899999999999999,-7.235999999999999,49200.0254,0.19675923883914948
509,-7.499999999999998,-7.295999999999998,49100.02545,0.18184995651245117
510,-6.899999999999999,-7.283999999999999,49000.0255,2.611774444580078
511,-7.499999999999998,-7.2719999999999985,48900.02555,1.88009774684906
512,-8.099999999999998,-7.3199999999999985,48800.0256,0.05473345145583153
513,-7.499999999999998,-7.3199999999999985,48700.02565,4.813815116882324
514,-8.099999999999998,-7.3199999999999985,48600.0257,3.938573122024536
515,-7.499999999999998,-7.3199999999999985,48500.02575,3.0383925437927246
516,-2.699999999999998,-7.235999999999998,48400.0258,6.025466442108154
517,-7.499999999999998,-7.2719999999999985,48300.02585,2.2076947689056396
518,-5.099999999999998,-7.211999999999998,48200.0259,2.4249024391174316
519,-8.7,-7.247999999999998,48100.02595,7.932413578033447
520,-3.899999999999998,-7.175999999999998,48000.026,4.491648197174072
521,-8.099999999999998,-7.199999999999999,47900.02605,5.681619644165039
522,-7.499999999999998,-7.199999999999999,47800.0261,7.0304388999938965
523,-4.499999999999998,-7.163999999999999,47700.02615,2.667842149734497
524,-8.7,-7.211999999999998,47600.0262,2.2737040519714355
525,-7.499999999999998,-7.211999999999998,47500.02625,4.456398010253906
526,-8.099999999999998,-7.211999999999998,47400.0263,3.834064245223999
527,-8.099999999999998,-7.212,47300.02635,2.739229917526245
528,-7.499999999999998,-7.235999999999999,47200.0264,1.278868556022644
529,-8.099999999999998,-7.235999999999998,47100.02645,6.706352233886719
530,-8.7,-7.283999999999997,47000.0265,3.3160722255706787
531,-7.499999999999998,-7.2719999999999985,46900.02655,2.5745134353637695
532,-8.099999999999998,-7.2719999999999985,46800.0266,2.042473554611206
533,-8.099999999999998,-7.295999999999999,46700.02665,4.69445276260376
534,-7.499999999999998,-7.295999999999999,46600.0267,5.578927040100098
535,-7.499999999999998,-7.331999999999998,46500.02675,1.4485836029052734
536,-6.899999999999999,-7.331999999999998,46400.0268,7.380536079406738
537,-7.499999999999998,-7.3439999999999985,46300.026849999995,0.710457980632782
538,-7.499999999999998,-7.331999999999999,46200.0269,2.7393949031829834
539,-6.299999999999999,-7.295999999999998,46100.02695,2.4969594478607178
540,-6.299999999999999,-7.32,46000.026999999995,3.647385597229004
541,-6.899999999999999,-7.295999999999998,45900.02705,3.971202850341797
542,-8.099999999999998,-7.308,45800.0271,0.2559605538845062
543,-7.499999999999998,-7.283999999999999,45700.027149999994,0.6188304424285889
544,-5.099999999999998,-7.26,45600.0272,8.257543563842773
545,-6.899999999999999,-7.235999999999999,45500.02725,1.8236513137817383
546,-6.299999999999999,-7.199999999999999,45400.027299999994,1.3486496210098267
547,-8.7,-7.211999999999998,45300.02735,4.620866775512695
548,-7.499999999999998,-7.247999999999998,45200.0274,4.875494956970215
549,-7.499999999999998,-7.247999999999999,45100.027449999994,3.023068904876709
550,-7.499999999999998,-7.235999999999998,45000.0275,0.5150349736213684
551,-6.899999999999999,-7.235999999999999,44900.02755,1.4360640048980713
552,-6.899999999999999,-7.199999999999997,44800.027599999994,7.302579402923584
553,-8.7,-7.2239999999999975,44700.027649999996,2.8510801792144775
554,-5.699999999999998,-7.2239999999999975,44600.0277,1.3056259155273438
555,-8.099999999999998,-7.235999999999999,44500.027749999994,3.8700997829437256
556,-6.899999999999999,-7.223999999999998,44400.027799999996,1.9587780237197876
557,-6.899999999999999,-7.1999999999999975,44300.02785,3.385061264038086
558,-8.099999999999998,-7.223999999999998,44200.027899999994,3.799914836883545
559,-8.099999999999998,-7.235999999999999,44100.027949999996,1.0830307006835938
560,1.5,-7.068,44000.028,0.32431262731552124
561,-8.099999999999998,-7.079999999999999,43900.02804999999,4.048233509063721
562,-7.499999999999998,-7.068,43800.028099999996,4.136345386505127
563,-7.499999999999998,-7.067999999999999,43700.028150000006,2.460751533508301
564,-6.899999999999999,-7.043999999999999,43600.02820000001,0.03618393465876579
565,-8.099999999999998,-7.055999999999999,43500.02825000001,5.833917140960693
566,-8.7,-7.175999999999999,43400.028300000005,2.2969799041748047
567,-8.099999999999998,-7.187999999999999,43300.02835000001,0.16934937238693237
568,-8.099999999999998,-7.247999999999999,43200.02840000001,5.674284934997559
569,-8.099999999999998,-7.235999999999999,43100.028450000005,2.45390248298645
570,-8.7,-7.331999999999999,43000.02850000001,0.2506580352783203
571,-6.299999999999999,-7.295999999999999,42900.02855000001,6.248397350311279
572,-7.499999999999998,-7.295999999999998,42800.028600000005,4.56106424331665
573,-7.499999999999998,-7.355999999999999,42700.02865000001,2.247023582458496
574,-8.7,-7.355999999999998,42600.0287,2.270922899246216
575,-8.099999999999998,-7.3679999999999986,42500.028750000005,4.592836856842041
576,-7.499999999999998,-7.355999999999999,42400.02880000001,7.096885681152344
577,-8.099999999999998,-7.355999999999999,42300.02885,5.499144554138184
578,-8.7,-7.379999999999999,42200.028900000005,1.8911378383636475
579,-5.099999999999998,-7.3199999999999985,42100.02895000001,2.419271469116211
580,-6.899999999999999,-7.283999999999999,42000.029,0.10722792148590088
581,-8.099999999999998,-7.295999999999998,41900.029050000005,5.061744213104248
582,-4.499999999999998,-7.223999999999998,41800.02910000001,3.3200883865356445
583,-7.499999999999998,-7.211999999999998,41700.02915,4.462252616882324
584,-8.7,-7.235999999999998,41600.029200000004,0.23070505261421204
585,-7.499999999999998,-7.235999999999998,41500.02925000001,8.012730598449707
586,-7.499999999999998,-7.247999999999998,41400.0293,0.13797059655189514
587,-8.099999999999998,-7.259999999999999,41300.029350000004,6.614468574523926
588,-8.7,-7.283999999999999,41200.02940000001,0.5156441330909729
589,-7.499999999999998,-7.307999999999998,41100.02945,2.6503231525421143
590,-6.899999999999999,-7.319999999999998,41000.029500000004,2.3818252086639404
591,-7.499999999999998,-7.331999999999998,40900.02955000001,2.941606044769287
592,-8.7,-7.3439999999999985,40800.0296,0.17767468094825745
593,-6.299999999999999,-7.3199999999999985,40700.029650000004,0.46103209257125854
594,-7.499999999999998,-7.3679999999999986,40600.02970000001,2.422722339630127
595,-7.499999999999998,-7.379999999999999,40500.02975,0.7010043263435364
596,-4.499999999999998,-7.3439999999999985,40400.029800000004,2.161281108856201
597,-8.7,-7.3439999999999985,40300.029850000006,1.8365004062652588
598,-7.499999999999998,-7.3439999999999985,40200.0299,4.624331474304199
599,-8.099999999999998,-7.355999999999999,40100.029950000004,4.225020885467529
600,-6.299999999999999,-7.331999999999999,40000.030000000006,2.3826143741607666
601,-6.899999999999999,-7.331999999999998,39900.03005,3.7988009452819824
602,-6.899999999999999,-7.331999999999998,39800.0301,2.5546536445617676
603,-5.699999999999998,-7.2719999999999985,39700.030150000006,1.827472448348999
604,-7.499999999999998,-7.307999999999998,39600.0302,4.6376495361328125
605,-7.499999999999998,-7.295999999999998,39500.03025,4.456503391265869
606,-7.499999999999998,-7.308,39400.030300000006,2.0153744220733643
607,-8.7,-7.343999999999998,39300.03035,2.9680659770965576
608,-8.099999999999998,-7.343999999999999,39200.0304,4.350334644317627
609,-8.099999999999998,-7.343999999999999,39100.030450000006,4.4097700119018555
610,-6.299999999999999,-7.499999999999999,39000.0305,4.690481662750244
611,-7.499999999999998,-7.487999999999999,38900.03055,2.778285264968872
612,-8.7,-7.512,38800.030600000006,4.349822998046875
613,-6.899999999999999,-7.499999999999999,38700.03065,2.0582520961761475
614,-6.299999999999999,-7.487999999999999,38600.0307,5.505551815032959
615,-7.499999999999998,-7.475999999999999,38500.030750000005,0.9820547103881836
616,-7.499999999999998,-7.451999999999998,38400.0308,5.824858665466309
617,-6.899999999999999,-7.427999999999997,38300.03085,0.16647033393383026
618,-8.099999999999998,-7.427999999999998,38200.030900000005,6.415335655212402
619,-8.099999999999998,-7.428,38100.03095,1.3013474941253662
620,-8.7,-7.427999999999998,38000.031,2.182497024536133
621,-8.7,-7.475999999999998,37900.031050000005,2.1490719318389893
622,-7.499999999999998,-7.475999999999998,37800.0311,5.58052921295166
623,-6.899999999999999,-7.463999999999999,37700.03115,0.48252618312835693
624,-6.899999999999999,-7.427999999999997,37600.031200000005,0.07455353438854218
625,-8.099999999999998,-7.427999999999998,37500.03125,3.524543523788452
626,-7.499999999999998,-7.427999999999998,37400.0313,4.283380031585693
627,-7.499999999999998,-7.4159999999999995,37300.031350000005,13.78349494934082
628,-8.7,-7.415999999999998,37200.0314,2.2118937969207764
629,-7.499999999999998,-7.463999999999998,37100.03145,2.227067708969116
630,-6.899999999999999,-7.463999999999998,37000.031500000005,3.7868130207061768
631,-7.499999999999998,-7.451999999999998,36900.03155,0.457338809967041
632,-8.099999999999998,-7.523999999999998,36800.0316,3.9042248725891113
633,-8.099999999999998,-7.535999999999999,36700.031650000004,0.05465174466371536
634,-7.499999999999998,-7.512,36600.0317,7.380378246307373
635,-7.499999999999998,-7.511999999999998,36500.03175,3.596160888671875
636,-8.099999999999998,-7.523999999999998,36400.031800000004,5.581869602203369
637,-5.099999999999998,-7.4639999999999995,36300.03185,2.260455846786499
638,-7.499999999999998,-7.44,36200.0319,5.70560884475708
639,-8.7,-7.463999999999998,36100.031950000004,3.95436954498291
640,-8.7,-7.499999999999997,36000.032,2.019120693206787
641,-6.899999999999999,-7.487999999999999,35900.03205,9.42532730102539
642,-8.099999999999998,-7.475999999999999,35800.032100000004,5.048070907592773
643,-7.499999999999998,-7.5,35700.03215,4.561580657958984
644,-7.499999999999998,-7.499999999999999,35600.0322,2.4232242107391357
645,-8.7,-7.524,35500.03225,3.401275157928467
646,-8.099999999999998,-7.595999999999998,35400.0323,0.44567376375198364
647,-7.499999999999998,-7.571999999999999,35300.03235,3.6007211208343506
648,-7.499999999999998,-7.571999999999998,35200.0324,7.686182975769043
649,-8.099999999999998,-7.572,35100.03245,0.04416919872164726
650,-7.499999999999998,-7.595999999999999,35000.0325,5.407137870788574
651,-3.899999999999998,-7.535999999999998,34900.032549999996,4.8071112632751465
652,-7.499999999999998,-7.547999999999997,34800.0326,0.34051305055618286
653,-7.499999999999998,-7.583999999999999,34700.03265,0.10111040621995926
654,-8.7,-7.607999999999999,34600.032699999996,0.05407268553972244
655,-7.499999999999998,-7.607999999999999,34500.03275,5.5113043785095215
656,-5.099999999999998,-7.559999999999999,34400.0328,0.18457560241222382
657,-7.499999999999998,-7.535999999999999,34300.032849999996,1.484168529510498
658,-8.7,-7.547999999999998,34200.0329,1.9092602729797363
659,-6.899999999999999,-7.523999999999997,34100.03295,2.1339128017425537
660,-6.299999999999999,-7.523999999999998,34000.032999999996,5.338040828704834
661,-6.299999999999999,-7.5,33900.03305,0.29062408208847046
662,-6.899999999999999,-7.463999999999999,33800.0331,2.1592652797698975
663,-5.699999999999998,-7.439999999999999,33700.033149999996,2.2328619956970215
664,-6.899999999999999,-7.451999999999998,33600.0332,0.08885978162288666
665,-8.099999999999998,-7.463999999999999,33500.03325,1.4887911081314087
666,-8.099999999999998,-7.476,33400.033299999996,0.22265589237213135
667,-8.7,-7.512,33300.03335,0.06716915220022202
668,-6.299999999999999,-7.475999999999999,33200.0334,1.7761386632919312
669,-7.499999999999998,-7.463999999999998,33100.033449999995,0.1576198786497116
670,-6.899999999999999,-7.427999999999998,33000.0335,0.1346166729927063
671,-8.7,-7.427999999999998,32900.03355,1.6153150796890259
672,-8.099999999999998,-7.439999999999999,32800.033599999995,0.6712855100631714
673,-8.7,-7.475999999999998,32700.033649999994,0.47567808628082275
674,-8.099999999999998,-7.499999999999999,32600.033699999993,1.8981043100357056
675,-8.7,-7.512,32500.033749999995,1.6237136125564575
676,-4.499999999999998,-7.451999999999999,32400.033799999994,1.7698414325714111
677,-7.499999999999998,-7.451999999999998,32300.033849999993,1.790273666381836
678,-8.7,-7.451999999999998,32200.033899999995,8.080920219421387
679,-8.099999999999998,-7.463999999999999,32100.033949999994,1.9570960998535156
680,-8.7,-7.499999999999999,32000.033999999992,0.3334251344203949
681,-6.899999999999999,-7.487999999999997,31900.034049999995,0.06642042100429535
682,-6.899999999999999,-7.463999999999998,31800.034099999993,3.346017837524414
683,-8.099999999999998,-7.463999999999999,31700.034149999992,2.075411558151245
684,-5.099999999999998,-7.4159999999999995,31600.034199999995,0.09518271684646606
685,-8.7,-7.439999999999999,31500.034249999993,5.884770393371582
686,-8.099999999999998,-7.439999999999999,31400.034299999992,1.8658777475357056
687,-3.899999999999998,-7.4159999999999995,31300.034349999994,0.05438251793384552
688,-8.099999999999998,-7.427999999999998,31200.034400000004,1.9321168661117554
689,-7.499999999999998,-7.403999999999999,31100.034450000003,3.6181082725524902
690,-5.099999999999998,-7.331999999999999,31000.034500000005,5.934683799743652
691,-8.099999999999998,-7.355999999999999,30900.034550000004,0.39902135729789734
692,-6.899999999999999,-7.331999999999998,30800.034600000003,1.6510119438171387
693,-8.099999999999998,-7.3439999999999985,30700.034650000005,2.0378448963165283
694,-7.499999999999998,-7.343999999999999,30600.034700000004,0.11674812436103821
695,-3.899999999999998,-7.247999999999998,30500.034750000003,1.88106369972229
696,-8.099999999999998,-7.247999999999999,30400.034800000005,1.756143569946289
697,-7.499999999999998,-7.247999999999999,30300.034850000004,5.360518455505371
698,-8.099999999999998,-7.26,30200.034900000002,0.08861008286476135
699,-8.099999999999998,-7.26,30100.03495,0.0519615076482296
700,-5.099999999999998,-7.212000000000001,30000.035000000003,4.824862480163574
701,-7.499999999999998,-7.283999999999999,29900.035050000002,0.28209027647972107
702,-8.099999999999998,-7.295999999999999,29800.0351,1.7557395696640015
703,-8.7,-7.3199999999999985,29700.035150000003,3.6686928272247314
704,-7.499999999999998,-7.295999999999998,29600.035200000002,1.613099455833435
705,-8.7,-7.3199999999999985,29500.03525,2.1003928184509277
706,-5.699999999999998,-7.331999999999998,29400.035300000003,4.092150688171387
707,-8.099999999999998,-7.3439999999999985,29300.035350000002,1.9549826383590698
708,-8.099999999999998,-7.331999999999999,29200.0354,0.23858240246772766
709,-8.7,-7.3679999999999986,29100.035450000003,3.427788257598877
710,-7.499999999999998,-7.391999999999997,29000.0355,0.04190269485116005
711,-7.499999999999998,-7.4159999999999995,28900.03555,4.22184944152832
712,-8.7,-7.451999999999998,28800.035600000003,0.12669767439365387
713,-8.099999999999998,-7.499999999999999,28700.03565,5.388411521911621
714,-8.099999999999998,-7.523999999999998,28600.0357,3.7075159549713135
715,-7.499999999999998,-7.512,28500.035750000003,2.091705322265625
716,-8.099999999999998,-7.512,28400.0358,2.184173345565796
717,-6.299999999999999,-7.4639999999999995,28300.03585,0.15413561463356018
718,-7.499999999999998,-7.487999999999999,28200.035900000003,0.304235577583313
719,-8.099999999999998,-7.499999999999999,28100.03595,1.9398857355117798
720,-8.099999999999998,-7.524,28000.036,1.8959460258483887
721,-7.499999999999998,-7.499999999999997,27900.036050000002,0.06803927570581436
722,-7.499999999999998,-7.487999999999999,27800.0361,0.16144797205924988
723,-8.099999999999998,-7.475999999999998,27700.03615,3.7371554374694824
724,-6.299999999999999,-7.439999999999999,27600.036200000002,5.681797027587891
725,-5.099999999999998,-7.3679999999999986,27500.03625,4.923863887786865
726,-6.899999999999999,-7.415999999999998,27400.0363,1.8920830488204956
727,-8.099999999999998,-7.427999999999997,27300.036350000002,3.601489305496216
728,-5.099999999999998,-7.355999999999999,27200.0364,0.19286110997200012
729,-7.499999999999998,-7.3439999999999985,27100.03645,3.7364885807037354
730,-8.099999999999998,-7.331999999999998,27000.036500000002,4.110616207122803
731,-8.7,-7.3679999999999986,26900.03655,0.22220481932163239
732,-7.499999999999998,-7.379999999999998,26800.0366,3.506220579147339
733,-8.7,-7.391999999999999,26700.03665,2.2218775749206543
734,-7.499999999999998,-7.439999999999999,26600.0367,0.1240936741232872
735,-8.099999999999998,-7.428,26500.03675,3.393824577331543
736,-8.099999999999998,-7.428,26400.036799999998,2.881592273712158
737,-7.499999999999998,-7.499999999999999,26300.03685,3.3539373874664307
738,-8.099999999999998,-7.499999999999999,26200.0369,0.035639263689517975
739,-6.299999999999999,-7.475999999999999,26100.036949999998,3.560098886489868
740,-8.099999999999998,-7.535999999999999,26000.037,1.868809700012207
741,-8.099999999999998,-7.535999999999999,25900.03705,0.28272390365600586
742,-5.699999999999998,-7.511999999999998,25800.037099999998,3.4767065048217773
743,-8.099999999999998,-7.511999999999998,25700.03715,1.4386032819747925
744,-7.499999999999998,-7.511999999999998,25600.0372,3.264237880706787
745,-7.499999999999998,-7.583999999999999,25500.037249999998,1.6528947353363037
746,-8.7,-7.595999999999998,25400.0373,0.09334758669137955
747,-7.499999999999998,-7.595999999999998,25300.03735,1.731392741203308
748,-8.099999999999998,-7.595999999999999,25200.037399999997,0.07431062310934067
749,-6.899999999999999,-7.571999999999998,25100.03745,2.184805154800415
750,-8.7,-7.6439999999999975,25000.0375,3.878417730331421
751,-7.499999999999998,-7.6439999999999975,24900.037549999997,1.9459646940231323
752,-6.899999999999999,-7.619999999999997,24800.0376,2.0968782901763916
753,-6.899999999999999,-7.583999999999996,24700.03765,4.117768287658691
754,-6.899999999999999,-7.571999999999998,24600.037699999997,0.07553738355636597
755,-8.7,-7.571999999999997,24500.03775,3.738023519515991
756,-8.099999999999998,-7.619999999999999,24400.0378,4.727013111114502
757,-5.699999999999998,-7.571999999999998,24300.037849999997,0.04421600326895714
758,-7.499999999999998,-7.559999999999999,24200.0379,5.585675239562988
759,-8.099999999999998,-7.547999999999999,24100.037949999998,0.06970441341400146
760,-8.099999999999998,-7.56,24000.037999999997,1.6171941757202148
761,-8.7,-7.583999999999999,23900.03805,2.532346725463867
762,-8.099999999999998,-7.571999999999999,23800.038099999998,0.13173145055770874
763,-7.499999999999998,-7.559999999999999,23700.038149999997,1.8876432180404663
764,-6.899999999999999,-7.535999999999998,23600.0382,3.586454391479492
765,-6.899999999999999,-7.523999999999997,23500.038249999998,1.9286810159683228
766,-8.099999999999998,-7.523999999999998,23400.038299999997,2.0974504947662354
767,-7.499999999999998,-7.547999999999999,23300.03835,4.55268669128418
768,-8.099999999999998,-7.559999999999999,23200.038399999998,1.7927438020706177
769,-6.899999999999999,-7.535999999999999,23100.038449999996,0.3431708812713623
770,-8.099999999999998,-7.535999999999998,23000.038499999995,3.41253924369812
771,-6.299999999999999,-7.512,22900.038549999997,1.6845616102218628
772,-7.499999999999998,-7.511999999999998,22800.038599999996,3.3434901237487793
773,-2.699999999999998,-7.403999999999997,22700.038649999995,1.508623719215393
774,-7.499999999999998,-7.427999999999998,22600.038699999997,0.28827744722366333
775,-6.899999999999999,-7.463999999999999,22500.038749999996,2.0850307941436768
776,-7.499999999999998,-7.475999999999996,22400.038799999995,1.4622210264205933
777,-7.499999999999998,-7.463999999999999,22300.038849999997,3.2562105655670166
778,-8.099999999999998,-7.523999999999998,22200.038899999996,0.10978922247886658
779,-8.099999999999998,-7.535999999999999,22100.038949999995,1.7129766941070557
780,-7.499999999999998,-7.523999999999998,22000.038999999997,1.7149521112442017
781,-7.499999999999998,-7.499999999999999,21900.039049999996,0.18696752190589905
782,-8.099999999999998,-7.511999999999998,21800.039099999995,2.060330867767334
783,-6.899999999999999,-7.475999999999999,21700.039149999997,1.4398401975631714
784,-8.7,-7.4999999999999964,21600.039199999996,5.098057746887207
785,-7.499999999999998,-7.487999999999999,21500.039249999994,0.06036180630326271
786,-8.099999999999998,-7.4879999999999995,21400.039299999997,5.16317892074585
787,-7.499999999999998,-7.4879999999999995,21300.039349999995,1.7315958738327026
788,-7.499999999999998,-7.475999999999998,21200.039399999994,0.12139294296503067
789,-5.699999999999998,-7.463999999999999,21100.039449999997,1.9318517446517944
790,-6.299999999999999,-7.427999999999998,21000.039499999995,4.484338283538818
791,-7.499999999999998,-7.4159999999999995,20900.039549999994,2.0528697967529297
792,-8.099999999999998,-7.463999999999999,20800.039599999996,1.975567102432251
793,-7.499999999999998,-7.451999999999999,20700.039649999995,1.833116054534912
794,-8.099999999999998,-7.463999999999999,20600.039699999994,1.7635369300842285
795,-8.099999999999998,-7.475999999999999,20500.039749999996,6.35016393661499
796,-8.099999999999998,-7.463999999999999,20400.039799999995,5.052133560180664
797,-8.099999999999998,-7.475999999999999,20300.039849999994,1.6407500505447388
798,-7.499999999999998,-7.463999999999999,20200.039899999996,1.7131624221801758
799,-8.099999999999998,-7.487999999999999,20100.039949999995,0.14152690768241882
800,-8.7,-7.487999999999999,20000.039999999994,1.9775102138519287
801,-7.499999999999998,-7.487999999999999,19900.040049999996,0.11185277998447418
802,-7.499999999999998,-7.499999999999997,19800.040099999995,3.2247042655944824
803,-8.099999999999998,-7.523999999999998,19700.040149999993,0.05995998531579971
804,-8.099999999999998,-7.547999999999999,19600.040199999992,3.1909947395324707
805,-6.899999999999999,-7.511999999999998,19500.040249999995,2.9823718070983887
806,-6.299999999999999,-7.475999999999998,19400.040299999993,0.1570490002632141
807,-6.899999999999999,-7.499999999999997,19300.040349999992,2.0129873752593994
808,-8.099999999999998,-7.511999999999998,19200.040399999994,3.5202412605285645
809,-7.499999999999998,-7.499999999999997,19100.040449999993,3.9236130714416504
810,-7.499999999999998,-7.487999999999999,19000.040499999992,2.0781311988830566
811,-8.099999999999998,-7.475999999999999,18900.040549999994,5.182375907897949
812,-7.499999999999998,-7.463999999999999,18800.040599999993,1.49861478805542
813,-8.099999999999998,-7.475999999999999,18700.040650000003,1.6444799900054932
814,-8.099999999999998,-7.5,18600.040700000005,3.474252700805664
815,-8.099999999999998,-7.523999999999998,18500.040750000004,0.059902843087911606
816,-8.099999999999998,-7.523999999999998,18400.040800000002,0.07183610647916794
817,-6.299999999999999,-7.499999999999999,18300.040850000005,5.522712707519531
818,-4.499999999999998,-7.427999999999998,18200.040900000004,3.5063812732696533
819,-8.099999999999998,-7.451999999999998,18100.040950000002,6.983410835266113
820,-7.499999999999998,-7.439999999999998,18000.041000000005,1.7434030771255493
821,-6.899999999999999,-7.451999999999998,17900.041050000003,3.3415944576263428
822,-6.899999999999999,-7.439999999999998,17800.041100000002,5.800307273864746
823,-7.499999999999998,-7.535999999999997,17700.041150000005,1.862847089767456
824,-8.099999999999998,-7.547999999999999,17600.041200000003,3.9277400970458984
825,-7.499999999999998,-7.559999999999999,17500.041250000002,1.7822259664535522
826,-8.099999999999998,-7.571999999999998,17400.041300000004,0.10096515715122223
827,-8.099999999999998,-7.583999999999999,17300.041350000003,0.21022652089595795
828,-6.299999999999999,-7.547999999999999,17200.041400000002,4.772927284240723
829,-7.499999999999998,-7.535999999999998,17100.041450000004,1.6253998279571533
830,-6.899999999999999,-7.523999999999997,17000.041500000003,0.10763803869485855
831,-7.499999999999998,-7.523999999999998,16900.04155,3.5736992359161377
832,-7.499999999999998,-7.511999999999998,16800.041600000004,2.021862506866455
833,-3.299999999999998,-7.439999999999999,16700.041650000003,0.39862823486328125
834,-7.499999999999998,-7.4159999999999995,16600.0417,1.7986910343170166
835,-6.899999999999999,-7.403999999999999,16500.041750000004,0.12186455726623535
836,-8.099999999999998,-7.403999999999999,16400.041800000003,0.4555312991142273
837,-6.899999999999999,-7.391999999999999,16300.041850000001,1.5390328168869019
838,-7.499999999999998,-7.391999999999999,16200.041900000002,0.12577982246875763
839,-8.099999999999998,-7.439999999999999,16100.041950000003,1.7012604475021362
840,-8.7,-7.487999999999999,16000.042000000001,3.5565054416656494
841,-7.499999999999998,-7.487999999999999,15900.042050000002,0.32194215059280396
842,-8.7,-7.499999999999997,15800.042100000002,2.0592713356018066
843,-6.899999999999999,-7.487999999999999,15700.042150000001,3.6456222534179688
844,-8.099999999999998,-7.487999999999999,15600.042200000002,2.9459457397460938
845,-7.499999999999998,-7.475999999999999,15500.042250000002,3.7678658962249756
846,-7.499999999999998,-7.463999999999998,15400.042300000001,0.2081892490386963
847,-6.299999999999999,-7.427999999999998,15300.042350000002,1.697831630706787
848,-6.899999999999999,-7.415999999999998,15200.042400000002,1.8348671197891235
849,-8.099999999999998,-7.4159999999999995,15100.04245,1.6295325756072998
850,-8.099999999999998,-7.403999999999999,15000.042500000001,3.334939479827881
851,-7.499999999999998,-7.403999999999999,14900.04255,4.835986137390137
852,-8.099999999999998,-7.4159999999999995,14800.0426,1.7752599716186523
853,-6.299999999999999,-7.379999999999999,14700.042650000001,6.759726524353027
854,-8.099999999999998,-7.379999999999999,14600.0427,3.250514030456543
855,-7.499999999999998,-7.391999999999999,14500.04275,2.0088486671447754
856,-6.299999999999999,-7.3919999999999995,14400.042800000001,0.25563082098960876
857,-8.7,-7.427999999999998,14300.04285,3.2836861610412598
858,-7.499999999999998,-7.415999999999998,14200.0429,8.277713775634766
859,-6.299999999999999,-7.391999999999999,14100.042950000001,1.8131637573242188
860,-6.299999999999999,-7.367999999999999,14000.043,0.13945186138153076
861,-8.7,-7.379999999999998,13900.04305,1.946459412574768
862,-8.099999999999998,-7.3919999999999995,13800.0431,4.373943328857422
863,-7.499999999999998,-7.379999999999999,13700.04315,2.931758165359497
864,-7.499999999999998,-7.367999999999999,13600.0432,3.357240915298462
865,-5.099999999999998,-7.308,13500.04325,2.0361740589141846
866,-7.499999999999998,-7.295999999999999,13400.0433,0.13260051608085632
867,-6.299999999999999,-7.295999999999999,13300.04335,0.11240030825138092
868,-8.099999999999998,-7.3679999999999986,13200.043399999999,3.8452672958374023
869,-7.499999999999998,-7.355999999999999,13100.04345,1.39531409740448
870,-6.899999999999999,-7.3439999999999985,13000.0435,1.8088699579238892
871,-6.899999999999999,-7.343999999999998,12900.043549999999,3.2731571197509766
872,-8.7,-7.379999999999996,12800.043599999999,3.106116771697998
873,-8.099999999999998,-7.3919999999999995,12700.04365,0.22639305889606476
874,-5.699999999999998,-7.3439999999999985,12600.043699999998,0.06906039267778397
875,-7.499999999999998,-7.343999999999998,12500.043749999999,0.018308408558368683
876,-7.499999999999998,-7.331999999999998,12400.0438,1.3874863386154175
877,-8.099999999999998,-7.331999999999998,12300.043849999998,3.476626396179199
878,-7.499999999999998,-7.355999999999999,12200.043899999999,3.5015993118286133
879,-8.099999999999998,-7.367999999999999,12100.04395,1.860201358795166
880,-8.099999999999998,-7.391999999999999,12000.043999999998,1.5588303804397583
881,-7.499999999999998,-7.391999999999999,11900.044049999999,1.6989080905914307
882,-8.099999999999998,-7.403999999999999,11800.0441,3.1487526893615723
883,-6.899999999999999,-7.475999999999999,11700.044149999998,1.9110500812530518
884,-6.899999999999999,-7.463999999999999,11600.044199999998,1.3864827156066895
885,-8.7,-7.499999999999999,11500.044249999997,3.708324909210205
886,-6.899999999999999,-7.475999999999998,11400.044299999998,3.153064250946045
887,-8.099999999999998,-7.499999999999999,11300.044349999998,0.08115461468696594
888,-7.499999999999998,-7.5,11200.044399999997,1.345109462738037
889,-6.299999999999999,-7.4639999999999995,11100.044449999998,1.2641940116882324
890,-8.099999999999998,-7.451999999999999,11000.044499999998,1.9262443780899048
891,-6.299999999999999,-7.427999999999998,10900.044549999997,3.2366631031036377
892,-8.099999999999998,-7.4159999999999995,10800.044599999997,0.13822877407073975
893,-5.699999999999998,-7.3919999999999995,10700.044649999998,5.12069845199585
894,-7.499999999999998,-7.379999999999999,10600.044699999997,0.1637607216835022
895,-6.899999999999999,-7.367999999999998,10500.044749999997,1.3634766340255737
896,-6.899999999999999,-7.355999999999997,10400.044799999998,0.09732180088758469
897,-8.099999999999998,-7.391999999999999,10300.044849999997,3.0944769382476807
898,-7.499999999999998,-7.403999999999999,10200.044899999997,0.03161437436938286
899,-8.099999999999998,-7.403999999999999,10100.044949999998,3.503894805908203
900,-8.099999999999998,-7.403999999999999,10000.044999999996,0.0450504869222641
901,-6.299999999999999,-7.379999999999999,9900.045049999997,0.24463650584220886
902,-8.099999999999998,-7.379999999999999,9800.045099999996,4.984557628631592
903,-8.099999999999998,-7.4159999999999995,9700.045149999996,3.4361860752105713
904,-5.099999999999998,-7.355999999999999,9600.045199999997,1.9327175617218018
905,-5.699999999999998,-7.3199999999999985,9500.045249999996,0.09352926909923553
906,-6.899999999999999,-7.331999999999997,9400.045299999996,0.1929466724395752
907,-8.099999999999998,-7.319999999999998,9300.045349999997,1.5184907913208008
908,-6.899999999999999,-7.307999999999997,9200.045399999995,0.11625400185585022
909,-7.499999999999998,-7.331999999999997,9100.045449999996,0.08280326426029205
910,-8.7,-7.379999999999998,9000.045499999997,3.6566238403320312
911,-8.099999999999998,-7.3679999999999986,8900.045549999995,2.0067272186279297
912,-7.499999999999998,-7.355999999999999,8800.045599999996,1.7413053512573242
913,-8.099999999999998,-7.3679999999999986,8700.045649999996,0.08719893544912338
914,-6.299999999999999,-7.343999999999999,8600.045699999995,6.479432106018066
915,-6.899999999999999,-7.379999999999999,8500.045749999996,1.8486173152923584
916,-8.099999999999998,-7.3919999999999995,8400.045799999996,0.7011507749557495
917,-7.499999999999998,-7.4159999999999995,8300.045849999995,1.8172023296356201
918,-6.899999999999999,-7.391999999999999,8200.045899999996,3.501901149749756
919,-7.499999999999998,-7.391999999999999,8100.045949999996,3.443934440612793
920,-6.899999999999999,-7.391999999999999,8000.045999999996,1.68998384475708
921,-6.899999999999999,-7.391999999999997,7900.046049999996,2.0802230834960938
922,-7.499999999999998,-7.367999999999998,7800.046099999996,3.4983067512512207
923,-7.499999999999998,-7.355999999999998,7700.046149999996,0.08511988818645477
924,-5.699999999999998,-7.355999999999998,7600.046199999995,3.531254768371582
925,-8.7,-7.379999999999998,7500.046249999996,1.4778227806091309
926,-6.299999999999999,-7.355999999999999,7400.046299999995,7.8050432205200195
927,-6.899999999999999,-7.331999999999998,7300.046349999995,1.8546364307403564
928,-8.099999999999998,-7.3439999999999985,7200.046399999996,1.4828760623931885
929,-7.499999999999998,-7.331999999999998,7100.046449999995,1.4294465780258179
930,-7.499999999999998,-7.319999999999998,7000.046499999995,2.8858230113983154
931,-5.099999999999998,-7.271999999999999,6900.046549999995,0.03540821373462677
932,-6.299999999999999,-7.235999999999999,6800.046599999995,5.003844261169434
933,-8.7,-7.2719999999999985,6700.046649999995,1.6786668300628662
934,-8.7,-7.307999999999997,6600.046699999994,0.17689943313598633
935,-7.499999999999998,-7.283999999999999,6500.046749999995,4.750576972961426
936,-9.299999999999999,-7.331999999999998,6400.046799999995,1.6860318183898926
937,-8.099999999999998,-7.331999999999999,6300.046849999994,0.028035853058099747
938,-2.699999999999998,-7.235999999999999,6200.046900000006,0.08621606230735779
939,-6.899999999999999,-7.247999999999998,6100.046950000005,6.301816940307617
940,-7.499999999999998,-7.235999999999998,6000.047000000005,0.12242989242076874
941,-6.899999999999999,-7.2479999999999976,5900.047050000006,3.0800023078918457
942,-7.499999999999998,-7.235999999999999,5800.047100000005,5.320492744445801
943,-8.099999999999998,-7.283999999999999,5700.047150000005,6.479125022888184
944,-5.699999999999998,-7.247999999999998,5600.047200000005,4.739181041717529
945,-6.299999999999999,-7.235999999999998,5500.047250000005,2.2762606143951416
946,-6.299999999999999,-7.223999999999998,5400.047300000005,1.5861173868179321
947,-8.099999999999998,-7.224,5300.047350000004,0.1076299250125885
948,-8.099999999999998,-7.235999999999999,5200.047400000005,0.3573463559150696
949,-6.899999999999999,-7.211999999999998,5100.047450000005,1.6734685897827148
950,-6.899999999999999,-7.187999999999997,5000.047500000004,0.11291912198066711
951,-8.099999999999998,-7.223999999999998,4900.047550000005,1.4413325786590576
952,-8.099999999999998,-7.224,4800.047600000004,1.784183382987976
953,-6.899999999999999,-7.199999999999999,4700.047650000004,1.61165189743042
954,-8.099999999999998,-7.259999999999998,4600.047700000004,3.4272427558898926
955,-8.7,-7.3199999999999985,4500.047750000004,1.6899415254592896
956,-6.899999999999999,-7.319999999999998,4400.047800000004,1.6984518766403198
957,-6.899999999999999,-7.295999999999997,4300.047850000004,0.08612379431724548
958,-7.499999999999998,-7.307999999999997,4200.047900000004,0.25759777426719666
959,-6.899999999999999,-7.295999999999998,4100.047950000004,1.583594560623169
960,-8.099999999999998,-7.283999999999999,4000.0480000000034,0.06950677186250687
961,-8.099999999999998,-7.283999999999999,3900.0480500000035,3.3816745281219482
962,-7.499999999999998,-7.283999999999999,3800.0481000000036,1.7965177297592163
963,-8.7,-7.295999999999998,3700.0481500000033,1.367631196975708
964,-5.699999999999998,-7.283999999999999,3600.0482000000034,3.247967004776001
965,-7.499999999999998,-7.295999999999998,3500.048250000003,4.954896926879883
966,-8.099999999999998,-7.295999999999999,3400.048300000003,0.07686019688844681
967,-8.099999999999998,-7.308,3300.048350000003,1.9391406774520874
968,-6.299999999999999,-7.295999999999999,3200.048400000003,1.4944766759872437
969,-5.699999999999998,-7.259999999999998,3100.048450000003,4.70701265335083
970,-7.499999999999998,-7.271999999999997,3000.0485000000026,1.8350446224212646
971,-8.099999999999998,-7.295999999999999,2900.0485500000027,1.5839530229568481
972,-8.099999999999998,-7.308,2800.048600000003,1.6818492412567139
973,-7.499999999999998,-7.308,2700.0486500000025,4.167301177978516
974,-8.7,-7.3679999999999986,2600.0487000000026,1.5408380031585693
975,-6.899999999999999,-7.331999999999998,2500.048750000002,1.3932570219039917
976,-7.499999999999998,-7.355999999999998,2400.0488000000023,5.294312000274658
977,-7.499999999999998,-7.3679999999999986,2300.048850000002,3.272040843963623
978,-7.499999999999998,-7.355999999999999,2200.048900000002,1.4221733808517456
979,-7.499999999999998,-7.355999999999999,2100.048950000002,0.2319645881652832
980,-6.299999999999999,-7.331999999999999,2000.0490000000016,3.4037296772003174
981,-6.899999999999999,-7.3679999999999986,1900.0490500000017,7.216278076171875
982,-7.499999999999998,-7.391999999999999,1800.0491000000015,1.7026410102844238
983,-6.899999999999999,-7.355999999999998,1700.0491500000014,4.900901794433594
984,-7.499999999999998,-7.331999999999998,1600.0492000000013,1.617577314376831
985,-6.899999999999999,-7.3199999999999985,1500.0492500000012,4.963797569274902
986,-7.499999999999998,-7.283999999999999,1400.0493000000013,1.5362207889556885
987,-8.7,-7.295999999999998,1300.0493500000011,1.6109325885772705
988,-8.099999999999998,-7.403999999999999,1200.049400000001,0.11709503829479218
989,-8.099999999999998,-7.428,1100.049450000001,4.921569347381592
990,-6.899999999999999,-7.4159999999999995,1000.0495000000008,0.24037188291549683
991,-8.099999999999998,-7.44,900.0495500000007,0.0723019689321518
992,-7.499999999999998,-7.44,800.0496000000006,0.2529603838920593
993,-8.099999999999998,-7.44,700.0496500000006,3.2191758155822754
994,-8.099999999999998,-7.4879999999999995,600.0497000000005,1.594085693359375
995,-8.099999999999998,-7.524,500.0497500000004,0.16512121260166168
996,-8.099999999999998,-7.56,400.04980000000035,0.09615379571914673
997,-8.099999999999998,-7.56,300.0498500000003,4.864309787750244
998,-8.099999999999998,-7.559999999999999,200.04990000000018,1.495459794998169
999,-7.499999999999998,-7.571999999999998,100.04995000000008,0.11110411584377289
1000,-8.7,-7.607999999999999,0.05,3.2533233165740967
1001,3.8999999999999986,-7.3679999999999986,0.05,1.7594457864761353
1002,2.0000000000000013,-7.1659999999999995,0.05,2.019488573074341
1003,2.0000000000000013,-6.987999999999999,0.05,1.649505853652954
1004,3.9999999999999982,-6.745999999999999,0.05,6.843096733093262
1005,3.8999999999999986,-6.494,0.05,2.6695897579193115
1006,4.4999999999999964,-6.265999999999999,0.05,0.15887627005577087
1007,3.8999999999999986,-6.05,0.05,6.781882286071777
1008,2.0000000000000013,-5.86,0.05,4.414981365203857
1009,2.0000000000000013,-5.6819999999999995,0.05,3.0027928352355957
1010,6.099999999999994,-5.398,0.05,3.1727988719940186
1011,2.0000000000000013,-5.195999999999999,0.05,0.12543480098247528
1012,3.8999999999999986,-4.967999999999999,0.05,3.5835514068603516
1013,2.700000000000002,-4.739999999999999,0.05,1.6093405485153198
1014,2.0000000000000013,-4.585999999999999,0.05,3.601274013519287
1015,2.0000000000000013,-4.395999999999999,0.05,0.28152698278427124
1016,3.6999999999999993,-4.159999999999999,0.05,1.677532434463501
1017,2.0000000000000013,-3.9579999999999997,0.05,3.26821231842041
1018,3.8999999999999986,-3.753999999999999,0.05,1.4817672967910767
1019,2.0000000000000013,-3.5999999999999996,0.05,1.6125751733779907
1020,2.0000000000000013,-3.4099999999999993,0.05,0.047072216868400574
1021,3.8999999999999986,-3.1699999999999995,0.05,0.2080637514591217
1022,2.0000000000000013,-2.967999999999999,0.05,0.17140725255012512
1023,3.8999999999999986,-2.7399999999999993,0.05,0.05141709744930267
1024,2.0000000000000013,-2.525999999999999,0.05,0.373674601316452
1025,8.399999999999986,-2.2199999999999993,0.05,1.8042197227478027
1026,2.0000000000000013,-2.0299999999999994,0.05,5.112359523773193
1027,3.5999999999999996,-1.8079999999999996,0.05,2.9964587688446045
1028,3.1000000000000014,-1.5959999999999996,0.05,4.428332328796387
1029,2.0000000000000013,-1.4059999999999997,0.05,1.8379420042037964
1030,3.8999999999999986,-1.2019999999999995,0.05,6.153735160827637
1031,2.0000000000000013,-1.0239999999999996,0.05,3.407127857208252
1032,3.8999999999999986,-0.7959999999999995,0.05,4.851835250854492
1033,2.0000000000000013,-0.6179999999999995,0.05,4.644181251525879
1034,3.8999999999999986,-0.38999999999999957,0.05,1.6074988842010498
1035,4.299999999999997,-0.16599999999999965,0.05,2.9134252071380615
1036,3.8999999999999986,0.06200000000000021,0.05,5.134133815765381
1037,2.0000000000000013,0.27600000000000025,0.05,3.064876079559326
1038,3.8999999999999986,0.5160000000000002,0.05,1.3688908815383911
1039,3.8999999999999986,0.7560000000000001,0.05,0.15175411105155945
1040,3.3000000000000007,0.96,0.05,1.1810044050216675
1041,2.0000000000000013,1.162,0.05,1.63918936252594
1042,3.8999999999999986,1.39,0.05,1.5366982221603394
1043,2.0000000000000013,1.5919999999999999,0.05,1.6832468509674072
1044,2.0000000000000013,1.7939999999999998,0.05,5.776373386383057
1045,2.900000000000002,2.014,0.05,1.5598456859588623
1046,2.0000000000000013,2.2159999999999997,0.05,1.4504404067993164
1047,2.0000000000000013,2.4179999999999997,0.05,3.164536952972412
1048,2.0000000000000013,2.62,0.05,1.6305958032608032
1049,2.0000000000000013,2.81,0.05,2.176135540008545
1050,2.0000000000000013,3.0239999999999996,0.05,3.384556531906128
1051,3.8999999999999986,3.0240000000000005,0.05,4.481498718261719
1052,2.900000000000002,3.042,0.05,0.12735852599143982
1053,2.2000000000000015,3.046,0.05,1.4372109174728394
1054,2.0000000000000013,3.006,0.05,0.15748843550682068
1055,2.0000000000000013,2.9679999999999995,0.05,2.8974225521087646
1056,3.8999999999999986,2.9559999999999995,0.05,4.825989723205566
1057,2.0000000000000013,2.918,0.05,3.58089280128479
1058,2.2000000000000015,2.9219999999999997,0.05,1.7831568717956543
1059,3.799999999999999,2.9579999999999997,0.05,3.3314356803894043
1060,2.0000000000000013,2.8760000000000003,0.05,0.1569308042526245
1061,2.0000000000000013,2.8760000000000003,0.05,4.166901111602783
1062,3.8999999999999986,2.876000000000001,0.05,1.850160002708435
1063,3.0000000000000018,2.8819999999999997,0.05,4.509820938110352
1064,2.0000000000000013,2.8820000000000006,0.05,0.0956626832485199
1065,2.0000000000000013,2.8820000000000006,0.05,2.7238895893096924
1066,3.6999999999999993,2.8820000000000006,0.05,1.527145504951477
1067,2.0000000000000013,2.8819999999999997,0.05,1.9079830646514893
1068,3.3000000000000007,2.8700000000000006,0.05,3.0094153881073
1069,3.6999999999999993,2.904,0.05,7.1963324546813965
1070,2.0000000000000013,2.904,0.05,0.18465641140937805
1071,6.099999999999994,2.948,0.05,1.8096481561660767
1072,3.8999999999999986,2.986,0.05,0.0797722339630127
1073,3.6999999999999993,2.9819999999999998,0.05,3.5752322673797607
1074,3.8999999999999986,3.0199999999999996,0.05,0.2579244375228882
1075,3.8999999999999986,2.9300000000000006,0.05,2.954935073852539
1076,2.0000000000000013,2.9300000000000006,0.05,0.04022401571273804
1077,3.8999999999999986,2.936000000000001,0.05,0.10994014143943787
1078,3.8999999999999986,2.9520000000000004,0.05,2.151907205581665
1079,3.8999999999999986,2.9900000000000007,0.05,3.095533847808838
1080,2.0000000000000013,2.9520000000000004,0.05,4.854431629180908
1081,3.8999999999999986,2.9900000000000007,0.05,1.63902747631073
1082,3.8999999999999986,2.9900000000000007,0.05,5.003466606140137
1083,3.8999999999999986,3.0280000000000005,0.05,2.931912660598755
1084,8.399999999999986,3.1180000000000003,0.05,0.15727536380290985
1085,3.8999999999999986,3.1099999999999994,0.05,0.2488643378019333
1086,3.8999999999999986,3.11,0.05,2.0724523067474365
1087,3.8999999999999986,3.148,0.05,0.18945956230163574
1088,2.0000000000000013,3.11,0.05,0.1636679321527481
1089,2.0000000000000013,3.071999999999999,0.05,0.09494620561599731
1090,3.8999999999999986,3.0840000000000005,0.05,0.11927102506160736
1091,2.0000000000000013,3.0839999999999996,0.05,2.9343738555908203
1092,2.0000000000000013,3.0460000000000003,0.05,0.18719619512557983
1093,2.0000000000000013,3.046,0.05,2.388918399810791
1094,3.200000000000001,3.07,0.05,4.7345757484436035
1095,3.8999999999999986,3.0899999999999994,0.05,1.6934006214141846
1096,3.8999999999999986,3.128,0.05,3.14224910736084
1097,3.8999999999999986,3.1660000000000004,0.05,1.9051852226257324
1098,3.8999999999999986,3.2039999999999997,0.05,3.20707631111145
1099,3.8999999999999986,3.242,0.05,1.6959173679351807
1100,4.4999999999999964,3.292,0.05,6.136690139770508
1101,3.8999999999999986,3.292,0.05,1.8254085779190063
1102,4.799999999999995,3.3299999999999996,0.05,3.9748685359954834
1103,3.8999999999999986,3.363999999999999,0.05,3.39141845703125
1104,2.0000000000000013,3.364,0.05,0.6021026372909546
1105,3.8999999999999986,3.4019999999999992,0.05,5.016796588897705
1106,3.8999999999999986,3.4019999999999997,0.05,1.6051757335662842
1107,3.8999999999999986,3.44,0.05,4.3011345863342285
1108,3.8999999999999986,3.4739999999999998,0.05,3.622774124145508
1109,3.8999999999999986,3.4759999999999995,0.05,3.151968479156494
1110,2.0000000000000013,3.4759999999999995,0.05,3.59621000289917
1111,3.8999999999999986,3.5139999999999993,0.05,0.3689819574356079
1112,4.999999999999995,3.5359999999999996,0.05,0.0801960825920105
1113,3.8999999999999986,3.5539999999999994,0.05,1.3239964246749878
1114,3.8999999999999986,3.591999999999999,0.05,0.03848806396126747
1115,3.8999999999999986,3.629999999999999,0.05,3.5795578956604004
1116,3.8999999999999986,3.633999999999999,0.05,3.6329731941223145
1117,3.8999999999999986,3.6719999999999993,0.05,3.3268468379974365
1118,3.8999999999999986,3.683999999999999,0.05,0.0836799293756485
1119,3.8999999999999986,3.687999999999999,0.05,0.2304450273513794
1120,3.8999999999999986,3.725999999999999,0.05,2.2686173915863037
1121,3.8999999999999986,3.6819999999999986,0.05,3.2384212017059326
1122,3.8999999999999986,3.6819999999999995,0.05,0.20452278852462769
1123,4.599999999999996,3.699999999999999,0.05,2.5743823051452637
1124,6.299999999999994,3.7479999999999984,0.05,1.8668760061264038
1125,4.699999999999996,3.763999999999998,0.05,0.40407565236091614
1126,4.299999999999997,3.809999999999998,0.05,4.874152183532715
1127,3.8999999999999986,3.8099999999999983,0.05,9.423144340515137
1128,3.8999999999999986,3.8099999999999983,0.05,2.859093189239502
1129,3.8999999999999986,3.8099999999999987,0.05,1.5902866125106812
1130,3.8999999999999986,3.8479999999999985,0.05,1.6860597133636475
1131,3.8999999999999986,3.8479999999999985,0.05,1.802220106124878
1132,3.8999999999999986,3.8479999999999985,0.05,3.184692859649658
1133,3.8999999999999986,3.8479999999999985,0.05,4.9307146072387695
1134,3.8999999999999986,3.757999999999999,0.05,2.974472761154175
1135,3.8999999999999986,3.7579999999999982,0.05,1.6464321613311768
1136,3.8999999999999986,3.757999999999999,0.05,1.9102070331573486
1137,4.899999999999995,3.7779999999999982,0.05,4.5771589279174805
1138,4.599999999999996,3.8299999999999987,0.05,1.5592771768569946
1139,3.8999999999999986,3.8679999999999986,0.05,2.396932601928711
1140,3.8999999999999986,3.8679999999999986,0.05,3.405233383178711
1141,3.8999999999999986,3.9059999999999984,0.05,1.6286953687667847
1142,3.8999999999999986,3.9439999999999986,0.05,0.0753740668296814
1143,3.8999999999999986,3.981999999999999,0.05,4.794950008392334
1144,3.8999999999999986,3.9959999999999978,0.05,0.16299733519554138
1145,3.8999999999999986,3.9959999999999987,0.05,4.730673789978027
1146,4.299999999999997,4.003999999999999,0.05,5.657536506652832
1147,4.599999999999996,4.017999999999998,0.05,3.161583185195923
1148,3.8999999999999986,4.017999999999998,0.05,2.9683895111083984
1149,3.8999999999999986,4.017999999999998,0.05,1.562138319015503
1150,3.8999999999999986,4.0059999999999985,0.05,1.712646484375
1151,3.8999999999999986,4.005999999999998,0.05,0.17936433851718903
1152,3.8999999999999986,3.987999999999998,0.05,4.7101335525512695
1153,3.8999999999999986,3.987999999999998,0.05,3.1800782680511475
1154,4.099999999999998,4.029999999999998,0.05,0.13853484392166138
1155,3.8999999999999986,4.029999999999998,0.05,0.24446065723896027
1156,3.8999999999999986,4.029999999999998,0.05,4.814521312713623
1157,3.8999999999999986,4.0299999999999985,0.05,1.698114037513733
1158,4.1999999999999975,4.035999999999998,0.05,2.9315879344940186
1159,3.8999999999999986,4.035999999999998,0.05,1.7429215908050537
1160,4.1999999999999975,4.079999999999997,0.05,1.7084906101226807
1161,3.8999999999999986,4.079999999999997,0.05,0.19564422965049744
1162,3.8999999999999986,4.057999999999998,0.05,4.741225242614746
1163,3.8999999999999986,4.057999999999998,0.05,4.395256996154785
1164,3.8999999999999986,4.057999999999998,0.05,1.2482216358184814
1165,3.8999999999999986,4.057999999999998,0.05,0.1509614884853363
1166,3.8999999999999986,4.057999999999998,0.05,0.11953388154506683
1167,3.8999999999999986,4.057999999999998,0.05,0.17266395688056946
1168,3.8999999999999986,4.057999999999998,0.05,0.1123562753200531
1169,3.9999999999999982,4.059999999999999,0.05,3.1413190364837646
1170,3.8999999999999986,4.059999999999999,0.05,1.375288724899292
1171,3.8999999999999986,4.059999999999999,0.05,3.013770580291748
1172,3.8999999999999986,4.059999999999999,0.05,1.5453234910964966
1173,3.8999999999999986,4.045999999999998,0.05,0.2196158617734909
1174,6.399999999999993,4.047999999999998,0.05,1.7333871126174927
1175,3.8999999999999986,4.031999999999999,0.05,1.478989601135254
1176,4.599999999999996,4.0379999999999985,0.05,0.17196416854858398
1177,3.8999999999999986,4.037999999999998,0.05,0.24927353858947754
1178,5.999999999999995,4.079999999999998,0.05,0.11555277556180954
1179,3.8999999999999986,4.079999999999998,0.05,4.753491401672363
1180,3.8999999999999986,4.079999999999997,0.05,2.185178279876709
1181,3.8999999999999986,4.079999999999997,0.05,2.66938853263855
1182,3.8999999999999986,4.079999999999998,0.05,0.1901569962501526
1183,3.8999999999999986,4.079999999999998,0.05,0.1243552416563034
1184,3.8999999999999986,4.079999999999998,0.05,4.1544294357299805
1185,4.4999999999999964,4.091999999999998,0.05,0.09218374639749527
1186,3.8999999999999986,4.091999999999999,0.05,3.458704948425293
1187,3.8999999999999986,4.071999999999999,0.05,0.13685885071754456
1188,3.8999999999999986,4.057999999999998,0.05,4.433178424835205
1189,4.599999999999996,4.071999999999998,0.05,3.2817227840423584
1190,3.8999999999999986,4.071999999999998,0.05,1.5667705535888672
1191,3.8999999999999986,4.071999999999999,0.05,2.3480632305145264
1192,3.8999999999999986,4.071999999999998,0.05,2.018662929534912
1193,3.8999999999999986,4.071999999999999,0.05,5.580277442932129
1194,3.8999999999999986,4.071999999999998,0.05,3.300961971282959
1195,3.8999999999999986,4.071999999999998,0.05,0.32698535919189453
1196,3.8999999999999986,4.063999999999998,0.05,6.245600700378418
1197,4.299999999999997,4.057999999999998,0.05,5.755878925323486
1198,4.1999999999999975,4.063999999999998,0.05,0.2211909145116806
1199,3.8999999999999986,4.063999999999998,0.05,1.666203260421753
1200,4.299999999999997,4.071999999999998,0.05,1.4323989152908325
1201,3.8999999999999986,4.071999999999999,0.05,5.640437602996826
1202,6.299999999999994,4.119999999999997,0.05,3.4188389778137207
1203,4.799999999999995,4.137999999999997,0.05,3.4845032691955566
1204,4.999999999999995,4.155999999999997,0.05,0.20879417657852173
1205,3.8999999999999986,4.155999999999999,0.05,3.450333595275879
1206,3.8999999999999986,4.155999999999998,0.05,4.399728775024414
1207,3.8999999999999986,4.155999999999998,0.05,4.4052557945251465
1208,3.8999999999999986,4.149999999999998,0.05,0.10017716139554977
1209,3.8999999999999986,4.149999999999998,0.05,1.6674644947052002
1210,5.999999999999995,4.185999999999998,0.05,6.1467084884643555
1211,3.8999999999999986,4.185999999999998,0.05,3.2930009365081787
1212,3.8999999999999986,4.185999999999998,0.05,2.999344825744629
1213,4.099999999999998,4.189999999999998,0.05,1.891448974609375
1214,6.499999999999993,4.241999999999997,0.05,1.421028971672058
1215,4.099999999999998,4.245999999999998,0.05,0.13595691323280334
1216,4.599999999999996,4.259999999999998,0.05,4.813679218292236
1217,4.399999999999997,4.269999999999998,0.05,1.9383234977722168
1218,4.799999999999995,4.287999999999998,0.05,1.599159836769104
1219,4.399999999999997,4.295999999999998,0.05,3.1285815238952637
1220,4.399999999999997,4.305999999999998,0.05,0.24786126613616943
1221,9.199999999999983,4.411999999999997,0.05,2.3523669242858887
1222,4.399999999999997,4.421999999999997,0.05,1.782002329826355
1223,4.4999999999999964,4.4339999999999975,0.05,2.06838321685791
1224,6.499999999999993,4.435999999999997,0.05,3.4220499992370605
1225,6.699999999999992,4.491999999999997,0.05,1.8236174583435059
1226,3.8999999999999986,4.477999999999997,0.05,2.3036394119262695
1227,3.8999999999999986,4.477999999999997,0.05,1.5564393997192383
1228,4.099999999999998,4.439999999999998,0.05,2.8330931663513184
1229,9.499999999999982,4.551999999999997,0.05,0.3765282928943634
1230,4.099999999999998,4.5559999999999965,0.05,1.8025859594345093
1231,8.399999999999986,4.645999999999996,0.05,2.6076509952545166
1232,4.999999999999995,4.667999999999996,0.05,0.23072770237922668
1233,4.799999999999995,4.685999999999996,0.05,2.730591058731079
1234,3.8999999999999986,4.685999999999996,0.05,0.4978474974632263
1235,9.299999999999983,4.7819999999999965,0.05,7.394906997680664
1236,15.399999999999974,5.011999999999995,0.05,0.12462118268013
1237,8.399999999999986,5.101999999999995,0.05,1.8280619382858276
1238,4.299999999999997,5.109999999999996,0.05,2.0290472507476807
1239,4.099999999999998,5.099999999999995,0.05,1.541272521018982
1240,13.299999999999972,5.287999999999995,0.05,4.553358554840088
1241,4.399999999999997,5.297999999999994,0.05,1.9593415260314941
1242,4.1999999999999975,5.303999999999994,0.05,0.11690685898065567
1243,4.899999999999995,5.3239999999999945,0.05,0.45583149790763855
1244,4.099999999999998,5.327999999999995,0.05,8.070587158203125
1245,4.099999999999998,5.331999999999996,0.05,3.8873424530029297
1246,3.8999999999999986,5.3319999999999945,0.05,4.043951511383057
1247,8.399999999999986,5.413999999999994,0.05,0.22180908918380737
1248,4.599999999999996,5.421999999999994,0.05,10.997024536132812
1249,3.8999999999999986,5.421999999999994,0.05,1.5396137237548828
1250,6.699999999999992,5.469999999999994,0.05,4.43367862701416
1251,5.999999999999995,5.511999999999995,0.05,1.9578611850738525
1252,8.499999999999986,5.555999999999995,0.05,3.655778408050537
1253,8.399999999999986,5.627999999999994,0.05,4.017064571380615
1254,4.099999999999998,5.609999999999994,0.05,1.6933436393737793
1255,6.5999999999999925,5.663999999999994,0.05,2.643277406692505
1256,4.099999999999998,5.667999999999994,0.05,2.9804108142852783
1257,6.399999999999993,5.717999999999994,0.05,6.0529398918151855
1258,4.899999999999995,5.737999999999992,0.05,4.636602401733398
1259,3.8999999999999986,5.737999999999992,0.05,1.8645001649856567
1260,9.099999999999984,5.799999999999992,0.05,1.4557439088821411
1261,3.8999999999999986,5.799999999999994,0.05,3.453298568725586
1262,6.199999999999994,5.845999999999993,0.05,1.4751769304275513
1263,3.8999999999999986,5.8419999999999925,0.05,1.5775890350341797
1264,8.399999999999986,5.879999999999993,0.05,1.6411758661270142
1265,4.699999999999996,5.891999999999993,0.05,5.007931232452393
1266,6.099999999999994,5.9219999999999935,0.05,1.5325865745544434
1267,6.299999999999994,5.959999999999995,0.05,1.4047361612319946
1268,4.1999999999999975,5.947999999999994,0.05,2.363426923751831
1269,4.099999999999998,5.941999999999994,0.05,3.056658983230591
1270,3.8999999999999986,5.931999999999993,0.05,0.12256929278373718
1271,25.100000000000083,6.249999999999995,0.05,1.7441686391830444
1272,8.399999999999986,6.329999999999996,0.05,0.4298967123031616
1273,13.099999999999973,6.501999999999994,0.05,3.84332275390625
1274,4.799999999999995,6.467999999999995,0.05,1.8088794946670532
1275,8.999999999999984,6.513999999999995,0.05,5.8899149894714355
1276,3.8999999999999986,6.513999999999994,0.05,0.24213801324367523
1277,6.299999999999994,6.561999999999994,0.05,1.6407698392868042
1278,5.999999999999995,6.599999999999994,0.05,3.236257314682007
1279,4.4999999999999964,6.499999999999995,0.05,2.54620099067688
1280,3.8999999999999986,6.495999999999994,0.05,1.4508774280548096
1281,3.8999999999999986,6.4059999999999935,0.05,5.031174182891846
1282,8.799999999999985,6.481999999999995,0.05,5.988133430480957
1283,12.899999999999974,6.643999999999994,0.05,1.6863532066345215
1284,8.699999999999985,6.739999999999994,0.05,0.5379987359046936
1285,3.8999999999999986,6.6319999999999935,0.05,5.697150230407715
1286,6.5999999999999925,6.455999999999993,0.05,6.802786350250244
1287,4.1999999999999975,6.371999999999994,0.05,0.4965344965457916
1288,12.899999999999974,6.543999999999994,0.05,4.521965026855469
1289,12.899999999999974,6.719999999999994,0.05,2.914888381958008
1290,3.8999999999999986,6.531999999999994,0.05,0.43952053785324097
1291,8.399999999999986,6.611999999999994,0.05,3.3540713787078857
1292,6.099999999999994,6.649999999999995,0.05,7.0728559494018555
1293,4.599999999999996,6.643999999999997,0.05,4.509315013885498
1294,8.399999999999986,6.729999999999995,0.05,0.14737990498542786
1295,8.399999999999986,6.815999999999994,0.05,2.0290119647979736
1296,9.099999999999984,6.919999999999993,0.05,6.099172592163086
1297,4.299999999999997,6.837999999999993,0.05,8.056060791015625
1298,6.399999999999993,6.873999999999994,0.05,3.2250895500183105
1299,8.399999999999986,6.9639999999999915,0.05,5.379087448120117
1300,3.8999999999999986,6.907999999999992,0.05,3.3517134189605713
1301,3.8999999999999986,6.8659999999999926,0.05,6.61314582824707
1302,3.8999999999999986,6.773999999999993,0.05,2.0107648372650146
1303,3.8999999999999986,6.683999999999993,0.05,0.9974734783172607
1304,3.8999999999999986,6.6799999999999935,0.05,2.2742221355438232
1305,3.8999999999999986,6.625999999999993,0.05,3.8965108394622803
1306,3.8999999999999986,6.621999999999994,0.05,2.577054977416992
1307,3.8999999999999986,6.571999999999994,0.05,2.8793349266052246
1308,3.8999999999999986,6.551999999999993,0.05,1.9447959661483765
1309,4.599999999999996,6.5659999999999945,0.05,0.6645198464393616
1310,3.8999999999999986,6.461999999999994,0.05,3.674788236618042
1311,3.8999999999999986,6.4619999999999935,0.05,1.8366763591766357
1312,3.8999999999999986,6.415999999999994,0.05,2.1088342666625977
1313,3.8999999999999986,6.415999999999993,0.05,5.9169111251831055
1314,3.8999999999999986,6.325999999999993,0.05,0.46088534593582153
1315,3.8999999999999986,6.309999999999993,0.05,2.156644105911255
1316,3.8999999999999986,6.265999999999995,0.05,3.493100643157959
1317,3.8999999999999986,6.217999999999994,0.05,0.5178800225257874
1318,3.8999999999999986,6.2119999999999935,0.05,0.9444290399551392
1319,3.8999999999999986,6.207999999999994,0.05,0.299110472202301
1320,3.8999999999999986,6.207999999999994,0.05,2.4068567752838135
1321,3.8999999999999986,5.783999999999993,0.05,3.7693231105804443
1322,3.8999999999999986,5.693999999999992,0.05,1.766489028930664
1323,3.8999999999999986,5.509999999999994,0.05,2.1558032035827637
1324,3.8999999999999986,5.491999999999994,0.05,6.172244548797607
1325,3.8999999999999986,5.389999999999994,0.05,0.6468037366867065
1326,3.8999999999999986,5.3899999999999935,0.05,0.3444127142429352
1327,3.8999999999999986,5.341999999999993,0.05,0.4772990643978119
1328,3.8999999999999986,5.299999999999994,0.05,1.9994258880615234
1329,3.8999999999999986,5.287999999999995,0.05,3.1069843769073486
1330,3.8999999999999986,5.287999999999994,0.05,0.2135220319032669
1331,3.8999999999999986,5.287999999999994,0.05,1.6656240224838257
1332,3.8999999999999986,5.189999999999995,0.05,0.24728244543075562
1333,3.8999999999999986,5.009999999999996,0.05,4.566471576690674
1334,3.8999999999999986,4.913999999999996,0.05,2.7990291118621826
1335,3.8999999999999986,4.913999999999996,0.05,2.3831918239593506
1336,3.8999999999999986,4.859999999999996,0.05,4.097898006439209
1337,3.8999999999999986,4.8539999999999965,0.05,2.8040900230407715
1338,3.8999999999999986,4.673999999999996,0.05,3.627239227294922
1339,4.1999999999999975,4.499999999999997,0.05,2.560138463973999
1340,3.8999999999999986,4.4999999999999964,0.05,0.3348195552825928
1341,8.399999999999986,4.4999999999999964,0.05,0.5279167294502258
1342,3.8999999999999986,4.455999999999997,0.05,6.946626663208008
1343,3.8999999999999986,4.441999999999997,0.05,0.6713172197341919
1344,3.8999999999999986,4.351999999999998,0.05,0.49502068758010864
1345,3.8999999999999986,4.261999999999998,0.05,2.261504650115967
1346,3.8999999999999986,4.157999999999999,0.05,7.546431541442871
1347,3.8999999999999986,4.149999999999998,0.05,2.2400007247924805
1348,3.8999999999999986,4.099999999999998,0.05,0.7743919491767883
1349,3.8999999999999986,4.009999999999999,0.05,0.9252433776855469
1350,4.399999999999997,4.019999999999999,0.05,9.914249420166016
1351,3.8999999999999986,4.019999999999999,0.05,0.48832613229751587
1352,3.8999999999999986,4.019999999999999,0.05,1.8763530254364014
1353,3.8999999999999986,4.019999999999999,0.05,2.5869197845458984
1354,3.8999999999999986,4.019999999999999,0.05,0.43722400069236755
1355,3.8999999999999986,4.019999999999999,0.05,0.4942915439605713
1356,3.8999999999999986,4.019999999999999,0.05,3.3704004287719727
1357,3.8999999999999986,4.019999999999999,0.05,0.557823896408081
1358,3.8999999999999986,4.019999999999999,0.05,0.9035309553146362
1359,3.8999999999999986,4.0059999999999985,0.05,0.48033827543258667
1360,3.8999999999999986,4.0059999999999985,0.05,2.5464868545532227
1361,3.8999999999999986,4.0059999999999985,0.05,9.605439186096191
1362,3.8999999999999986,4.0059999999999985,0.05,0.5838000774383545
1363,3.8999999999999986,4.0059999999999985,0.05,0.4491713345050812
1364,3.8999999999999986,4.0059999999999985,0.05,0.4021950960159302
1365,3.8999999999999986,4.0059999999999985,0.05,3.987738609313965
1366,3.8999999999999986,4.0059999999999985,0.05,6.73814582824707
1367,3.8999999999999986,4.0059999999999985,0.05,2.6655282974243164
1368,3.8999999999999986,4.0059999999999985,0.05,2.2715160846710205
1369,3.8999999999999986,4.0059999999999985,0.05,3.579545259475708
1370,3.8999999999999986,4.0059999999999985,0.05,2.273620843887329
1371,3.8999999999999986,4.0059999999999985,0.05,4.221869468688965
1372,3.8999999999999986,4.0059999999999985,0.05,3.233881711959839
1373,3.8999999999999986,4.0059999999999985,0.05,6.052081108093262
1374,3.8999999999999986,4.0059999999999985,0.05,1.527492880821228
1375,3.8999999999999986,4.0059999999999985,0.05,2.364511728286743
1376,3.8999999999999986,4.0059999999999985,0.05,4.321434020996094
1377,3.8999999999999986,4.0059999999999985,0.05,2.9285309314727783
1378,3.8999999999999986,4.0059999999999985,0.05,3.0860941410064697
1379,3.8999999999999986,4.0059999999999985,0.05,2.5411672592163086
1380,3.8999999999999986,4.0059999999999985,0.05,2.4473276138305664
1381,3.8999999999999986,4.0059999999999985,0.05,3.024216651916504
1382,3.8999999999999986,4.0059999999999985,0.05,2.7746098041534424
1383,3.8999999999999986,4.0059999999999985,0.05,0.5827740430831909
1384,3.8999999999999986,4.0059999999999985,0.05,0.9280226230621338
1385,3.8999999999999986,4.0059999999999985,0.05,0.5714229345321655
1386,3.8999999999999986,4.0059999999999985,0.05,0.2998775243759155
1387,3.8999999999999986,4.0059999999999985,0.05,0.7425360679626465
1388,3.8999999999999986,4.0059999999999985,0.05,0.7524797916412354
1389,3.8999999999999986,3.9999999999999987,0.05,1.8439795970916748
1390,3.8999999999999986,3.9999999999999987,0.05,0.4172031283378601
1391,3.8999999999999986,3.909999999999999,0.05,4.087268352508545
1392,3.8999999999999986,3.909999999999999,0.05,1.880326747894287
1393,3.8999999999999986,3.909999999999999,0.05,6.154341697692871
1394,3.8999999999999986,3.909999999999999,0.05,2.780935764312744
1395,3.8999999999999986,3.909999999999999,0.05,0.7199844121932983
1396,3.8999999999999986,3.909999999999999,0.05,0.5854529142379761
1397,3.8999999999999986,3.909999999999999,0.05,8.031329154968262
1398,3.8999999999999986,3.909999999999999,0.05,2.726379156112671
1399,3.8999999999999986,3.909999999999999,0.05,2.6629302501678467
1400,3.8999999999999986,3.899999999999999,0.05,0.8888334035873413
1401,3.8999999999999986,3.899999999999999,0.05,2.206990957260132
1402,3.8999999999999986,3.899999999999999,0.05,0.5306352972984314
1403,0.3000000000000007,3.827999999999999,0.05,4.705471038818359
1404,3.8999999999999986,3.827999999999999,0.05,0.8037313222885132
1405,3.8999999999999986,3.827999999999999,0.05,5.024348735809326
1406,3.8999999999999986,3.827999999999999,0.05,4.954483509063721
1407,3.8999999999999986,3.827999999999999,0.05,0.8540843725204468
1408,3.8999999999999986,3.827999999999999,0.05,0.8450337648391724
1409,3.8999999999999986,3.827999999999999,0.05,3.3604493141174316
1410,3.8999999999999986,3.827999999999999,0.05,3.092608690261841
1411,3.8999999999999986,3.827999999999999,0.05,7.782952308654785
1412,3.8999999999999986,3.827999999999999,0.05,2.32332444190979
1413,3.8999999999999986,3.827999999999999,0.05,2.5582902431488037
1414,3.8999999999999986,3.827999999999999,0.05,0.7087670564651489
1415,3.8999999999999986,3.827999999999999,0.05,0.5782054662704468
1416,3.8999999999999986,3.827999999999999,0.05,3.0863261222839355
1417,3.8999999999999986,3.827999999999999,0.05,4.744697093963623
1418,3.8999999999999986,3.827999999999999,0.05,2.090782642364502
1419,3.8999999999999986,3.827999999999999,0.05,2.172644853591919
1420,3.8999999999999986,3.827999999999999,0.05,4.582846641540527
1421,3.8999999999999986,3.827999999999999,0.05,2.6734912395477295
1422,3.8999999999999986,3.827999999999999,0.05,2.5550942420959473
1423,3.8999999999999986,3.827999999999999,0.05,1.9659186601638794
1424,3.8999999999999986,3.827999999999999,0.05,6.343112945556641
1425,3.8999999999999986,3.827999999999999,0.05,0.7529522776603699
1426,3.8999999999999986,3.827999999999999,0.05,6.321310997009277
1427,3.8999999999999986,3.827999999999999,0.05,2.0612170696258545
1428,3.8999999999999986,3.827999999999999,0.05,2.928985834121704
1429,3.8999999999999986,3.827999999999999,0.05,4.192784786224365
1430,-0.29999999999999893,3.7439999999999984,0.05,4.268865585327148
1431,3.8999999999999986,3.7439999999999984,0.05,4.955766201019287
1432,3.8999999999999986,3.7439999999999993,0.05,2.4102261066436768
1433,3.8999999999999986,3.7439999999999993,0.05,4.232162952423096
1434,3.8999999999999986,3.7439999999999993,0.05,0.7952778339385986
1435,3.8999999999999986,3.7439999999999993,0.05,6.166196346282959
1436,3.8999999999999986,3.7439999999999993,0.05,0.3775520622730255
1437,3.8999999999999986,3.7439999999999993,0.05,4.852825164794922
1438,3.8999999999999986,3.7439999999999993,0.05,2.8086230754852295
1439,3.8999999999999986,3.7439999999999993,0.05,3.751539945602417
1440,3.8999999999999986,3.7439999999999993,0.05,4.693047523498535
1441,3.8999999999999986,3.7439999999999993,0.05,2.3875129222869873
1442,3.8999999999999986,3.7439999999999993,0.05,2.0688014030456543
1443,3.8999999999999986,3.7439999999999993,0.05,0.647834837436676
1444,6.199999999999994,3.7899999999999987,0.05,2.1745212078094482
1445,3.8999999999999986,3.7899999999999987,0.05,0.8607061505317688
1446,3.8999999999999986,3.7899999999999987,0.05,0.3362375497817993
1447,3.8999999999999986,3.7899999999999987,0.05,0.45975804328918457
1448,3.8999999999999986,3.7899999999999987,0.05,8.552207946777344
1449,3.8999999999999986,3.7899999999999987,0.05,0.4618210792541504
1450,3.8999999999999986,3.7899999999999987,0.05,0.256260484457016
1451,3.8999999999999986,3.7899999999999987,0.05,8.018986701965332
1452,3.8999999999999986,3.7899999999999987,0.05,5.539684295654297
1453,3.8999999999999986,3.8619999999999988,0.05,2.8075215816497803
1454,3.8999999999999986,3.861999999999999,0.05,0.576737105846405
1455,3.8999999999999986,3.861999999999999,0.05,8.004199028015137
1456,3.8999999999999986,3.8619999999999988,0.05,7.688020706176758
1457,3.8999999999999986,3.8619999999999988,0.05,4.443809509277344
1458,2.6999999999999997,3.837999999999999,0.05,1.096083164215088
1459,3.8999999999999986,3.837999999999999,0.05,0.8208726644515991
1460,3.9999999999999982,3.839999999999998,0.05,2.858086109161377
1461,3.8999999999999986,3.839999999999998,0.05,2.467888832092285
1462,3.8999999999999986,3.839999999999999,0.05,0.48476237058639526
1463,3.8999999999999986,3.839999999999999,0.05,1.8659656047821045
1464,3.8999999999999986,3.839999999999999,0.05,4.674953460693359
1465,4.4999999999999964,3.8519999999999985,0.05,0.7635131478309631
1466,3.8999999999999986,3.8519999999999985,0.05,4.16403341293335
1467,3.8999999999999986,3.8519999999999985,0.05,0.8594635725021362
1468,3.8999999999999986,3.8519999999999994,0.05,0.2928932309150696
1469,3.8999999999999986,3.8519999999999985,0.05,0.7336767315864563
1470,3.8999999999999986,3.8519999999999994,0.05,5.455007076263428
1471,3.9999999999999982,3.8539999999999988,0.05,2.8790879249572754
1472,3.8999999999999986,3.853999999999999,0.05,2.665647029876709
1473,4.699999999999996,3.8699999999999983,0.05,2.3647003173828125
1474,-1.4999999999999982,3.7619999999999982,0.05,2.3667449951171875
1475,3.8999999999999986,3.7619999999999987,0.05,7.7572479248046875
1476,3.8999999999999986,3.761999999999999,0.05,0.49389687180519104
1477,3.8999999999999986,3.761999999999999,0.05,8.291423797607422
1478,4.299999999999997,3.7699999999999987,0.05,0.6546746492385864
1479,3.8999999999999986,3.7699999999999982,0.05,2.2283802032470703
1480,3.8999999999999986,3.8539999999999988,0.05,2.048870801925659
1481,3.8999999999999986,3.8539999999999988,0.05,2.8355185985565186
1482,3.8999999999999986,3.8539999999999988,0.05,2.7268505096435547
1483,3.8999999999999986,3.8539999999999988,0.05,6.011211395263672
1484,4.399999999999997,3.8639999999999985,0.05,2.5647783279418945
1485,6.499999999999993,3.9159999999999986,0.05,6.397698402404785
1486,4.099999999999998,3.919999999999998,0.05,2.3804264068603516
1487,3.8999999999999986,3.919999999999998,0.05,0.7368124723434448
1488,3.8999999999999986,3.919999999999999,0.05,2.773707866668701
1489,4.699999999999996,3.9359999999999986,0.05,2.623349189758301
1490,6.199999999999994,3.9819999999999975,0.05,6.230413436889648
1491,3.8999999999999986,3.981999999999998,0.05,6.549007415771484
1492,3.8999999999999986,3.981999999999998,0.05,1.8164905309677124
1493,3.8999999999999986,3.981999999999998,0.05,0.45241838693618774
1494,-0.8999999999999986,3.8399999999999976,0.05,2.324942111968994
1495,3.8999999999999986,3.839999999999998,0.05,2.355541229248047
1496,4.599999999999996,3.8539999999999988,0.05,4.524141311645508
1497,3.8999999999999986,3.8539999999999988,0.05,0.36333131790161133
1498,4.999999999999995,3.8759999999999986,0.05,2.42726469039917
1499,3.8999999999999986,3.8759999999999986,0.05,0.5644969344139099
1500,3.8999999999999986,3.875999999999998,0.05,2.263336420059204
1501,3.8999999999999986,3.8759999999999986,0.05,2.285997152328491
1502,3.8999999999999986,3.875999999999998,0.05,2.2486555576324463
1503,3.8999999999999986,3.8759999999999986,0.05,0.444253534078598
1504,4.899999999999995,3.895999999999998,0.05,2.7148971557617188
1505,3.8999999999999986,3.8959999999999986,0.05,3.799604892730713
1506,3.8999999999999986,3.895999999999998,0.05,2.3213448524475098
1507,8.399999999999986,3.9859999999999975,0.05,2.830106735229492
1508,3.8999999999999986,4.009999999999998,0.05,0.37653112411499023
1509,3.8999999999999986,4.009999999999998,0.05,1.0235496759414673
1510,3.8999999999999986,4.007999999999998,0.05,0.39389023184776306
1511,4.399999999999997,4.017999999999998,0.05,2.2356579303741455
1512,5.999999999999995,4.059999999999999,0.05,2.236009120941162
1513,3.8999999999999986,4.059999999999999,0.05,6.434431552886963
1514,3.8999999999999986,4.059999999999998,0.05,2.298880100250244
1515,8.399999999999986,4.137999999999997,0.05,0.432370662689209
1516,6.799999999999992,4.195999999999997,0.05,4.755180835723877
1517,3.8999999999999986,4.195999999999997,0.05,2.611539363861084
1518,3.8999999999999986,4.195999999999997,0.05,2.001889944076538
1519,4.4999999999999964,4.2079999999999975,0.05,0.8164470195770264
1520,3.8999999999999986,4.2079999999999975,0.05,1.7559272050857544
1521,3.8999999999999986,4.205999999999998,0.05,0.3039241135120392
1522,4.1999999999999975,4.211999999999997,0.05,2.6058952808380127
1523,8.399999999999986,4.285999999999997,0.05,2.7036526203155518
1524,3.8999999999999986,4.393999999999997,0.05,1.7017451524734497
1525,3.8999999999999986,4.393999999999997,0.05,2.040708065032959
1526,6.699999999999992,4.4499999999999975,0.05,0.5717648267745972
1527,3.8999999999999986,4.4499999999999975,0.05,4.216451644897461
1528,3.8999999999999986,4.441999999999997,0.05,6.37508487701416
1529,6.5999999999999925,4.495999999999997,0.05,7.940830707550049
1530,3.8999999999999986,4.495999999999997,0.05,0.6467492580413818
1531,3.8999999999999986,4.495999999999997,0.05,5.780223369598389
1532,3.8999999999999986,4.495999999999997,0.05,0.9615955948829651
1533,3.8999999999999986,4.495999999999997,0.05,0.5182738304138184
1534,6.499999999999993,4.537999999999998,0.05,2.360093832015991
1535,3.8999999999999986,4.485999999999997,0.05,2.2884726524353027
1536,6.299999999999994,4.529999999999997,0.05,9.329580307006836
1537,3.8999999999999986,4.529999999999997,0.05,2.2845165729522705
1538,6.499999999999993,4.581999999999997,0.05,6.209532260894775
1539,6.699999999999992,4.621999999999996,0.05,2.239421844482422
1540,4.1999999999999975,4.581999999999996,0.05,2.2638142108917236
1541,6.699999999999992,4.637999999999996,0.05,6.50156831741333
1542,13.99999999999997,4.839999999999996,0.05,2.390016555786133
1543,2.6999999999999993,4.815999999999995,0.05,6.275060176849365
1544,4.299999999999997,4.9199999999999955,0.05,2.271134376525879
1545,3.8999999999999986,4.919999999999996,0.05,2.6021201610565186
1546,3.8999999999999986,4.905999999999996,0.05,0.20189408957958221
1547,4.599999999999996,4.9199999999999955,0.05,0.34590330719947815
1548,6.199999999999994,4.9439999999999955,0.05,2.2067863941192627
1549,3.8999999999999986,4.9439999999999955,0.05,5.690914630889893
1550,3.8999999999999986,4.943999999999996,0.05,2.4366533756256104
1551,3.8999999999999986,4.943999999999996,0.05,2.61971378326416
1552,4.099999999999998,4.947999999999996,0.05,2.0987377166748047
1553,3.8999999999999986,4.947999999999996,0.05,4.346102714538574
1554,3.8999999999999986,4.927999999999996,0.05,4.157743453979492
1555,3.8999999999999986,4.927999999999996,0.05,6.5129899978637695
1556,4.999999999999995,4.949999999999996,0.05,2.083662509918213
1557,4.699999999999996,4.875999999999996,0.05,4.372143745422363
1558,3.8999999999999986,4.875999999999996,0.05,4.724356174468994
1559,4.399999999999997,4.885999999999997,0.05,7.068581581115723
1560,4.899999999999995,4.905999999999995,0.05,0.27640071511268616
1561,3.8999999999999986,4.895999999999996,0.05,6.135254383087158
1562,3.8999999999999986,4.8539999999999965,0.05,2.1835317611694336
1563,3.8999999999999986,4.8539999999999965,0.05,8.012588500976562
1564,4.899999999999995,4.873999999999996,0.05,3.6496148109436035
1565,6.699999999999992,4.839999999999996,0.05,0.1725616455078125
1566,4.299999999999997,4.7899999999999965,0.05,0.360608845949173
1567,6.699999999999992,4.845999999999996,0.05,2.4390499591827393
1568,3.8999999999999986,4.845999999999996,0.05,4.143825531005859
1569,3.9999999999999982,4.835999999999996,0.05,8.478538513183594
1570,4.399999999999997,4.8459999999999965,0.05,2.3249032497406006
1571,4.099999999999998,4.849999999999996,0.05,6.353655815124512
1572,4.599999999999996,4.857999999999995,0.05,2.000514030456543
1573,4.399999999999997,4.777999999999996,0.05,2.064373016357422
1574,4.299999999999997,4.785999999999997,0.05,2.3219363689422607
1575,4.699999999999996,4.801999999999996,0.05,5.122042655944824
1576,2.6999999999999993,4.721999999999996,0.05,1.8592181205749512
1577,4.699999999999996,4.737999999999996,0.05,2.535017490386963
1578,3.8999999999999986,4.737999999999997,0.05,0.266910582780838
1579,4.399999999999997,4.693999999999996,0.05,6.364861488342285
1580,4.799999999999995,4.711999999999996,0.05,6.087690830230713
1581,3.8999999999999986,4.711999999999996,0.05,1.8794000148773193
1582,4.899999999999995,4.731999999999997,0.05,2.0656237602233887
1583,3.9999999999999982,4.733999999999996,0.05,0.376224160194397
1584,4.999999999999995,4.703999999999996,0.05,6.182007312774658
1585,4.399999999999997,4.713999999999997,0.05,2.2888965606689453
1586,4.299999999999997,4.673999999999996,0.05,4.213305473327637
1587,6.5999999999999925,4.727999999999997,0.05,0.2577715814113617
1588,8.399999999999986,4.7659999999999965,0.05,4.032686710357666
1589,5.999999999999995,4.751999999999996,0.05,4.388974666595459
1590,3.9999999999999982,4.747999999999997,0.05,0.41822120547294617
1591,8.899999999999984,4.791999999999996,0.05,1.9285242557525635
1592,3.8999999999999986,4.589999999999996,0.05,0.7493922710418701
1593,3.8999999999999986,4.613999999999997,0.05,4.259162902832031
1594,3.8999999999999986,4.605999999999997,0.05,4.697052478790283
1595,3.8999999999999986,4.605999999999997,0.05,0.5396699905395508
1596,3.8999999999999986,4.605999999999997,0.05,5.800656318664551
1597,6.399999999999993,4.641999999999997,0.05,2.410860538482666
1598,6.199999999999994,4.641999999999997,0.05,1.7905561923980713
1599,6.099999999999994,4.685999999999996,0.05,0.5302080512046814
1600,6.299999999999994,4.733999999999996,0.05,6.269997596740723
1601,3.8999999999999986,4.733999999999996,0.05,0.30509859323501587
1602,-2.099999999999998,4.609999999999997,0.05,0.2465381622314453
1603,6.499999999999993,4.661999999999996,0.05,3.688199520111084
1604,6.699999999999992,4.717999999999996,0.05,3.9883222579956055
1605,4.899999999999995,4.737999999999996,0.05,0.28742796182632446
1606,3.8999999999999986,4.715999999999997,0.05,0.345461368560791
1607,4.1999999999999975,4.705999999999996,0.05,0.5362699627876282
1608,4.799999999999995,4.723999999999996,0.05,2.5711402893066406
1609,6.099999999999994,4.757999999999996,0.05,0.42093026638031006
1610,12.899999999999974,4.917999999999996,0.05,4.095308303833008
1611,4.4999999999999964,4.929999999999995,0.05,7.991244792938232
1612,8.399999999999986,5.019999999999995,0.05,4.1183342933654785
1613,4.099999999999998,5.023999999999995,0.05,2.5487818717956543
1614,4.099999999999998,5.007999999999995,0.05,9.819693565368652
1615,6.5999999999999925,5.005999999999995,0.05,1.8290294408798218
1616,3.8999999999999986,4.997999999999995,0.05,7.843165397644043
1617,4.399999999999997,4.9519999999999955,0.05,0.29830092191696167
1618,3.8999999999999986,4.9519999999999955,0.05,4.1603312492370605
1619,3.8999999999999986,4.949999999999996,0.05,3.9663727283477783
1620,3.8999999999999986,4.939999999999995,0.05,3.6893277168273926
1621,4.599999999999996,4.949999999999996,0.05,0.4507499635219574
1622,3.8999999999999986,4.9359999999999955,0.05,3.695251226425171
1623,3.9999999999999982,4.927999999999996,0.05,4.4432244300842285
1624,3.8999999999999986,4.919999999999996,0.05,2.251741647720337
1625,8.399999999999986,4.993999999999996,0.05,3.9910786151885986
1626,6.499999999999993,5.069999999999996,0.05,2.2942256927490234
1627,3.8999999999999986,5.053999999999996,0.05,0.17112411558628082
1628,4.999999999999995,5.075999999999996,0.05,6.749301433563232
1629,4.4999999999999964,5.077999999999996,0.05,3.7303993701934814
1630,6.199999999999994,5.105999999999995,0.05,4.67685079574585
1631,3.8999999999999986,5.105999999999995,0.05,0.27232909202575684
1632,4.099999999999998,5.089999999999995,0.05,0.6978099346160889
1633,4.699999999999996,5.103999999999995,0.05,0.5969447493553162
1634,3.8999999999999986,5.081999999999995,0.05,3.4491803646087646
1635,4.299999999999997,5.079999999999996,0.05,1.9910181760787964
1636,3.8999999999999986,5.071999999999996,0.05,0.21675443649291992
1637,3.8999999999999986,5.017999999999995,0.05,1.9523813724517822
1638,6.399999999999993,4.977999999999996,0.05,2.648423671722412
1639,4.1999999999999975,4.941999999999996,0.05,2.2235286235809326
1640,4.299999999999997,4.947999999999996,0.05,3.9642038345336914
1641,3.8999999999999986,4.847999999999995,0.05,6.072038650512695
1642,3.8999999999999986,4.847999999999996,0.05,0.17453493177890778
1643,3.9999999999999982,4.849999999999996,0.05,0.1849936991930008
1644,9.299999999999983,4.957999999999996,0.05,2.1658828258514404
1645,3.8999999999999986,4.957999999999996,0.05,0.21617232263088226
1646,6.399999999999993,5.007999999999996,0.05,0.281402051448822
1647,3.8999999999999986,4.957999999999996,0.05,0.1732591688632965
1648,4.099999999999998,4.915999999999996,0.05,0.12457184493541718
1649,11.09999999999998,5.015999999999996,0.05,2.390462875366211
1650,4.599999999999996,4.981999999999996,0.05,2.691131353378296
1651,3.8999999999999986,4.981999999999996,0.05,3.6682634353637695
1652,3.8999999999999986,5.101999999999995,0.05,1.94246244430542
1653,4.999999999999995,5.071999999999996,0.05,3.938925266265869
1654,3.9999999999999982,5.017999999999996,0.05,2.383212089538574
1655,4.099999999999998,5.001999999999995,0.05,7.236685752868652
1656,3.8999999999999986,5.001999999999996,0.05,0.32908105850219727
1657,3.8999999999999986,4.995999999999996,0.05,2.04048228263855
1658,4.999999999999995,4.9999999999999964,0.05,2.4917829036712646
1659,4.899999999999995,4.9759999999999955,0.05,2.1507771015167236
1660,6.299999999999994,4.843999999999997,0.05,5.66254997253418
1661,5.999999999999995,4.873999999999996,0.05,2.5904226303100586
1662,3.8999999999999986,4.783999999999997,0.05,4.213134765625
1663,4.999999999999995,4.801999999999996,0.05,3.56990909576416
1664,4.4999999999999964,4.809999999999997,0.05,3.9797325134277344
1665,4.899999999999995,4.775999999999996,0.05,2.0997543334960938
1666,8.399999999999986,4.865999999999996,0.05,1.9886770248413086
1667,3.8999999999999986,4.855999999999995,0.05,3.671696662902832
1668,4.1999999999999975,4.861999999999996,0.05,0.5945538282394409
1669,6.399999999999993,4.9119999999999955,0.05,4.105096340179443
1670,3.8999999999999986,4.9119999999999955,0.05,4.214950084686279
1671,4.099999999999998,4.901999999999996,0.05,0.26075124740600586
1672,3.8999999999999986,4.901999999999996,0.05,2.291728973388672
1673,6.199999999999994,4.945999999999995,0.05,7.597872734069824
1674,6.099999999999994,4.989999999999995,0.05,6.016611099243164
1675,4.399999999999997,4.909999999999996,0.05,2.049682140350342
1676,4.899999999999995,4.877999999999997,0.05,4.4209675788879395
1677,3.8999999999999986,4.877999999999997,0.05,0.7727278470993042
1678,3.8999999999999986,4.855999999999996,0.05,3.9536120891571045
1679,3.8999999999999986,4.843999999999997,0.05,4.04785680770874
1680,3.8999999999999986,4.7979999999999965,0.05,5.456869125366211
1681,4.399999999999997,4.807999999999996,0.05,3.789228677749634
1682,3.8999999999999986,4.803999999999997,0.05,2.223573684692383
1683,3.8999999999999986,4.787999999999996,0.05,2.1814842224121094
1684,4.699999999999996,4.803999999999996,0.05,9.865623474121094
1685,4.399999999999997,4.8059999999999965,0.05,2.7665164470672607
1686,4.1999999999999975,4.811999999999996,0.05,2.3185365200042725
1687,3.8999999999999986,4.811999999999996,0.05,0.3258068561553955
1688,3.8999999999999986,4.761999999999997,0.05,2.357430934906006
1689,3.8999999999999986,4.755999999999997,0.05,0.2742130160331726
1690,4.299999999999997,4.755999999999997,0.05,0.4620933532714844
1691,4.999999999999995,4.777999999999996,0.05,5.754003524780273
1692,4.699999999999996,4.793999999999996,0.05,3.9350039958953857
1693,3.8999999999999986,4.791999999999996,0.05,1.8998147249221802
1694,4.099999999999998,4.687999999999997,0.05,0.24121201038360596
1695,4.399999999999997,4.697999999999997,0.05,0.133604034781456
1696,3.8999999999999986,4.647999999999997,0.05,0.1609196960926056
1697,3.8999999999999986,4.647999999999997,0.05,0.06981030851602554
1698,3.8999999999999986,4.643999999999997,0.05,5.94106912612915
1699,3.8999999999999986,4.499999999999997,0.05,0.11103767156600952
1700,3.8999999999999986,4.485999999999997,0.05,5.986550331115723
1701,4.399999999999997,4.495999999999998,0.05,3.9165217876434326
1702,4.999999999999995,4.517999999999997,0.05,2.101958751678467
1703,6.199999999999994,4.541999999999997,0.05,0.3329455256462097
1704,3.8999999999999986,4.539999999999997,0.05,3.8627822399139404
1705,3.8999999999999986,4.535999999999998,0.05,2.202451229095459
1706,3.8999999999999986,4.535999999999998,0.05,0.1839609146118164
1707,4.699999999999996,4.551999999999996,0.05,0.140817791223526
1708,3.8999999999999986,4.529999999999998,0.05,0.2095673382282257
1709,3.8999999999999986,4.509999999999998,0.05,3.5060479640960693
1710,6.099999999999994,4.505999999999998,0.05,5.771193027496338
1711,3.8999999999999986,4.463999999999998,0.05,5.223635196685791
1712,4.399999999999997,4.4739999999999975,0.05,0.18582119047641754
1713,3.8999999999999986,4.451999999999997,0.05,0.3062349855899811
1714,8.399999999999986,4.529999999999998,0.05,0.4024585783481598
1715,6.199999999999994,4.5559999999999965,0.05,2.212636947631836
1716,3.8999999999999986,4.4659999999999975,0.05,5.473719596862793
1717,4.4999999999999964,4.477999999999997,0.05,4.007385730743408
1718,4.4999999999999964,4.483999999999997,0.05,5.7012739181518555
1719,4.999999999999995,4.455999999999998,0.05,1.8682749271392822
1720,4.699999999999996,4.471999999999997,0.05,4.205865383148193
1721,6.199999999999994,4.513999999999997,0.05,7.176066875457764
1722,3.8999999999999986,4.513999999999997,0.05,4.254103183746338
1723,10.699999999999982,4.6039999999999965,0.05,0.24040940403938293
1724,3.8999999999999986,4.559999999999997,0.05,0.278285413980484
1725,6.099999999999994,4.593999999999997,0.05,2.1216025352478027
1726,3.8999999999999986,4.573999999999997,0.05,2.2973239421844482
1727,3.8999999999999986,4.573999999999997,0.05,0.1094929575920105
1728,6.799999999999992,4.631999999999997,0.05,2.3542230129241943
1729,6.099999999999994,4.675999999999997,0.05,5.876190185546875
1730,10.499999999999982,4.807999999999996,0.05,0.12037086486816406
1731,6.5999999999999925,4.851999999999996,0.05,5.556543350219727
1732,3.8999999999999986,4.851999999999996,0.05,0.11918242275714874
1733,4.599999999999996,4.865999999999996,0.05,0.2513696551322937
1734,6.399999999999993,4.899999999999997,0.05,0.24075838923454285
1735,4.1999999999999975,4.895999999999996,0.05,4.314336776733398
1736,6.299999999999994,4.937999999999995,0.05,3.690657138824463
1737,4.4999999999999964,4.949999999999996,0.05,0.28733503818511963
1738,3.8999999999999986,4.949999999999996,0.05,3.974653720855713
1739,4.1999999999999975,4.955999999999996,0.05,0.4204259216785431
1740,4.399999999999997,4.957999999999996,0.05,2.3253605365753174
1741,3.8999999999999986,4.935999999999996,0.05,0.6457061171531677
1742,3.8999999999999986,4.919999999999996,0.05,0.23167863488197327
1743,3.9999999999999982,4.921999999999996,0.05,5.841464042663574
1744,3.8999999999999986,4.917999999999996,0.05,2.295891761779785
1745,3.8999999999999986,4.907999999999997,0.05,0.2402731478214264
1746,3.8999999999999986,4.907999999999997,0.05,2.4007952213287354
1747,3.8999999999999986,4.907999999999996,0.05,2.0024173259735107
1748,6.099999999999994,4.9519999999999955,0.05,3.448610305786133
1749,4.099999999999998,4.955999999999996,0.05,1.7411164045333862
1750,3.8999999999999986,4.955999999999996,0.05,3.977078437805176
1751,3.8999999999999986,4.945999999999997,0.05,4.200626373291016
1752,8.399999999999986,5.013999999999996,0.05,0.2995157837867737
1753,3.8999999999999986,4.967999999999996,0.05,5.833454132080078
1754,3.9999999999999982,4.969999999999996,0.05,1.7236448526382446
1755,4.999999999999995,4.9919999999999956,0.05,0.18759047985076904
1756,3.8999999999999986,4.991999999999996,0.05,3.992603302001953
1757,3.8999999999999986,4.975999999999996,0.05,3.730632781982422
1758,3.8999999999999986,4.975999999999996,0.05,3.4038028717041016
1759,12.899999999999974,5.155999999999995,0.05,0.1271640658378601
1760,3.8999999999999986,5.111999999999996,0.05,2.0172390937805176
1761,3.8999999999999986,5.111999999999996,0.05,0.3340749144554138
1762,3.8999999999999986,5.101999999999996,0.05,4.026454925537109
1763,3.8999999999999986,5.101999999999996,0.05,3.254556179046631
1764,3.8999999999999986,5.011999999999996,0.05,0.1334642767906189
1765,4.799999999999995,4.9839999999999955,0.05,4.014996528625488
1766,3.9999999999999982,4.985999999999995,0.05,0.10166184604167938
1767,4.699999999999996,4.989999999999996,0.05,1.8834295272827148
1768,4.099999999999998,4.981999999999996,0.05,0.10611820220947266
1769,3.8999999999999986,4.959999999999996,0.05,2.0221314430236816
1770,3.8999999999999986,4.943999999999996,0.05,2.382028341293335
1771,3.8999999999999986,4.897999999999996,0.05,3.7288689613342285
1772,3.8999999999999986,4.897999999999996,0.05,5.536659240722656
1773,6.699999999999992,4.817999999999997,0.05,3.34549617767334
1774,5.999999999999995,4.859999999999996,0.05,3.641683340072632
1775,6.199999999999994,4.861999999999996,0.05,2.654660701751709
1776,6.699999999999992,4.917999999999996,0.05,2.2205638885498047
1777,3.8999999999999986,4.917999999999996,0.05,1.736795425415039
1778,3.8999999999999986,4.859999999999997,0.05,5.415783405303955
1779,6.499999999999993,4.867999999999997,0.05,0.2710697054862976
1780,3.8999999999999986,4.735999999999997,0.05,2.1840336322784424
1781,8.399999999999986,4.771999999999997,0.05,2.0818748474121094
1782,6.799999999999992,4.829999999999996,0.05,3.5926403999328613
1783,3.8999999999999986,4.815999999999996,0.05,4.149051666259766
1784,5.999999999999995,4.807999999999996,0.05,2.069704532623291
1785,4.699999999999996,4.817999999999996,0.05,0.9565521478652954
1786,4.599999999999996,4.783999999999995,0.05,3.8085122108459473
1787,3.8999999999999986,4.771999999999997,0.05,2.4237544536590576
1788,4.599999999999996,4.785999999999997,0.05,3.9974730014801025
1789,6.699999999999992,4.835999999999996,0.05,0.2632923722267151
1790,6.199999999999994,4.871999999999996,0.05,3.932494878768921
1791,4.799999999999995,4.889999999999996,0.05,1.8183766603469849
1792,4.399999999999997,4.899999999999996,0.05,0.21140649914741516
1793,3.8999999999999986,4.897999999999996,0.05,1.8814555406570435
1794,3.8999999999999986,4.897999999999996,0.05,4.985621452331543
1795,3.8999999999999986,4.897999999999996,0.05,3.9621353149414062
1796,6.199999999999994,4.9439999999999955,0.05,0.12575194239616394
1797,13.99999999999997,5.145999999999995,0.05,5.543481349945068
1798,3.8999999999999986,5.101999999999996,0.05,0.4221345782279968
1799,3.8999999999999986,5.097999999999996,0.05,2.3038156032562256
1800,6.499999999999993,5.149999999999995,0.05,2.075998544692993
1801,4.999999999999995,5.171999999999996,0.05,3.6175177097320557
1802,8.399999999999986,5.171999999999996,0.05,5.232106685638428
1803,6.299999999999994,5.219999999999995,0.05,0.12138540297746658
1804,4.4999999999999964,5.229999999999995,0.05,2.0360963344573975
1805,4.599999999999996,5.221999999999996,0.05,5.469974517822266
1806,3.8999999999999986,5.221999999999995,0.05,0.29834848642349243
1807,4.999999999999995,5.243999999999995,0.05,2.305476665496826
1808,4.799999999999995,5.261999999999995,0.05,3.929393768310547
1809,3.8999999999999986,5.081999999999996,0.05,2.06902813911438
1810,8.499999999999986,5.173999999999995,0.05,0.08271919190883636
1811,3.8999999999999986,5.173999999999995,0.05,6.229864120483398
1812,4.399999999999997,5.183999999999995,0.05,0.746585488319397
1813,8.399999999999986,5.273999999999996,0.05,8.326348304748535
1814,3.8999999999999986,5.273999999999994,0.05,2.949514389038086
1815,4.099999999999998,5.259999999999995,0.05,3.34592342376709
1816,8.499999999999986,5.349999999999995,0.05,2.047285556793213
1817,3.8999999999999986,5.333999999999994,0.05,7.534291744232178
1818,4.099999999999998,5.333999999999995,0.05,9.431947708129883
1819,3.8999999999999986,5.333999999999994,0.05,0.09429123997688293
1820,3.8999999999999986,5.333999999999994,0.05,3.5892741680145264
1821,8.399999999999986,5.423999999999994,0.05,1.9160224199295044
1822,3.8999999999999986,5.423999999999994,0.05,2.312385082244873
1823,4.099999999999998,5.371999999999995,0.05,2.0493075847625732
1824,4.799999999999995,5.347999999999996,0.05,2.127843141555786
1825,4.699999999999996,5.317999999999995,0.05,2.126147747039795
1826,4.999999999999995,5.283999999999995,0.05,0.09401367604732513
1827,4.999999999999995,5.305999999999995,0.05,0.08941181749105453
1828,3.8999999999999986,5.305999999999995,0.05,0.42038044333457947
1829,4.4999999999999964,5.265999999999995,0.05,3.922401189804077
1830,6.299999999999994,5.313999999999996,0.05,0.08938677608966827
1831,4.399999999999997,5.2339999999999955,0.05,0.48841190338134766
1832,8.399999999999986,5.265999999999995,0.05,2.116353750228882
1833,6.499999999999993,5.317999999999995,0.05,3.580981969833374
1834,4.299999999999997,5.283999999999995,0.05,2.049469232559204
1835,4.299999999999997,5.275999999999995,0.05,1.7793723344802856
1836,4.299999999999997,5.269999999999994,0.05,2.5711586475372314
1837,3.8999999999999986,5.269999999999994,0.05,0.16664186120033264
1838,6.399999999999993,5.305999999999995,0.05,1.7080498933792114
1839,3.8999999999999986,5.249999999999995,0.05,0.10137960314750671
1840,6.099999999999994,5.247999999999995,0.05,2.2969229221343994
1841,4.4999999999999964,5.241999999999995,0.05,4.246748924255371
1842,8.399999999999986,5.321999999999995,0.05,0.1955639123916626
1843,3.8999999999999986,5.321999999999995,0.05,0.18475157022476196
1844,3.8999999999999986,5.321999999999994,0.05,0.679387092590332
1845,3.8999999999999986,5.321999999999994,0.05,2.530935525894165
1846,3.9999999999999982,5.277999999999995,0.05,0.7230215072631836
1847,4.399999999999997,5.085999999999996,0.05,0.21925857663154602
1848,4.599999999999996,5.099999999999995,0.05,0.3151538372039795
1849,13.79999999999997,5.297999999999995,0.05,1.1166096925735474
1850,6.199999999999994,5.2919999999999945,0.05,5.545266628265381
1851,3.8999999999999986,5.269999999999995,0.05,0.727686882019043
1852,3.8999999999999986,5.179999999999995,0.05,0.2696031630039215
1853,4.1999999999999975,5.137999999999996,0.05,1.832625389099121
1854,13.79999999999997,5.3239999999999945,0.05,2.152235746383667
1855,3.8999999999999986,5.309999999999994,0.05,2.257234573364258
1856,2.6999999999999993,5.285999999999994,0.05,3.2035927772521973
1857,6.699999999999992,5.319999999999996,0.05,1.9589594602584839
1858,8.399999999999986,5.391999999999995,0.05,1.7254314422607422
1859,4.1999999999999975,5.3979999999999935,0.05,0.10440690070390701
1860,6.799999999999992,5.363999999999995,0.05,0.13479061424732208
1861,3.8999999999999986,5.363999999999995,0.05,0.9163831472396851
1862,6.499999999999993,5.405999999999994,0.05,2.3834240436553955
1863,4.099999999999998,5.319999999999996,0.05,0.5001307129859924
1864,3.8999999999999986,5.319999999999996,0.05,4.006445407867432
1865,4.299999999999997,5.3239999999999945,0.05,5.767213821411133
1866,8.399999999999986,5.321999999999995,0.05,3.893174648284912
1867,3.8999999999999986,5.321999999999994,0.05,0.5110148787498474
1868,9.199999999999983,5.423999999999994,0.05,0.644676148891449
1869,4.099999999999998,5.427999999999995,0.05,0.18766483664512634
1870,3.8999999999999986,5.427999999999994,0.05,0.4484808146953583
1871,3.9999999999999982,5.3399999999999945,0.05,0.2756648659706116
1872,4.799999999999995,5.357999999999993,0.05,0.16366134583950043
1873,3.8999999999999986,5.353999999999994,0.05,5.887025356292725
1874,8.399999999999986,5.425999999999993,0.05,0.25060969591140747
1875,4.099999999999998,5.413999999999995,0.05,0.4426366090774536
1876,3.8999999999999986,5.391999999999993,0.05,0.07882899791002274
1877,3.8999999999999986,5.369999999999994,0.05,1.89327073097229
1878,3.8999999999999986,5.369999999999994,0.05,3.789010524749756
1879,3.8999999999999986,5.357999999999993,0.05,1.9582080841064453
1880,3.8999999999999986,5.309999999999993,0.05,0.3680923283100128
1881,3.8999999999999986,5.2999999999999945,0.05,4.045217037200928
1882,3.8999999999999986,5.209999999999995,0.05,2.187751293182373
1883,3.8999999999999986,5.157999999999995,0.05,2.773698091506958
1884,3.8999999999999986,5.149999999999995,0.05,3.3586816787719727
1885,3.8999999999999986,5.141999999999996,0.05,2.54119873046875
1886,4.599999999999996,5.147999999999995,0.05,5.061347484588623
1887,3.8999999999999986,5.147999999999995,0.05,1.8012195825576782
1888,3.8999999999999986,5.097999999999996,0.05,4.108139991760254
1889,6.399999999999993,5.147999999999995,0.05,4.1200714111328125
1890,3.8999999999999986,5.103999999999996,0.05,0.2321140319108963
1891,4.799999999999995,5.109999999999995,0.05,3.703587055206299
1892,3.8999999999999986,5.019999999999995,0.05,2.7862977981567383
1893,6.399999999999993,5.069999999999996,0.05,2.5168704986572266
1894,3.8999999999999986,5.069999999999996,0.05,3.482883930206299
1895,3.8999999999999986,5.069999999999996,0.05,0.6705262660980225
1896,3.8999999999999986,5.067999999999995,0.05,1.4789135456085205
1897,3.299999999999999,5.045999999999996,0.05,0.2916342318058014
1898,3.8999999999999986,5.031999999999996,0.05,3.9965405464172363
1899,4.099999999999998,4.8379999999999965,0.05,3.6770730018615723
1900,3.8999999999999986,4.791999999999996,0.05,0.2073512077331543
1901,5.999999999999995,4.833999999999996,0.05,3.800623655319214
1902,8.699999999999985,4.929999999999995,0.05,4.082090854644775
1903,3.8999999999999986,4.923999999999996,0.05,2.255265712738037
1904,3.8999999999999986,4.725999999999996,0.05,2.2059733867645264
1905,4.1999999999999975,4.731999999999997,0.05,0.5711346864700317
1906,3.8999999999999986,4.755999999999997,0.05,0.26652130484580994
1907,3.8999999999999986,4.699999999999997,0.05,4.137779235839844
1908,3.8999999999999986,4.609999999999997,0.05,3.9094009399414062
1909,3.8999999999999986,4.6039999999999965,0.05,3.6136417388916016
1910,4.4999999999999964,4.557999999999996,0.05,0.13584688305854797
1911,3.8999999999999986,4.557999999999996,0.05,2.2895090579986572
1912,3.8999999999999986,4.505999999999997,0.05,0.5438025593757629
1913,-0.8999999999999986,4.405999999999997,0.05,0.677016019821167
1914,8.399999999999986,4.495999999999996,0.05,0.3418402075767517
1915,3.8999999999999986,4.487999999999997,0.05,0.09250964224338531
1916,3.8999999999999986,4.397999999999997,0.05,5.458122730255127
1917,3.8999999999999986,4.397999999999997,0.05,3.742490291595459
1918,4.599999999999996,4.305999999999997,0.05,0.22456052899360657
1919,3.8999999999999986,4.301999999999997,0.05,0.13710013031959534
1920,3.8999999999999986,4.301999999999998,0.05,3.4414215087890625
1921,3.8999999999999986,4.299999999999998,0.05,0.055450789630413055
1922,3.8999999999999986,4.281999999999997,0.05,7.441309928894043
1923,3.8999999999999986,4.281999999999998,0.05,2.4208858013153076
1924,6.799999999999992,4.249999999999997,0.05,0.6307306885719299
1925,3.8999999999999986,4.245999999999998,0.05,1.7032703161239624
1926,6.499999999999993,4.297999999999998,0.05,4.033273696899414
1927,8.399999999999986,4.387999999999997,0.05,1.8928940296173096
1928,3.8999999999999986,4.387999999999996,0.05,0.0629723072052002
1929,3.8999999999999986,4.387999999999997,0.05,5.374663352966309
1930,3.8999999999999986,4.387999999999997,0.05,0.4033690392971039
1931,3.8999999999999986,4.387999999999997,0.05,1.9990845918655396
1932,3.8999999999999986,4.387999999999997,0.05,5.257361888885498
1933,3.8999999999999986,4.387999999999997,0.05,0.314286470413208
1934,3.8999999999999986,4.387999999999997,0.05,3.6497411727905273
1935,3.8999999999999986,4.387999999999997,0.05,1.9597525596618652
1936,5.999999999999995,4.415999999999998,0.05,0.3729313015937805
1937,3.8999999999999986,4.415999999999998,0.05,2.170210123062134
1938,4.1999999999999975,4.421999999999997,0.05,1.8441591262817383
1939,3.8999999999999986,4.371999999999997,0.05,4.0013909339904785
1940,3.8999999999999986,4.371999999999997,0.05,0.12023584544658661
1941,3.8999999999999986,4.353999999999997,0.05,0.10038663446903229
1942,3.8999999999999986,4.353999999999997,0.05,5.287672996520996
1943,3.8999999999999986,4.303999999999998,0.05,0.883109450340271
1944,3.8999999999999986,4.303999999999998,0.05,3.1810269355773926
1945,3.9999999999999982,4.305999999999997,0.05,2.0509579181671143
1946,3.8999999999999986,4.305999999999997,0.05,0.15388625860214233
1947,3.8999999999999986,4.317999999999997,0.05,0.25466853380203247
1948,4.299999999999997,4.325999999999997,0.05,0.5044459104537964
1949,3.8999999999999986,4.321999999999997,0.05,2.1677823066711426
1950,3.9999999999999982,4.323999999999997,0.05,1.8754328489303589
1951,3.8999999999999986,4.281999999999997,0.05,3.6393885612487793
1952,4.099999999999998,4.189999999999998,0.05,2.0046145915985107
1953,3.8999999999999986,4.189999999999998,0.05,2.14180850982666
1954,3.8999999999999986,4.189999999999998,0.05,3.647277355194092
1955,3.8999999999999986,4.1839999999999975,0.05,0.20788589119911194
1956,3.8999999999999986,4.183999999999998,0.05,0.17436379194259644
1957,3.8999999999999986,4.1839999999999975,0.05,2.0087087154388428
1958,3.8999999999999986,4.183999999999998,0.05,1.9346485137939453
1959,3.8999999999999986,4.1839999999999975,0.05,0.15232890844345093
1960,3.8999999999999986,4.171999999999998,0.05,0.10165652632713318
1961,3.8999999999999986,4.171999999999998,0.05,2.059875249862671
1962,3.8999999999999986,4.171999999999998,0.05,3.475677490234375
1963,3.8999999999999986,4.267999999999997,0.05,1.9913913011550903
1964,3.8999999999999986,4.177999999999998,0.05,5.864077091217041
1965,3.8999999999999986,4.177999999999998,0.05,1.807345986366272
1966,4.099999999999998,4.181999999999999,0.05,0.3226545453071594
1967,3.8999999999999986,4.181999999999999,0.05,2.1510798931121826
1968,3.8999999999999986,4.167999999999998,0.05,1.8025410175323486
1969,3.8999999999999986,4.1679999999999975,0.05,5.313955307006836
1970,3.8999999999999986,4.167999999999998,0.05,1.8376386165618896
1971,3.8999999999999986,4.167999999999998,0.05,3.6384713649749756
1972,3.8999999999999986,4.167999999999998,0.05,3.604048013687134
1973,3.8999999999999986,4.1679999999999975,0.05,0.16232824325561523
1974,3.8999999999999986,4.1099999999999985,0.05,3.8189291954040527
1975,3.8999999999999986,4.1099999999999985,0.05,3.7747044563293457
1976,3.8999999999999986,4.057999999999998,0.05,3.2901947498321533
1977,3.8999999999999986,3.967999999999998,0.05,5.673430919647217
1978,3.8999999999999986,3.967999999999998,0.05,1.7578850984573364
1979,3.8999999999999986,3.967999999999998,0.05,2.1257643699645996
1980,3.8999999999999986,3.967999999999998,0.05,0.12432417273521423
1981,3.8999999999999986,3.967999999999998,0.05,0.1929532289505005
1982,3.8999999999999986,3.967999999999998,0.05,3.3181610107421875
1983,4.1999999999999975,3.973999999999998,0.05,0.05151408165693283
1984,3.8999999999999986,3.973999999999998,0.05,3.6421260833740234
1985,3.8999999999999986,3.9739999999999984,0.05,1.835461139678955
1986,3.299999999999999,3.919999999999999,0.05,0.16505615413188934
1987,3.8999999999999986,3.919999999999998,0.05,3.9555487632751465
1988,3.8999999999999986,3.913999999999999,0.05,3.6436424255371094
1989,3.8999999999999986,3.913999999999999,0.05,2.142904758453369
1990,3.8999999999999986,3.913999999999999,0.05,2.054292917251587
1991,3.8999999999999986,3.913999999999999,0.05,6.066744327545166
1992,3.8999999999999986,3.913999999999999,0.05,3.868450403213501
1993,3.8999999999999986,3.913999999999999,0.05,1.7723220586776733
1994,3.8999999999999986,3.913999999999999,0.05,5.724214553833008
1995,3.8999999999999986,3.9119999999999986,0.05,1.6945327520370483
1996,3.8999999999999986,3.9119999999999986,0.05,2.4291391372680664
1997,3.8999999999999986,3.9119999999999986,0.05,0.15179339051246643
1998,3.8999999999999986,3.9039999999999986,0.05,0.08995652943849564
1999,3.9999999999999982,3.9059999999999984,0.05,1.9721033573150635
2000,3.8999999999999986,3.903999999999999,0.05,4.00861930847168
2001,3.8999999999999986,3.9039999999999986,0.05,3.9445672035217285
2002,3.8999999999999986,3.899999999999999,0.05,7.3604302406311035
2003,3.8999999999999986,3.899999999999999,0.05,3.9042134284973145
2004,3.8999999999999986,3.899999999999999,0.05,0.2504221796989441
2005,3.8999999999999986,3.899999999999999,0.05,1.8502197265625
2006,3.8999999999999986,3.899999999999999,0.05,3.75404691696167
2007,3.8999999999999986,3.899999999999999,0.05,1.9208201169967651
2008,3.8999999999999986,3.899999999999999,0.05,3.6873223781585693
2009,3.9999999999999982,3.901999999999999,0.05,3.5319812297821045
2010,3.8999999999999986,3.901999999999999,0.05,2.3676857948303223
2011,0.3000000000000007,3.8299999999999987,0.05,7.2667436599731445
2012,3.8999999999999986,3.8299999999999996,0.05,0.1982046365737915
2013,3.8999999999999986,3.8299999999999987,0.05,1.8517706394195557
2014,3.8999999999999986,3.8299999999999987,0.05,3.472806453704834
2015,3.8999999999999986,3.8299999999999987,0.05,3.7643275260925293
2016,3.8999999999999986,3.825999999999999,0.05,0.18679101765155792
2017,3.8999999999999986,3.825999999999999,0.05,1.8076066970825195
2018,3.8999999999999986,3.825999999999999,0.05,0.08372201770544052
2019,3.8999999999999986,3.825999999999999,0.05,3.285430431365967
2020,3.8999999999999986,3.825999999999999,0.05,1.7785964012145996
2021,3.8999999999999986,3.825999999999999,0.05,2.0882177352905273
2022,3.8999999999999986,3.825999999999999,0.05,0.2794199585914612
2023,3.8999999999999986,3.825999999999999,0.05,5.4118804931640625
2024,3.8999999999999986,3.825999999999999,0.05,0.10666291415691376
2025,3.8999999999999986,3.825999999999999,0.05,3.7914652824401855
2026,3.8999999999999986,3.825999999999999,0.05,0.11057814955711365
2027,3.8999999999999986,3.825999999999999,0.05,0.04591305926442146
2028,3.9999999999999982,3.827999999999999,0.05,4.867898464202881
2029,3.8999999999999986,3.827999999999999,0.05,1.9705368280410767
2030,3.8999999999999986,3.827999999999999,0.05,5.250611305236816
2031,3.8999999999999986,3.827999999999999,0.05,3.3739871978759766
2032,3.8999999999999986,3.827999999999999,0.05,0.47789257764816284
2033,-0.8999999999999982,3.725999999999999,0.05,5.502010345458984
2034,3.8999999999999986,3.7259999999999986,0.05,2.059547185897827
2035,3.8999999999999986,3.725999999999999,0.05,3.39570689201355
2036,3.8999999999999986,3.737999999999999,0.05,3.270737886428833
2037,3.8999999999999986,3.7379999999999995,0.05,0.2568928897380829
2038,3.8999999999999986,3.737999999999999,0.05,1.9324699640274048
2039,3.8999999999999986,3.737999999999999,0.05,4.9511003494262695
2040,3.8999999999999986,3.737999999999999,0.05,3.6980929374694824
2041,3.8999999999999986,3.7379999999999995,0.05,3.075151205062866
2042,3.8999999999999986,3.737999999999999,0.05,1.9162664413452148
2043,4.999999999999995,3.759999999999999,0.05,0.21972531080245972
2044,3.8999999999999986,3.759999999999999,0.05,4.633835315704346
2045,3.8999999999999986,3.759999999999999,0.05,6.9026970863342285
2046,3.8999999999999986,3.759999999999999,0.05,0.10343611240386963
2047,3.8999999999999986,3.759999999999999,0.05,1.8928714990615845
2048,3.8999999999999986,3.759999999999999,0.05,5.895268440246582
2049,-5.699999999999999,3.565999999999999,0.05,2.1642284393310547
2050,3.8999999999999986,3.565999999999999,0.05,3.495002508163452
2051,3.8999999999999986,3.565999999999999,0.05,3.5021467208862305
2052,3.8999999999999986,3.565999999999999,0.05,2.0224075317382812
2053,3.8999999999999986,3.565999999999999,0.05,1.845935583114624
2054,3.8999999999999986,3.565999999999999,0.05,3.49509334564209
2055,3.8999999999999986,3.565999999999999,0.05,2.458488941192627
2056,3.8999999999999986,3.565999999999999,0.05,2.043813705444336
2057,3.8999999999999986,3.565999999999999,0.05,3.7640540599823
2058,3.8999999999999986,3.565999999999999,0.05,9.175049781799316
2059,3.8999999999999986,3.5639999999999987,0.05,0.47776585817337036
2060,3.8999999999999986,3.5639999999999987,0.05,1.990085482597351
2061,3.8999999999999986,3.6359999999999992,0.05,4.1054487228393555
2062,3.8999999999999986,3.6359999999999992,0.05,2.619968891143799
2063,3.8999999999999986,3.6359999999999992,0.05,2.005770444869995
2064,3.8999999999999986,3.6359999999999992,0.05,3.3809866905212402
2065,3.8999999999999986,3.6359999999999992,0.05,0.2688528895378113
2066,3.8999999999999986,3.6359999999999992,0.05,0.20302540063858032
2067,3.8999999999999986,3.6359999999999992,0.05,1.7550832033157349
2068,3.8999999999999986,3.6359999999999992,0.05,5.360527992248535
2069,3.8999999999999986,3.6359999999999992,0.05,1.8337632417678833
2070,3.8999999999999986,3.6359999999999992,0.05,0.21500490605831146
2071,3.8999999999999986,3.6359999999999992,0.05,2.1145501136779785
2072,3.8999999999999986,3.6359999999999992,0.05,0.33348584175109863
2073,3.8999999999999986,3.6359999999999992,0.05,3.3114819526672363
2074,3.8999999999999986,3.6359999999999992,0.05,3.296358108520508
2075,3.8999999999999986,3.6359999999999992,0.05,6.606748580932617
2076,3.8999999999999986,3.6359999999999992,0.05,1.671198844909668
2077,3.8999999999999986,3.6359999999999992,0.05,1.8643975257873535
2078,3.8999999999999986,3.6339999999999986,0.05,3.4172468185424805
2079,3.8999999999999986,3.6339999999999986,0.05,3.6194775104522705
2080,3.8999999999999986,3.6339999999999986,0.05,5.022170066833496
2081,3.8999999999999986,3.6339999999999986,0.05,0.29766330122947693
2082,3.8999999999999986,3.6339999999999986,0.05,5.451177597045898
2083,3.8999999999999986,3.7299999999999986,0.05,0.22246335446834564
2084,3.8999999999999986,3.7299999999999986,0.05,3.4172604084014893
2085,3.8999999999999986,3.7299999999999986,0.05,3.57240629196167
2086,3.8999999999999986,3.7299999999999986,0.05,1.8662861585617065
2087,3.8999999999999986,3.7299999999999986,0.05,3.3184587955474854
2088,-2.099999999999998,3.609999999999999,0.05,0.3178718686103821
2089,3.8999999999999986,3.609999999999999,0.05,0.03921860456466675
2090,3.8999999999999986,3.609999999999999,0.05,2.088559627532959
2091,3.8999999999999986,3.609999999999999,0.05,1.6739624738693237
2092,3.8999999999999986,3.609999999999999,0.05,2.3310415744781494
2093,3.8999999999999986,3.587999999999999,0.05,3.1605186462402344
2094,3.8999999999999986,3.587999999999999,0.05,1.731436848640442
2095,3.8999999999999986,3.587999999999999,0.05,1.8226202726364136
2096,3.8999999999999986,3.587999999999999,0.05,6.783971309661865
2097,3.8999999999999986,3.587999999999999,0.05,3.493701219558716
2098,3.8999999999999986,3.587999999999999,0.05,2.089341878890991
2099,-0.29999999999999893,3.6959999999999984,0.05,3.1414237022399902
2100,3.8999999999999986,3.6959999999999984,0.05,1.9561723470687866
2101,3.8999999999999986,3.6959999999999993,0.05,1.6900044679641724
2102,3.8999999999999986,3.6959999999999993,0.05,0.11023769527673721
2103,3.8999999999999986,3.6959999999999993,0.05,1.9807939529418945
2104,3.8999999999999986,3.6959999999999993,0.05,1.9743058681488037
2105,3.8999999999999986,3.6959999999999993,0.05,1.6137700080871582
2106,3.8999999999999986,3.6959999999999993,0.05,0.07746120542287827
2107,-4.499999999999998,3.527999999999999,0.05,1.6577633619308472
2108,3.8999999999999986,3.527999999999999,0.05,0.08839130401611328
2109,0.9000000000000004,3.467999999999999,0.05,1.3438516855239868
2110,3.8999999999999986,3.467999999999999,0.05,1.7706570625305176
2111,3.8999999999999986,3.467999999999999,0.05,1.7898001670837402
2112,3.8999999999999986,3.467999999999999,0.05,0.06406864523887634
2113,3.8999999999999986,3.467999999999999,0.05,0.11418803781270981
2114,3.8999999999999986,3.467999999999999,0.05,0.1355912983417511
2115,3.8999999999999986,3.467999999999999,0.05,0.21822711825370789
2116,-0.29999999999999893,3.3839999999999986,0.05,3.5568761825561523
2117,0.3000000000000007,3.311999999999999,0.05,5.081901550292969
2118,3.8999999999999986,3.3119999999999994,0.05,1.7161403894424438
2119,3.8999999999999986,3.3119999999999994,0.05,0.10498884320259094
2120,3.8999999999999986,3.3119999999999994,0.05,0.1422135978937149
2121,3.8999999999999986,3.3119999999999994,0.05,1.8432432413101196
2122,3.8999999999999986,3.3119999999999994,0.05,0.17093700170516968
2123,3.8999999999999986,3.3119999999999994,0.05,2.174204111099243
2124,3.8999999999999986,3.3119999999999994,0.05,0.15443682670593262
2125,3.8999999999999986,3.3119999999999994,0.05,1.6952755451202393
2126,3.8999999999999986,3.3119999999999994,0.05,4.77519416809082
2127,3.8999999999999986,3.3119999999999994,0.05,3.5204360485076904
2128,3.8999999999999986,3.3119999999999994,0.05,1.6499310731887817
2129,3.8999999999999986,3.3119999999999994,0.05,1.8414701223373413
2130,3.8999999999999986,3.3119999999999994,0.05,3.181140422821045
2131,3.8999999999999986,3.3119999999999994,0.05,5.4289960861206055
2132,3.8999999999999986,3.3119999999999994,0.05,2.4426591396331787
2133,-3.899999999999998,3.1559999999999993,0.05,3.3893826007843018
2134,-0.29999999999999893,3.0719999999999987,0.05,0.5651422739028931
2135,3.8999999999999986,3.0719999999999987,0.05,0.042497847229242325
2136,3.8999999999999986,3.071999999999999,0.05,3.294813871383667
2137,3.8999999999999986,3.071999999999999,0.05,0.1848616600036621
2138,3.8999999999999986,3.1919999999999993,0.05,4.23908805847168
2139,3.8999999999999986,3.1919999999999993,0.05,0.44501906633377075
2140,-3.299999999999998,3.047999999999999,0.05,3.6962106227874756
2141,3.8999999999999986,3.047999999999999,0.05,5.56080961227417
2142,3.8999999999999986,3.0479999999999996,0.05,3.6651012897491455
2143,3.8999999999999986,3.0479999999999996,0.05,0.226529061794281
2144,3.8999999999999986,3.0479999999999996,0.05,0.33611175417900085
2145,3.8999999999999986,3.0479999999999996,0.05,1.7297002077102661
2146,3.8999999999999986,3.0479999999999996,0.05,0.12777791917324066
2147,3.8999999999999986,3.0479999999999996,0.05,0.1958608627319336
2148,3.8999999999999986,3.0479999999999996,0.05,3.1930017471313477
2149,3.8999999999999986,3.1319999999999992,0.05,0.07511156797409058
2150,3.8999999999999986,3.1319999999999992,0.05,1.9149065017700195
2151,3.8999999999999986,3.1319999999999992,0.05,1.6707404851913452
2152,3.8999999999999986,3.1319999999999992,0.05,1.8164490461349487
2153,3.8999999999999986,3.1319999999999992,0.05,3.1662559509277344
2154,3.8999999999999986,3.1319999999999992,0.05,1.8638654947280884
2155,3.8999999999999986,3.1319999999999992,0.05,0.03186158463358879
2156,3.8999999999999986,3.1319999999999992,0.05,1.6455005407333374
2157,3.8999999999999986,3.299999999999999,0.05,3.262375593185425
2158,3.8999999999999986,3.299999999999999,0.05,0.05878819525241852
2159,-0.8999999999999986,3.2639999999999993,0.05,1.78733229637146
2160,3.8999999999999986,3.2639999999999985,0.05,7.149913311004639
2161,3.8999999999999986,3.2639999999999993,0.05,3.460149049758911
2162,3.8999999999999986,3.2639999999999993,0.05,3.61279559135437
2163,3.8999999999999986,3.2639999999999993,0.05,0.44519346952438354
2164,3.8999999999999986,3.2639999999999993,0.05,1.7038663625717163
2165,3.8999999999999986,3.2639999999999993,0.05,0.2331555187702179
2166,3.8999999999999986,3.3479999999999994,0.05,0.20437979698181152
2167,-5.699999999999998,3.227999999999999,0.05,1.6612260341644287
2168,3.8999999999999986,3.227999999999999,0.05,5.084731101989746
2169,3.8999999999999986,3.2279999999999998,0.05,3.769583225250244
2170,3.8999999999999986,3.2279999999999998,0.05,0.21291932463645935
2171,3.8999999999999986,3.227999999999999,0.05,0.15433025360107422
2172,1.5,3.1799999999999993,0.05,2.9714877605438232
2173,1.5000000000000027,3.1319999999999992,0.05,0.18063998222351074
2174,3.8999999999999986,3.1319999999999992,0.05,0.40814104676246643
2175,3.8999999999999986,3.1319999999999992,0.05,0.05250506103038788
2176,3.8999999999999986,3.1319999999999992,0.05,3.80238938331604
2177,3.8999999999999986,3.1319999999999992,0.05,1.5514776706695557
2178,3.8999999999999986,3.1319999999999992,0.05,1.836656093597412
2179,3.8999999999999986,3.1319999999999992,0.05,3.1082491874694824
2180,3.8999999999999986,3.1319999999999992,0.05,3.5026915073394775
2181,3.8999999999999986,3.1319999999999992,0.05,4.166638374328613
2182,3.8999999999999986,3.1319999999999992,0.05,1.6925288438796997
2183,0.3000000000000016,3.2159999999999997,0.05,1.7744921445846558
2184,3.8999999999999986,3.2999999999999994,0.05,3.6525373458862305
2185,3.8999999999999986,3.2999999999999994,0.05,3.1619691848754883
2186,1.5000000000000027,3.2519999999999993,0.05,0.4674111604690552
2187,3.8999999999999986,3.251999999999999,0.05,4.952365875244141
2188,2.0999999999999996,3.2159999999999993,0.05,3.2729408740997314
2189,3.8999999999999986,3.2159999999999993,0.05,3.723513126373291
2190,3.8999999999999986,3.3599999999999994,0.05,0.10197785496711731
2191,3.8999999999999986,3.359999999999999,0.05,0.5218018293380737
2192,-3.899999999999998,3.2039999999999993,0.05,4.790560245513916
2193,3.8999999999999986,3.203999999999999,0.05,0.05878158286213875
2194,-3.299999999999998,3.0599999999999987,0.05,3.459602117538452
2195,3.8999999999999986,3.0599999999999996,0.05,2.1295223236083984
2196,3.8999999999999986,3.0599999999999996,0.05,0.04772495478391647
2197,3.8999999999999986,3.0599999999999987,0.05,1.8745453357696533
2198,3.8999999999999986,3.0599999999999996,0.05,0.09239587932825089
2199,2.700000000000003,3.035999999999999,0.05,3.432748317718506
2200,3.8999999999999986,3.0359999999999996,0.05,3.805299758911133
2201,1.5000000000000027,2.987999999999999,0.05,0.0878782570362091
2202,3.8999999999999986,2.9879999999999995,0.05,1.729820728302002
2203,3.8999999999999986,2.9879999999999995,0.05,3.59214186668396
2204,3.8999999999999986,2.9879999999999995,0.05,1.8419616222381592
2205,3.8999999999999986,2.9879999999999995,0.05,1.7470991611480713
2206,3.8999999999999986,2.9879999999999995,0.05,3.6001086235046387
2207,-2.699999999999998,2.856,0.05,5.105215549468994
2208,3.8999999999999986,2.856,0.05,6.118312835693359
2209,3.8999999999999986,2.9519999999999995,0.05,1.483045220375061
2210,3.8999999999999986,2.9519999999999995,0.05,4.902651309967041
2211,-0.8999999999999984,2.855999999999999,0.05,0.3249782621860504
2212,3.8999999999999986,2.855999999999999,0.05,1.565618872642517
2213,3.8999999999999986,2.856,0.05,3.53566837310791
2214,3.8999999999999986,2.8560000000000003,0.05,0.2977496385574341
2215,1.5,2.8079999999999994,0.05,3.2594141960144043
2216,3.8999999999999986,2.8080000000000003,0.05,0.07881755381822586
2217,3.8999999999999986,3.0,0.05,4.973915100097656
2218,2.700000000000003,2.9760000000000004,0.05,2.9922993183135986
2219,3.8999999999999986,2.9759999999999995,0.05,0.05645317584276199
2220,3.8999999999999986,2.9760000000000004,0.05,1.635532259941101
2221,3.8999999999999986,2.9759999999999995,0.05,6.903879642486572
2222,3.8999999999999986,3.0239999999999996,0.05,1.643054723739624
2223,3.8999999999999986,3.072,0.05,1.8541996479034424
2224,3.8999999999999986,3.071999999999999,0.05,4.767916202545166
2225,3.8999999999999986,3.071999999999999,0.05,1.7727298736572266
2226,3.8999999999999986,3.071999999999999,0.05,3.4579687118530273
2227,-5.099999999999998,2.892,0.05,0.643069863319397
2228,3.8999999999999986,2.8919999999999995,0.05,6.324584484100342
2229,3.8999999999999986,2.8919999999999995,0.05,0.060066789388656616
2230,3.8999999999999986,2.8919999999999995,0.05,0.2167450338602066
2231,3.8999999999999986,2.892,0.05,3.19624400138855
2232,3.8999999999999986,2.8919999999999995,0.05,0.04064116254448891
2233,4.399999999999997,2.9739999999999998,0.05,0.09954066574573517
2234,3.8999999999999986,2.9739999999999998,0.05,9.096258163452148
2235,-6.899999999999999,2.7579999999999996,0.05,1.6742281913757324
2236,1.5,2.757999999999999,0.05,4.837653160095215
2237,3.8999999999999986,2.7579999999999996,0.05,0.04926491528749466
2238,3.8999999999999986,2.7939999999999996,0.05,3.4303524494171143
2239,3.8999999999999986,2.7939999999999996,0.05,3.6021628379821777
2240,-3.299999999999998,2.6499999999999995,0.05,0.35811907052993774
2241,3.8999999999999986,2.6499999999999995,0.05,1.572765588760376
2242,0.3000000000000007,2.734,0.05,0.14841896295547485
2243,3.8999999999999986,2.734,0.05,7.987439155578613
2244,3.8999999999999986,2.8779999999999997,0.05,2.0908987522125244
2245,-5.699999999999998,2.6859999999999995,0.05,0.07259219139814377
2246,3.8999999999999986,2.6859999999999995,0.05,0.09495825320482254
2247,3.8999999999999986,2.6859999999999995,0.05,0.06902359426021576
2248,3.8999999999999986,2.6859999999999995,0.05,1.9792864322662354
2249,3.8999999999999986,2.7099999999999995,0.05,4.808891773223877
2250,3.8999999999999986,2.7099999999999995,0.05,5.167787551879883
2251,3.8999999999999986,2.7579999999999996,0.05,3.41731858253479
2252,3.8999999999999986,2.7579999999999996,0.05,0.05795634910464287
2253,3.8999999999999986,2.7579999999999996,0.05,0.13758885860443115
2254,3.8999999999999986,2.7579999999999996,0.05,0.11674140393733978
2255,3.8999999999999986,2.7579999999999996,0.05,0.12395977228879929
2256,3.8999999999999986,2.7579999999999996,0.05,0.18079319596290588
2257,3.8999999999999986,2.889999999999999,0.05,1.7543014287948608
2258,3.8999999999999986,2.8899999999999992,0.05,0.15763406455516815
2259,3.8999999999999986,2.8899999999999992,0.05,1.671114444732666
2260,3.8999999999999986,2.8899999999999992,0.05,3.3048431873321533
2261,3.8999999999999986,2.985999999999999,0.05,0.0912410169839859
2262,3.8999999999999986,2.985999999999999,0.05,6.42415714263916
2263,-5.699999999999998,2.793999999999999,0.05,1.5243563652038574
2264,3.8999999999999986,2.793999999999999,0.05,3.502140998840332
2265,3.8999999999999986,2.841999999999999,0.05,1.6568679809570312
2266,-6.899999999999999,2.625999999999999,0.05,0.04119464010000229
2267,0.9000000000000004,2.565999999999999,0.05,2.1989245414733887
2268,3.8999999999999986,2.5899999999999994,0.05,1.8494709730148315
2269,3.8999999999999986,2.5899999999999994,0.05,3.4406228065490723
2270,3.8999999999999986,2.5899999999999994,0.05,1.6496740579605103
2271,3.8999999999999986,2.5899999999999994,0.05,2.600468397140503
2272,3.8999999999999986,2.5899999999999994,0.05,0.05840347707271576
2273,4.999999999999995,2.611999999999999,0.05,1.9908175468444824
2274,-4.499999999999998,2.443999999999999,0.05,5.115536689758301
2275,4.799999999999995,2.461999999999999,0.05,1.8279155492782593
2276,3.8999999999999986,2.4619999999999993,0.05,3.465407133102417
2277,3.8999999999999986,2.6419999999999995,0.05,3.0566792488098145
2278,3.8999999999999986,2.6419999999999995,0.05,4.7748122215271
2279,3.8999999999999986,2.6419999999999995,0.05,1.5092474222183228
2280,-3.299999999999998,2.4979999999999993,0.05,1.5491317510604858
2281,3.8999999999999986,2.497999999999999,0.05,0.1953970044851303
2282,3.8999999999999986,2.4979999999999993,0.05,0.07356049120426178
2283,3.8999999999999986,2.487999999999999,0.05,1.566361904144287
2284,3.8999999999999986,2.487999999999999,0.05,1.4104454517364502
2285,3.8999999999999986,2.7039999999999993,0.05,0.3623170256614685
2286,3.8999999999999986,2.7519999999999993,0.05,3.2457144260406494
2287,3.8999999999999986,2.7519999999999993,0.05,3.211808204650879
2288,-2.099999999999998,2.6319999999999992,0.05,0.06651833653450012
2289,3.8999999999999986,2.6319999999999992,0.05,6.17641544342041
2290,3.8999999999999986,2.775999999999999,0.05,1.8658779859542847
2291,2.700000000000003,2.7519999999999993,0.05,1.8294700384140015
2292,3.8999999999999986,2.8239999999999994,0.05,0.24285195767879486
2293,3.8999999999999986,2.8239999999999994,0.05,2.9967381954193115
2294,2.0999999999999996,2.787999999999999,0.05,0.22804132103919983
2295,6.199999999999994,3.0259999999999985,0.05,1.7973394393920898
2296,1.5000000000000013,2.9779999999999984,0.05,1.5408200025558472
2297,3.8999999999999986,2.977999999999999,0.05,1.5066659450531006
2298,-4.499999999999998,2.8099999999999987,0.05,1.5803000926971436
2299,5.999999999999995,2.8519999999999985,0.05,0.09780457615852356
2300,4.099999999999998,2.8559999999999985,0.05,1.5668485164642334
2301,3.8999999999999986,2.855999999999999,0.05,3.056997776031494
2302,3.8999999999999986,2.855999999999999,0.05,0.11642540246248245
2303,-2.099999999999998,2.735999999999999,0.05,1.7958046197891235
2304,3.8999999999999986,2.735999999999999,0.05,1.7555235624313354
2305,3.8999999999999986,2.735999999999999,0.05,2.9367682933807373
2306,-3.899999999999998,2.5799999999999987,0.05,3.2917892932891846
2307,-5.699999999999998,2.387999999999999,0.05,1.412697672843933
2308,3.8999999999999986,2.387999999999999,0.05,3.2161717414855957
2309,2.0999999999999996,2.3519999999999985,0.05,1.7560456991195679
2310,3.8999999999999986,2.3519999999999985,0.05,6.144529342651367
2311,4.1999999999999975,2.357999999999999,0.05,0.5014173984527588
2312,3.8999999999999986,2.3579999999999988,0.05,0.3248135447502136
2313,-3.299999999999998,2.4059999999999993,0.05,4.715700626373291
2314,3.8999999999999986,2.4059999999999993,0.05,2.995063304901123
2315,3.8999999999999986,2.4059999999999993,0.05,5.959516525268555
2316,3.8999999999999986,2.6219999999999994,0.05,3.137033224105835
2317,3.8999999999999986,2.6819999999999995,0.05,3.274096727371216
2318,3.8999999999999986,2.6819999999999995,0.05,0.05957704037427902
2319,3.8999999999999986,2.6819999999999995,0.05,0.19140133261680603
2320,3.8999999999999986,2.6819999999999995,0.05,1.43165123462677
2321,3.8999999999999986,2.6819999999999995,0.05,2.9899630546569824
2322,-0.29999999999999893,2.5979999999999985,0.05,0.06872108578681946
2323,3.8999999999999986,2.575999999999999,0.05,3.047088623046875
2324,3.8999999999999986,2.7439999999999998,0.05,1.5799132585525513
2325,3.8999999999999986,2.725999999999999,0.05,2.977600336074829
2326,3.8999999999999986,2.725999999999999,0.05,1.532230019569397
2327,3.8999999999999986,2.7259999999999995,0.05,6.456352710723877
2328,4.1999999999999975,2.731999999999999,0.05,1.510654330253601
2329,3.8999999999999986,2.731999999999999,0.05,4.56992769241333
2330,3.8999999999999986,2.875999999999999,0.05,3.214838981628418
2331,3.8999999999999986,2.875999999999999,0.05,0.4200173616409302
2332,-3.899999999999998,2.719999999999999,0.05,2.9550282955169678
2333,3.8999999999999986,2.719999999999999,0.05,3.1503772735595703
2334,4.799999999999995,2.737999999999999,0.05,0.04725322127342224
2335,3.8999999999999986,2.737999999999999,0.05,4.953717231750488
2336,3.8999999999999986,2.7379999999999995,0.05,0.03254799544811249
2337,3.8999999999999986,2.7379999999999995,0.05,0.03033972531557083
2338,1.5,2.8099999999999996,0.05,2.938021183013916
2339,-1.4999999999999982,2.7019999999999995,0.05,4.549874305725098
2340,3.8999999999999986,2.7019999999999995,0.05,3.2075417041778564
2341,3.8999999999999986,2.725999999999999,0.05,4.921576976776123
2342,3.8999999999999986,2.7259999999999995,0.05,1.7970130443572998
2343,3.8999999999999986,2.725999999999999,0.05,4.666666030883789
2344,0.9000000000000004,2.7019999999999995,0.05,1.6756181716918945
2345,4.799999999999995,2.6739999999999986,0.05,1.4531755447387695
2346,3.8999999999999986,2.7219999999999986,0.05,0.03724653273820877
2347,3.8999999999999986,2.7219999999999995,0.05,0.05962700396776199
2348,3.8999999999999986,2.889999999999999,0.05,0.16327068209648132
2349,-5.699999999999999,2.6559999999999997,0.05,1.4700473546981812
2350,-4.499999999999998,2.483999999999999,0.05,4.715892791748047
2351,3.8999999999999986,2.483999999999999,0.05,0.0641806572675705
2352,3.8999999999999986,2.483999999999999,0.05,4.715140342712402
2353,3.8999999999999986,2.603999999999999,0.05,6.06298303604126
2354,-6.299999999999999,2.399999999999999,0.05,0.07289683073759079
2355,-6.899999999999999,2.1839999999999993,0.05,0.11136697232723236
2356,3.8999999999999986,2.339999999999999,0.05,0.23582445085048676
2357,-3.299999999999998,2.3879999999999995,0.05,2.9835588932037354
2358,1.5,2.339999999999999,0.05,1.7086763381958008
2359,3.8999999999999986,2.375999999999999,0.05,4.451969146728516
2360,-0.8999999999999987,2.279999999999999,0.05,3.485908031463623
2361,-6.899999999999999,2.057999999999999,0.05,1.4898278713226318
2362,3.8999999999999986,2.0579999999999994,0.05,0.05963806062936783
2363,3.8999999999999986,2.2019999999999995,0.05,1.5906740427017212
2364,3.8999999999999986,2.2019999999999995,0.05,1.796316146850586
2365,3.8999999999999986,2.2019999999999995,0.05,1.6355520486831665
2366,3.8999999999999986,2.2019999999999995,0.05,6.124283790588379
2367,2.700000000000003,2.177999999999999,0.05,3.0808277130126953
2368,2.700000000000003,2.153999999999999,0.05,0.1202014684677124
2369,3.8999999999999986,2.153999999999999,0.05,0.13829433917999268
2370,-1.4999999999999982,2.045999999999999,0.05,0.11164151132106781
2371,3.8999999999999986,2.045999999999999,0.05,0.06096596270799637
2372,0.3000000000000016,2.0579999999999994,0.05,1.3522337675094604
2373,-2.099999999999998,1.9379999999999993,0.05,0.047957710921764374
2374,3.8999999999999986,1.9379999999999995,0.05,1.5059709548950195
2375,-2.099999999999998,1.8179999999999996,0.05,1.5551942586898804
2376,3.8999999999999986,1.8179999999999996,0.05,1.5838377475738525
2377,3.8999999999999986,1.8179999999999996,0.05,0.43807271122932434
2378,-4.499999999999998,1.6439999999999997,0.05,0.07861632108688354
2379,3.8999999999999986,1.6439999999999997,0.05,4.331655025482178
2380,0.9000000000000004,1.5839999999999999,0.05,2.6184847354888916
2381,-1.4999999999999982,1.4759999999999998,0.05,1.4651288986206055
2382,3.8999999999999986,1.632,0.05,2.802598476409912
2383,4.799999999999995,1.6499999999999997,0.05,4.5247697830200195
2384,4.899999999999995,1.6519999999999997,0.05,0.13242647051811218
2385,3.8999999999999986,1.6519999999999992,0.05,1.8709027767181396
2386,4.699999999999996,1.6679999999999995,0.05,2.7075719833374023
2387,3.8999999999999986,1.6679999999999995,0.05,3.758279323577881
2388,-4.499999999999998,1.5479999999999996,0.05,2.003316879272461
2389,3.8999999999999986,1.6559999999999997,0.05,3.3894107341766357
2390,3.8999999999999986,1.6559999999999997,0.05,4.330796718597412
2391,3.8999999999999986,1.6559999999999997,0.05,5.798707485198975
2392,3.8999999999999986,1.6559999999999997,0.05,1.2571865320205688
2393,4.1999999999999975,1.6619999999999997,0.05,0.045381661504507065
2394,-5.099999999999998,1.5419999999999996,0.05,1.6712024211883545
2395,-6.899999999999999,1.3079999999999996,0.05,4.424834728240967
2396,3.8999999999999986,1.3079999999999996,0.05,4.0986762046813965
2397,3.8999999999999986,1.3079999999999996,0.05,4.466211318969727
2398,-4.499999999999998,1.1399999999999995,0.05,1.674851655960083
2399,3.8999999999999986,1.3319999999999994,0.05,1.3585529327392578
2400,3.8999999999999986,1.4999999999999993,0.05,2.7045750617980957
2401,8.399999999999986,1.5899999999999996,0.05,3.064321994781494
2402,3.8999999999999986,1.5899999999999994,0.05,3.120974063873291
2403,3.8999999999999986,1.5899999999999994,0.05,1.5987194776535034
2404,1.5000000000000027,1.745999999999999,0.05,0.15878093242645264
2405,4.399999999999997,1.971999999999999,0.05,3.147639751434326
2406,3.8999999999999986,1.9719999999999986,0.05,1.7952122688293457
2407,3.8999999999999986,2.1159999999999997,0.05,1.584917664527893
2408,3.8999999999999986,2.1639999999999993,0.05,1.4427343606948853
2409,3.8999999999999986,2.1639999999999993,0.05,0.23364003002643585
2410,3.8999999999999986,2.2599999999999993,0.05,0.08263305574655533
2411,3.8999999999999986,2.475999999999999,0.05,7.116616249084473
2412,3.8999999999999986,2.475999999999999,0.05,3.149305820465088
2413,3.8999999999999986,2.475999999999999,0.05,0.03138625994324684
2414,3.8999999999999986,2.475999999999999,0.05,2.8246912956237793
2415,0.30000000000000204,2.403999999999999,0.05,1.5916032791137695
2416,3.8999999999999986,2.403999999999999,0.05,3.332775592803955
2417,3.8999999999999986,2.427999999999999,0.05,7.728724002838135
2418,3.8999999999999986,2.4519999999999986,0.05,4.282614231109619
2419,3.8999999999999986,2.4519999999999995,0.05,0.3654634952545166
2420,3.8999999999999986,2.5599999999999987,0.05,1.4013139009475708
2421,3.8999999999999986,2.5599999999999987,0.05,1.5271859169006348
2422,4.1999999999999975,2.6379999999999986,0.05,0.3574797511100769
2423,3.8999999999999986,2.757999999999999,0.05,1.6306898593902588
2424,3.8999999999999986,2.757999999999999,0.05,2.8341634273529053
2425,-3.299999999999998,2.7339999999999987,0.05,0.10055563598871231
2426,3.9999999999999982,2.7359999999999984,0.05,0.2721155285835266
2427,3.8999999999999986,2.7359999999999984,0.05,1.5880577564239502
2428,3.8999999999999986,2.9039999999999986,0.05,0.041652530431747437
2429,3.8999999999999986,2.9039999999999986,0.05,1.2984079122543335
2430,3.8999999999999986,2.9639999999999986,0.05,2.9024548530578613
2431,-2.699999999999998,2.939999999999999,0.05,0.04198109358549118
2432,3.8999999999999986,2.939999999999999,0.05,0.04777861386537552
2433,-2.099999999999998,2.8019999999999987,0.05,0.050363220274448395
2434,3.8999999999999986,2.781999999999999,0.05,1.322644829750061
2435,3.8999999999999986,2.781999999999999,0.05,3.166193962097168
2436,3.8999999999999986,2.765999999999999,0.05,0.09060268104076385
2437,3.8999999999999986,2.765999999999999,0.05,1.2938693761825562
2438,3.8999999999999986,2.9339999999999993,0.05,1.2903152704238892
2439,3.8999999999999986,2.9339999999999993,0.05,1.698421597480774
2440,3.8999999999999986,2.9339999999999993,0.05,2.910952568054199
2441,3.8999999999999986,2.9339999999999993,0.05,2.734323501586914
2442,3.8999999999999986,2.9339999999999993,0.05,1.373250126838684
2443,3.8999999999999986,2.927999999999999,0.05,2.9614028930664062
2444,3.8999999999999986,3.1079999999999997,0.05,0.17442239820957184
2445,3.8999999999999986,3.3239999999999994,0.05,3.459486484527588
2446,3.8999999999999986,3.3239999999999994,0.05,2.9333910942077637
2447,3.8999999999999986,3.3239999999999994,0.05,0.0672476589679718
2448,3.8999999999999986,3.491999999999999,0.05,1.4256162643432617
2449,3.8999999999999986,3.491999999999999,0.05,1.5929594039916992
2450,3.9999999999999982,3.4939999999999993,0.05,0.027202092111110687
2451,3.8999999999999986,3.403999999999999,0.05,1.4084327220916748
2452,3.8999999999999986,3.404,0.05,1.357768177986145
2453,3.8999999999999986,3.404,0.05,0.15179845690727234
2454,3.8999999999999986,3.4519999999999995,0.05,0.16413581371307373
2455,3.8999999999999986,3.4419999999999993,0.05,0.21314580738544464
2456,0.30000000000000226,3.369999999999999,0.05,4.517067909240723
2457,3.8999999999999986,3.369999999999999,0.05,5.267458915710449
2458,-2.099999999999998,3.2499999999999987,0.05,1.5459764003753662
2459,4.099999999999998,3.2539999999999987,0.05,0.09747503697872162
2460,4.099999999999998,3.2579999999999982,0.05,4.351883411407471
2461,3.8999999999999986,3.2579999999999996,0.05,0.026103146374225616
2462,3.8999999999999986,3.257999999999999,0.05,3.938375234603882
2463,3.8999999999999986,3.2579999999999996,0.05,1.4864805936813354
2464,3.8999999999999986,3.257999999999999,0.05,4.604280471801758
2465,3.8999999999999986,3.3299999999999996,0.05,1.741799235343933
2466,3.8999999999999986,3.3299999999999987,0.05,1.6351885795593262
2467,3.8999999999999986,3.3299999999999996,0.05,4.091299533843994
2468,4.399999999999997,3.339999999999999,0.05,1.2758599519729614
2469,3.8999999999999986,3.3399999999999994,0.05,0.2851317524909973
2470,6.5999999999999925,3.393999999999999,0.05,7.726004123687744
2471,3.8999999999999986,3.393999999999999,0.05,6.675498962402344
2472,4.299999999999997,3.395999999999999,0.05,1.6848852634429932
2473,3.8999999999999986,3.3959999999999995,0.05,0.03441933915019035
2474,4.399999999999997,3.4059999999999993,0.05,2.9574363231658936
2475,3.8999999999999986,3.549999999999999,0.05,2.569214105606079
2476,1.5,3.4999999999999987,0.05,1.7463083267211914
2477,3.8999999999999986,3.4999999999999987,0.05,0.15954925119876862
2478,3.8999999999999986,3.4999999999999987,0.05,0.04220541566610336
2479,3.8999999999999986,3.4999999999999987,0.05,2.52311372756958
2480,3.8999999999999986,3.4999999999999987,0.05,1.7823973894119263
2481,5.999999999999995,3.673999999999999,0.05,4.371800899505615
2482,3.8999999999999986,3.673999999999999,0.05,2.863349437713623
2483,3.8999999999999986,3.7939999999999987,0.05,1.4013526439666748
2484,6.099999999999994,3.8379999999999983,0.05,0.04852493852376938
2485,3.8999999999999986,3.8379999999999983,0.05,1.598351001739502
2486,3.8999999999999986,3.8379999999999983,0.05,1.6565008163452148
2487,4.4999999999999964,3.8499999999999983,0.05,1.4004018306732178
2488,4.599999999999996,3.863999999999998,0.05,5.722287654876709
2489,0.9000000000000004,3.803999999999998,0.05,0.08146849274635315
2490,10.499999999999982,3.9359999999999973,0.05,1.5575289726257324
2491,3.8999999999999986,3.935999999999998,0.05,5.13328742980957
2492,3.8999999999999986,3.935999999999998,0.05,0.018688125535845757
2493,3.8999999999999986,3.935999999999998,0.05,2.825921058654785
2494,6.5999999999999925,3.9899999999999975,0.05,2.9903059005737305
2495,3.8999999999999986,3.9899999999999975,0.05,0.03473646566271782
2496,3.8999999999999986,3.9899999999999975,0.05,0.04602323845028877
2497,5.999999999999995,4.031999999999997,0.05,1.3728541135787964
2498,3.8999999999999986,4.031999999999997,0.05,2.7980399131774902
2499,4.4999999999999964,4.043999999999998,0.05,1.5696271657943726
2500,3.9999999999999982,4.043999999999998,0.05,0.04445653781294823
2501,3.8999999999999986,4.043999999999998,0.05,1.298263669013977
2502,4.999999999999995,4.065999999999997,0.05,1.4594935178756714
2503,3.8999999999999986,4.065999999999997,0.05,3.958681583404541
2504,3.8999999999999986,4.065999999999998,0.05,1.4667695760726929
2505,3.8999999999999986,4.065999999999998,0.05,0.2248237133026123
2506,3.9999999999999982,4.139999999999997,0.05,0.04717934876680374
2507,3.8999999999999986,4.139999999999998,0.05,2.7649295330047607
2508,6.799999999999992,4.317999999999997,0.05,0.06061558425426483
2509,6.699999999999992,4.369999999999997,0.05,1.3931514024734497
2510,3.8999999999999986,4.365999999999997,0.05,0.04991203546524048
2511,3.8999999999999986,4.365999999999998,0.05,2.6669793128967285
2512,4.399999999999997,4.375999999999998,0.05,1.4709304571151733
2513,3.8999999999999986,4.375999999999998,0.05,1.4711291790008545
2514,4.899999999999995,4.395999999999998,0.05,1.268062710762024
2515,4.4999999999999964,4.407999999999998,0.05,2.8523197174072266
2516,6.099999999999994,4.451999999999997,0.05,5.804597854614258
2517,3.8999999999999986,4.451999999999997,0.05,1.3067277669906616
2518,3.8999999999999986,4.4419999999999975,0.05,3.77034592628479
2519,3.8999999999999986,4.4419999999999975,0.05,0.24157041311264038
2520,3.8999999999999986,4.387999999999997,0.05,1.564700722694397
2521,3.8999999999999986,4.387999999999997,0.05,0.19396597146987915
2522,8.399999999999986,4.469999999999997,0.05,0.03797175735235214
2523,3.8999999999999986,4.469999999999997,0.05,4.143887996673584
2524,3.8999999999999986,4.459999999999997,0.05,2.8678698539733887
2525,3.8999999999999986,4.459999999999997,0.05,1.4221892356872559
2526,3.8999999999999986,4.507999999999997,0.05,0.06084083020687103
2527,3.8999999999999986,4.507999999999997,0.05,0.05189326032996178
2528,4.4999999999999964,4.519999999999997,0.05,0.02700299210846424
2529,3.8999999999999986,4.519999999999997,0.05,0.05748746171593666
2530,8.399999999999986,4.609999999999997,0.05,1.3435567617416382
2531,6.099999999999994,4.6119999999999965,0.05,1.3424309492111206
2532,3.8999999999999986,4.611999999999997,0.05,0.015021374449133873
2533,6.299999999999994,4.659999999999997,0.05,1.214089274406433
2534,3.8999999999999986,4.615999999999997,0.05,0.05456361919641495
2535,4.299999999999997,4.623999999999996,0.05,0.02786026895046234
2536,4.099999999999998,4.627999999999997,0.05,2.9261088371276855
2537,4.699999999999996,4.631999999999996,0.05,2.5868418216705322
2538,3.8999999999999986,4.617999999999997,0.05,5.1312384605407715
2539,3.8999999999999986,4.677999999999996,0.05,5.469076156616211
2540,3.8999999999999986,4.545999999999998,0.05,1.4652624130249023
2541,3.8999999999999986,4.545999999999998,0.05,1.3594918251037598
2542,3.8999999999999986,4.545999999999997,0.05,0.3461952209472656
2543,3.8999999999999986,4.545999999999998,0.05,0.019533658400177956
2544,3.8999999999999986,4.491999999999997,0.05,1.4562897682189941
2545,3.8999999999999986,4.491999999999997,0.05,2.7255358695983887
2546,8.399999999999986,4.581999999999996,0.05,0.06390856206417084
2547,10.799999999999981,4.677999999999996,0.05,2.6816465854644775
2548,4.4999999999999964,4.689999999999996,0.05,1.2087182998657227
2549,4.299999999999997,4.685999999999996,0.05,5.643450736999512
2550,4.1999999999999975,4.689999999999997,0.05,3.86738657951355
2551,3.8999999999999986,4.689999999999997,0.05,1.3809771537780762
2552,4.599999999999996,4.681999999999997,0.05,1.4049204587936401
2553,4.399999999999997,4.691999999999997,0.05,1.2819100618362427
2554,3.8999999999999986,4.691999999999997,0.05,2.6685996055603027
2555,4.4999999999999964,4.703999999999997,0.05,0.05163270980119705
2556,4.899999999999995,4.721999999999997,0.05,1.3887971639633179
2557,4.899999999999995,4.741999999999996,0.05,0.034387458115816116
2558,3.8999999999999986,4.683999999999997,0.05,1.3355164527893066
2559,6.5999999999999925,4.681999999999997,0.05,2.568843126296997
2560,3.8999999999999986,4.681999999999997,0.05,0.07855737209320068
2561,3.8999999999999986,4.681999999999997,0.05,0.1676311492919922
2562,3.8999999999999986,4.671999999999997,0.05,2.9220175743103027
2563,3.8999999999999986,4.671999999999997,0.05,1.2794268131256104
2564,3.8999999999999986,4.6519999999999975,0.05,2.660515308380127
2565,3.9999999999999982,4.641999999999997,0.05,3.9070723056793213
2566,4.4999999999999964,4.609999999999997,0.05,1.1996042728424072
2567,8.399999999999986,4.699999999999997,0.05,3.023167848587036
2568,3.8999999999999986,4.699999999999996,0.05,0.05812247097492218
2569,6.199999999999994,4.745999999999996,0.05,1.4707940816879272
2570,3.8999999999999986,4.745999999999996,0.05,2.7360122203826904
2571,3.8999999999999986,4.745999999999997,0.05,0.5701221227645874
2572,3.8999999999999986,4.655999999999997,0.05,0.03891830891370773
2573,4.1999999999999975,4.661999999999996,0.05,2.8113791942596436
2574,3.8999999999999986,4.661999999999996,0.05,1.4132713079452515
2575,-1.4999999999999982,4.553999999999997,0.05,2.8803462982177734
2576,3.8999999999999986,4.553999999999997,0.05,0.14955651760101318
2577,3.8999999999999986,4.553999999999997,0.05,0.11414153128862381
2578,3.8999999999999986,4.541999999999997,0.05,1.3468443155288696
2579,6.299999999999994,4.589999999999996,0.05,1.387779951095581
2580,6.299999999999994,4.5479999999999965,0.05,1.7351864576339722
2581,3.8999999999999986,4.503999999999996,0.05,1.2890479564666748
2582,3.8999999999999986,4.503999999999997,0.05,0.05831111595034599
2583,4.099999999999998,4.459999999999996,0.05,0.1058286726474762
2584,3.9999999999999982,4.461999999999996,0.05,0.1776663362979889
2585,3.8999999999999986,4.453999999999997,0.05,2.9290614128112793
2586,3.8999999999999986,4.4499999999999975,0.05,1.3290448188781738
2587,4.1999999999999975,4.439999999999997,0.05,1.42814040184021
2588,3.8999999999999986,4.439999999999997,0.05,1.6706221103668213
2589,2.6999999999999993,4.415999999999997,0.05,0.20523276925086975
2590,3.8999999999999986,4.415999999999997,0.05,1.517363429069519
2591,4.599999999999996,4.429999999999996,0.05,2.4281821250915527
2592,8.499999999999986,4.521999999999997,0.05,0.23016832768917084
2593,3.8999999999999986,4.521999999999997,0.05,1.4542338848114014
2594,3.8999999999999986,4.521999999999997,0.05,0.041777804493904114
2595,4.099999999999998,4.525999999999997,0.05,3.9766170978546143
2596,4.4999999999999964,4.447999999999997,0.05,0.02537982165813446
2597,3.8999999999999986,4.309999999999997,0.05,0.06044040620326996
2598,2.4000000000000017,4.267999999999998,0.05,2.8443920612335205
2599,3.8999999999999986,4.259999999999998,0.05,1.1188141107559204
2600,3.8999999999999986,4.253999999999998,0.05,2.882500410079956
2601,4.1999999999999975,4.259999999999997,0.05,1.5199828147888184
2602,3.8999999999999986,4.245999999999998,0.05,2.774292230606079
2603,3.8999999999999986,4.235999999999998,0.05,0.09885623306035995
2604,3.8999999999999986,4.235999999999998,0.05,1.2863351106643677
2605,3.8999999999999986,4.2239999999999975,0.05,2.602827548980713
2606,3.9999999999999982,4.205999999999998,0.05,0.06986459344625473
2607,4.899999999999995,4.205999999999998,0.05,2.638676643371582
2608,3.8999999999999986,4.205999999999998,0.05,2.8480758666992188
2609,3.8999999999999986,4.151999999999998,0.05,0.04889767989516258
2610,8.399999999999986,4.241999999999997,0.05,0.03310650587081909
2611,4.699999999999996,4.257999999999997,0.05,0.06723632663488388
2612,3.8999999999999986,4.257999999999998,0.05,1.1687877178192139
2613,3.8999999999999986,4.257999999999997,0.05,0.03834562003612518
2614,3.8999999999999986,4.257999999999997,0.05,2.6572153568267822
2615,4.299999999999997,4.263999999999998,0.05,2.61797833442688
2616,3.8999999999999986,4.251999999999998,0.05,2.731105089187622
2617,3.8999999999999986,4.161999999999998,0.05,0.12311189621686935
2618,3.8999999999999986,4.161999999999997,0.05,0.06917843967676163
2619,3.8999999999999986,4.115999999999998,0.05,0.13273018598556519
2620,10.799999999999981,4.253999999999998,0.05,0.12835374474525452
2621,3.8999999999999986,4.253999999999998,0.05,0.05372397601604462
2622,6.099999999999994,4.297999999999997,0.05,0.11400173604488373
2623,5.999999999999995,4.333999999999997,0.05,3.2438173294067383
2624,6.199999999999994,4.379999999999996,0.05,1.5631542205810547
2625,12.899999999999974,4.667999999999996,0.05,2.6857523918151855
2626,3.8999999999999986,4.667999999999997,0.05,0.06785652786493301
2627,4.299999999999997,4.675999999999997,0.05,0.40657269954681396
2628,4.899999999999995,4.695999999999996,0.05,2.7534713745117188
2629,4.699999999999996,4.663999999999996,0.05,1.5030181407928467
2630,3.9999999999999982,4.617999999999996,0.05,2.6459052562713623
2631,3.8999999999999986,4.617999999999997,0.05,0.05910205841064453
2632,3.8999999999999986,4.617999999999998,0.05,1.3778737783432007
2633,8.899999999999984,4.713999999999996,0.05,2.5782811641693115
2634,6.099999999999994,4.755999999999997,0.05,2.6887171268463135
2635,3.8999999999999986,4.755999999999997,0.05,1.263060450553894
2636,4.699999999999996,4.771999999999997,0.05,1.2539132833480835
2637,4.4999999999999964,4.777999999999996,0.05,2.662626266479492
2638,4.399999999999997,4.787999999999996,0.05,3.9413681030273438
2639,8.399999999999986,4.901999999999996,0.05,0.05766964331269264
2640,5.999999999999995,4.9439999999999955,0.05,2.5002317428588867
2641,3.8999999999999986,4.929999999999996,0.05,0.05413822829723358
2642,3.8999999999999986,4.8379999999999965,0.05,1.6190444231033325
2643,6.5999999999999925,4.891999999999996,0.05,0.10547662526369095
2644,3.8999999999999986,4.891999999999996,0.05,2.778874635696411
2645,4.4999999999999964,4.899999999999996,0.05,2.516920804977417
2646,3.8999999999999986,4.887999999999996,0.05,1.245936393737793
2647,3.8999999999999986,4.887999999999996,0.05,1.3940298557281494
2648,3.8999999999999986,4.917999999999996,0.05,2.4644110202789307
2649,4.599999999999996,4.931999999999996,0.05,3.974882125854492
2650,3.8999999999999986,4.931999999999996,0.05,2.583186626434326
2651,3.8999999999999986,4.925999999999996,0.05,4.075223922729492
2652,4.799999999999995,4.9439999999999955,0.05,0.03186597675085068
2653,3.8999999999999986,4.9439999999999955,0.05,1.4656710624694824
2654,3.8999999999999986,4.943999999999996,0.05,1.4961626529693604
2655,4.4999999999999964,4.955999999999996,0.05,2.457310914993286
2656,8.399999999999986,5.043999999999996,0.05,2.862645387649536
2657,8.599999999999985,5.117999999999996,0.05,1.4503828287124634
2658,12.899999999999974,5.297999999999995,0.05,0.05646759271621704
2659,6.799999999999992,5.3559999999999945,0.05,3.6689794063568115
2660,3.8999999999999986,5.265999999999995,0.05,1.3307344913482666
2661,4.699999999999996,5.265999999999995,0.05,0.30650225281715393
2662,3.8999999999999986,5.265999999999995,0.05,2.659057378768921
2663,4.799999999999995,5.283999999999995,0.05,2.4379491806030273
2664,2.0000000000000013,5.245999999999994,0.05,0.015003961510956287
2665,2.0000000000000013,5.199999999999996,0.05,1.427426815032959
2666,3.8999999999999986,5.199999999999994,0.05,1.2974649667739868
2667,3.8999999999999986,5.199999999999994,0.05,0.04314568266272545
2668,6.5999999999999925,5.253999999999994,0.05,3.774366855621338
2669,3.8999999999999986,5.253999999999994,0.05,2.3585166931152344
2670,3.8999999999999986,5.115999999999996,0.05,2.955188035964966
2671,2.4000000000000017,5.085999999999996,0.05,0.09707668423652649
2672,3.8999999999999986,5.041999999999996,0.05,0.2600529193878174
2673,3.8999999999999986,4.999999999999996,0.05,0.04937845841050148
2674,3.8999999999999986,4.953999999999996,0.05,2.405099868774414
2675,4.799999999999995,4.791999999999996,0.05,0.028225047513842583
2676,9.099999999999984,4.8959999999999955,0.05,0.07830758392810822
2677,6.199999999999994,4.933999999999996,0.05,3.624563217163086
2678,3.8999999999999986,4.913999999999996,0.05,0.15999743342399597
2679,3.8999999999999986,4.897999999999996,0.05,3.754535675048828
2680,6.299999999999994,4.9439999999999955,0.05,0.08069959282875061
2681,3.8999999999999986,4.9439999999999955,0.05,1.2286441326141357
2682,3.8999999999999986,4.9439999999999955,0.05,0.05368732661008835
2683,3.8999999999999986,4.843999999999997,0.05,0.49634748697280884
2684,4.099999999999998,4.803999999999997,0.05,1.1882975101470947
2685,3.8999999999999986,4.803999999999997,0.05,1.3204479217529297
2686,4.4999999999999964,4.799999999999996,0.05,2.5140902996063232
2687,3.8999999999999986,4.787999999999996,0.05,2.536203622817993
2688,3.8999999999999986,4.777999999999996,0.05,2.5632667541503906
2689,3.9999999999999982,4.689999999999996,0.05,0.04069211333990097
2690,3.8999999999999986,4.647999999999997,0.05,2.4849958419799805
2691,3.8999999999999986,4.647999999999996,0.05,0.034682296216487885
2692,3.8999999999999986,4.647999999999996,0.05,0.0897015631198883
2693,4.599999999999996,4.607999999999996,0.05,3.8502373695373535
2694,3.8999999999999986,4.607999999999996,0.05,0.04312238097190857
2695,3.8999999999999986,4.5959999999999965,0.05,1.1732637882232666
2696,4.299999999999997,4.6039999999999965,0.05,1.6215132474899292
2697,2.600000000000002,4.577999999999997,0.05,0.1178516298532486
2698,2.0000000000000013,4.5399999999999965,0.05,2.4570388793945312
2699,3.8999999999999986,4.525999999999996,0.05,0.08377997577190399
2700,2.0000000000000013,4.487999999999997,0.05,0.04066590219736099
2701,3.0000000000000018,4.469999999999996,0.05,2.6242856979370117
2702,2.0000000000000013,4.413999999999998,0.05,0.0771951973438263
2703,3.8999999999999986,4.413999999999997,0.05,1.217742919921875
2704,3.8999999999999986,4.413999999999998,0.05,3.4040956497192383
2705,3.8999999999999986,4.4019999999999975,0.05,1.4142919778823853
2706,3.8999999999999986,4.311999999999998,0.05,3.612471342086792
2707,3.8999999999999986,4.217999999999997,0.05,1.33869206905365
2708,2.4000000000000017,4.007999999999998,0.05,1.3895262479782104
2709,3.5999999999999996,3.943999999999998,0.05,1.3843004703521729
2710,2.600000000000002,3.9179999999999984,0.05,0.11709539592266083
2711,2.0000000000000013,3.863999999999998,0.05,0.07012956589460373
2712,3.3000000000000007,3.8519999999999985,0.05,2.5092663764953613
2713,3.4000000000000004,3.8239999999999994,0.05,1.4311858415603638
2714,3.8999999999999986,3.8619999999999988,0.05,1.499189853668213
2715,3.8999999999999986,3.899999999999999,0.05,1.238993525505066
2716,3.8999999999999986,3.899999999999999,0.05,0.04663977771997452
2717,3.8999999999999986,3.899999999999999,0.05,0.04734008014202118
2718,3.5999999999999996,3.839999999999999,0.05,2.5117006301879883
2719,3.8999999999999986,3.839999999999998,0.05,1.5448168516159058
2720,3.8999999999999986,3.839999999999999,0.05,0.08518659323453903
2721,6.799999999999992,3.9279999999999986,0.05,1.255197286605835
2722,3.8999999999999986,3.9279999999999986,0.05,2.735142707824707
2723,3.8999999999999986,3.9279999999999986,0.05,0.09888902306556702
2724,2.0000000000000013,3.8899999999999983,0.05,2.48588228225708
2725,4.1999999999999975,3.8779999999999983,0.05,0.03531770780682564
2726,3.4000000000000004,3.7639999999999985,0.05,1.2811107635498047
2727,2.0000000000000013,3.679999999999999,0.05,1.4246864318847656
2728,3.8999999999999986,3.679999999999999,0.05,2.429553508758545
2729,3.8999999999999986,3.679999999999999,0.05,1.1692209243774414
2730,3.1000000000000014,3.615999999999999,0.05,2.6857948303222656
2731,3.8999999999999986,3.615999999999999,0.05,1.231427550315857
2732,2.0000000000000013,3.577999999999999,0.05,0.06324341893196106
2733,2.0000000000000013,3.5399999999999987,0.05,2.3837289810180664
2734,2.2000000000000015,3.501999999999999,0.05,1.297088861465454
2735,2.600000000000002,3.475999999999999,0.05,2.7100892066955566
2736,2.0000000000000013,3.4259999999999993,0.05,0.06602902710437775
2737,4.099999999999998,3.4299999999999993,0.05,0.3630504608154297
2738,2.4000000000000017,3.3999999999999995,0.05,1.2139724493026733
2739,3.8999999999999986,3.3979999999999997,0.05,2.6720564365386963
2740,3.0000000000000018,3.3799999999999994,0.05,0.03211449086666107
2741,2.0000000000000013,3.341999999999999,0.05,0.04165462404489517
2742,4.799999999999995,3.3599999999999994,0.05,0.4245595932006836
2743,3.8999999999999986,3.345999999999999,0.05,4.965094089508057
2744,-4.499999999999998,3.178,0.05,0.021786468103528023
2745,3.8999999999999986,3.178,0.05,1.1896812915802002
2746,3.8999999999999986,3.17,0.05,0.035250768065452576
2747,2.700000000000002,3.1719999999999997,0.05,0.028991881757974625
2748,2.2000000000000015,3.1759999999999993,0.05,2.656182289123535
2749,3.8999999999999986,3.1759999999999997,0.05,0.058275528252124786
2750,2.0000000000000013,3.1759999999999997,0.05,3.6630842685699463
2751,2.700000000000002,3.17,0.05,1.3621065616607666
2752,2.2000000000000015,3.173999999999999,0.05,0.030904799699783325
2753,3.8999999999999986,3.174,0.05,0.03761133924126625
2754,2.0000000000000013,3.1359999999999997,0.05,1.51620352268219
2755,2.600000000000002,3.11,0.05,1.3107569217681885
2756,2.0000000000000013,3.072,0.05,0.043934520334005356
2757,2.0000000000000013,3.034,0.05,2.5391480922698975
2758,2.2000000000000015,3.0299999999999994,0.05,0.05254409462213516
2759,3.8999999999999986,3.0359999999999996,0.05,3.8195412158966064
2760,2.700000000000003,3.0380000000000007,0.05,4.981481552124023
2761,4.299999999999997,3.0839999999999996,0.05,1.3002382516860962
2762,3.8999999999999986,3.0959999999999996,0.05,6.161375999450684
2763,2.0000000000000013,3.068,0.05,0.05742615461349487
2764,2.4000000000000017,3.0380000000000003,0.05,3.6368632316589355
2765,3.799999999999999,3.036,0.05,2.4759268760681152
2766,3.1000000000000014,3.02,0.05,0.03216910734772682
2767,3.8999999999999986,3.02,0.05,2.259582042694092
2768,2.2000000000000015,2.992,0.05,0.049937568604946136
2769,2.0000000000000013,2.9539999999999997,0.05,2.742603302001953
2770,2.4000000000000017,2.9240000000000004,0.05,1.1582047939300537
2771,3.8999999999999986,2.866,0.05,0.01908840239048004
2772,3.8999999999999986,2.866000000000001,0.05,1.2278468608856201
2773,3.8999999999999986,2.866,0.05,1.5126714706420898
2774,3.8999999999999986,2.904000000000001,0.05,1.435500144958496
2775,2.2000000000000015,2.8640000000000003,0.05,1.1415330171585083
2776,4.699999999999996,2.89,0.05,2.495781898498535
2777,2.0000000000000013,2.89,0.05,0.22848372161388397
2778,2.0000000000000013,2.8520000000000003,0.05,0.08822692930698395
2779,2.600000000000002,2.826,0.05,1.1902657747268677
2780,3.8999999999999986,2.8420000000000005,0.05,3.8039956092834473
2781,2.0000000000000013,2.8040000000000003,0.05,3.7645606994628906
2782,3.8999999999999986,2.8420000000000005,0.05,1.2906452417373657
2783,-3.299999999999998,2.736,0.05,1.3317384719848633
2784,2.0000000000000013,2.7320000000000007,0.05,1.4103397130966187
2785,3.8999999999999986,2.758000000000001,0.05,0.08451655507087708
2786,2.900000000000002,2.7760000000000002,0.05,0.1349199414253235
2787,2.0000000000000013,2.7340000000000004,0.05,1.165724277496338
2788,2.0000000000000013,2.7260000000000004,0.05,1.245222806930542
2789,4.299999999999997,2.734000000000001,0.05,1.359328031539917
2790,3.8999999999999986,2.752000000000001,0.05,3.7728114128112793
2791,3.8999999999999986,2.7900000000000005,0.05,0.04659212380647659
2792,4.399999999999997,2.7820000000000005,0.05,1.16642427444458
2793,0.3000000000000018,2.7100000000000004,0.05,2.2468152046203613
2794,3.8999999999999986,2.8780000000000006,0.05,3.8358445167541504
2795,2.0000000000000013,2.8400000000000007,0.05,3.4933152198791504
2796,2.4000000000000017,2.8100000000000005,0.05,2.5972583293914795
2797,3.8999999999999986,2.8340000000000005,0.05,0.09679323434829712
2798,3.8999999999999986,2.8680000000000008,0.05,3.713271141052246
2799,4.699999999999996,2.8840000000000003,0.05,1.2628679275512695
2800,2.0000000000000013,2.884,0.05,1.2720855474472046
2801,3.8999999999999986,2.908,0.05,0.054972123354673386
2802,3.8999999999999986,2.9420000000000006,0.05,1.358558177947998
2803,3.799999999999999,2.9400000000000004,0.05,1.3606805801391602
2804,4.1999999999999975,2.984,0.05,1.4604986906051636
2805,3.8999999999999986,3.0099999999999993,0.05,2.5288469791412354
2806,2.0000000000000013,3.01,0.05,0.07716508209705353
2807,3.8999999999999986,3.048,0.05,0.036886848509311676
2808,2.0000000000000013,3.0439999999999996,0.05,1.2341508865356445
2809,2.0000000000000013,3.006,0.05,0.07511065900325775
2810,3.8999999999999986,3.0299999999999994,0.05,3.833566427230835
2811,3.8999999999999986,3.022,0.05,0.07632791250944138
2812,3.8999999999999986,3.022,0.05,1.5216413736343384
2813,3.8999999999999986,3.06,0.05,4.842754364013672
2814,2.800000000000002,3.068,0.05,4.856446266174316
2815,2.0000000000000013,3.031999999999999,0.05,1.269907832145691
2816,2.4000000000000017,3.0179999999999993,0.05,1.1619353294372559
2817,2.0000000000000013,2.9799999999999995,0.05,0.059419870376586914
2818,4.699999999999996,3.0299999999999994,0.05,1.2306424379348755
2819,3.8999999999999986,3.068,0.05,3.6013035774230957
2820,3.9999999999999982,3.1,0.05,0.07199287414550781
2821,8.999999999999984,3.2019999999999995,0.05,3.102247714996338
2822,2.0000000000000013,3.1639999999999993,0.05,2.3170289993286133
2823,2.0000000000000013,3.1259999999999994,0.05,0.030872240662574768
2824,3.8999999999999986,3.1259999999999994,0.05,2.4222095012664795
2825,3.8999999999999986,3.16,0.05,0.3009450435638428
2826,3.8999999999999986,3.1439999999999997,0.05,0.11347255855798721
2827,3.8999999999999986,3.182,0.05,1.158494472503662
2828,2.0000000000000013,3.182,0.05,4.013298988342285
2829,3.8999999999999986,3.2079999999999997,0.05,1.1279178857803345
2830,3.0000000000000018,3.1899999999999995,0.05,1.3300875425338745
2831,4.299999999999997,3.235999999999999,0.05,0.19460710883140564
2832,3.5999999999999996,3.2299999999999995,0.05,5.906850337982178
2833,2.600000000000002,3.3479999999999994,0.05,0.4520096182823181
2834,3.1000000000000014,3.3699999999999988,0.05,2.704777479171753
2835,3.0000000000000018,3.3519999999999994,0.05,0.015642989426851273
2836,2.2000000000000015,3.3379999999999996,0.05,2.3653969764709473
2837,2.600000000000002,3.3499999999999996,0.05,2.532810926437378
2838,2.800000000000002,3.3659999999999997,0.05,0.03657326474785805
2839,3.8999999999999986,3.358,0.05,2.5462241172790527
2840,2.0000000000000013,3.3199999999999994,0.05,0.051884762942790985
2841,2.700000000000002,3.295999999999999,0.05,1.2442665100097656
2842,3.8999999999999986,3.2859999999999996,0.05,2.607020378112793
2843,3.8999999999999986,3.3579999999999997,0.05,0.13402919471263885
2844,3.8999999999999986,3.3579999999999997,0.05,1.3005789518356323
2845,3.8999999999999986,3.395999999999999,0.05,1.346590280532837
2846,2.600000000000002,3.3999999999999995,0.05,2.4120047092437744
2847,2.0000000000000013,3.361999999999999,0.05,0.06962092220783234
2848,2.4000000000000017,3.332,0.05,1.1860568523406982
2849,3.5999999999999996,3.3099999999999996,0.05,2.4584097862243652
2850,3.8999999999999986,3.3479999999999994,0.05,1.3665539026260376
2851,2.0000000000000013,3.3099999999999996,0.05,2.5442352294921875
2852,2.2000000000000015,3.275999999999999,0.05,1.0807451009750366
2853,2.0000000000000013,3.2399999999999993,0.05,1.317008137702942
2854,2.0000000000000013,3.196,0.05,0.15216031670570374
2855,2.600000000000002,3.1699999999999995,0.05,0.09889160841703415
2856,2.0000000000000013,3.1699999999999995,0.05,2.5384230613708496
2857,2.2000000000000015,3.1359999999999997,0.05,1.3807761669158936
2858,2.2000000000000015,3.1399999999999992,0.05,0.16704879701137543
2859,3.8999999999999986,3.178,0.05,1.330524206161499
2860,2.4000000000000017,3.148,0.05,1.3511217832565308
2861,3.8999999999999986,3.1480000000000006,0.05,2.2827935218811035
2862,3.8999999999999986,3.148,0.05,2.634361982345581
2863,3.8999999999999986,3.1480000000000006,0.05,2.539264678955078
2864,3.8999999999999986,3.17,0.05,2.6629478931427
2865,3.9999999999999982,3.2100000000000004,0.05,1.3103524446487427
2866,3.8999999999999986,3.24,0.05,1.2541065216064453
2867,3.8999999999999986,3.278,0.05,1.3611114025115967
2868,3.799999999999999,3.2600000000000007,0.05,1.3732775449752808
2869,2.2000000000000015,3.2260000000000004,0.05,0.059110112488269806
2870,2.0000000000000013,3.1859999999999995,0.05,1.2444010972976685
2871,2.2000000000000015,3.05,0.05,0.07229746133089066
2872,3.8999999999999986,3.088,0.05,0.027929361909627914
2873,2.900000000000002,3.1060000000000003,0.05,2.395568609237671
2874,6.499999999999993,3.158,0.05,4.076229095458984
2875,3.8999999999999986,3.158,0.05,1.5052696466445923
2876,4.099999999999998,3.1620000000000004,0.05,3.6165242195129395
2877,4.1999999999999975,3.168,0.05,1.3657233715057373
2878,2.0000000000000013,3.168,0.05,2.428015947341919
2879,3.8999999999999986,3.168,0.05,0.009775891900062561
2880,3.8999999999999986,3.1860000000000004,0.05,0.013332786038517952
2881,3.8999999999999986,3.178000000000001,0.05,1.0890198945999146
2882,4.699999999999996,3.2000000000000006,0.05,2.6064038276672363
2883,2.0000000000000013,3.188,0.05,0.022097015753388405
2884,3.8999999999999986,3.204,0.05,1.0819072723388672
2885,6.399999999999993,3.2720000000000002,0.05,1.3273710012435913
2886,3.8999999999999986,3.306,0.05,1.1372109651565552
2887,5.999999999999995,3.3739999999999997,0.05,1.1621698141098022
2888,2.4000000000000017,3.3659999999999997,0.05,1.1922255754470825
2889,2.0000000000000013,3.3279999999999994,0.05,1.1022299528121948
2890,2.0000000000000013,3.3279999999999994,0.05,1.2511157989501953
2891,3.8999999999999986,3.3519999999999994,0.05,1.228367567062378
2892,2.4000000000000017,3.321999999999999,0.05,2.287092447280884
2893,2.0000000000000013,3.2839999999999994,0.05,0.03573690354824066
2894,2.4000000000000017,3.2539999999999996,0.05,1.4186314344406128
2895,3.5,3.2459999999999996,0.05,2.324601888656616
2896,3.8999999999999986,3.2719999999999994,0.05,1.320715308189392
2897,3.8999999999999986,3.3099999999999996,0.05,0.20050448179244995
2898,3.8999999999999986,3.34,0.05,3.5238208770751953
2899,2.0000000000000013,3.3079999999999994,0.05,1.149234414100647
2900,2.4000000000000017,3.2779999999999996,0.05,1.2946417331695557
2901,2.0000000000000013,3.277999999999999,0.05,0.04513099789619446
2902,2.0000000000000013,3.2739999999999996,0.05,2.732987403869629
2903,2.0000000000000013,3.273999999999999,0.05,5.998785018920898
2904,3.8999999999999986,3.312,0.05,0.17597123980522156
2905,2.4000000000000017,3.3079999999999994,0.05,2.3201212882995605
2906,2.0000000000000013,3.3079999999999994,0.05,0.03480025380849838
2907,2.0000000000000013,3.3039999999999994,0.05,0.05567716434597969
2908,2.0000000000000013,3.299999999999999,0.05,1.2992815971374512
2909,2.600000000000002,3.273999999999999,0.05,1.504368543624878
2910,4.4999999999999964,3.315999999999999,0.05,0.06482420861721039
2911,3.8999999999999986,3.316,0.05,0.04988475516438484
2912,3.8999999999999986,3.316,0.05,1.1586966514587402
2913,6.099999999999994,3.3599999999999994,0.05,1.2494995594024658
2914,2.0000000000000013,3.321999999999999,0.05,3.389486312866211
2915,6.199999999999994,3.365999999999999,0.05,2.3010785579681396
2916,3.8999999999999986,3.3659999999999997,0.05,1.1665172576904297
2917,2.0000000000000013,3.327999999999999,0.05,1.4041352272033691
2918,3.8999999999999986,3.3299999999999996,0.05,0.030284037813544273
2919,2.0000000000000013,3.3259999999999996,0.05,0.018847228959202766
2920,3.8999999999999986,3.363999999999999,0.05,1.1340986490249634
2921,3.8999999999999986,3.3979999999999997,0.05,2.1288485527038574
2922,2.0000000000000013,3.3599999999999994,0.05,2.182778835296631
2923,2.4000000000000017,3.3499999999999996,0.05,3.4633893966674805
2924,3.8999999999999986,3.2979999999999996,0.05,1.1577214002609253
2925,3.8999999999999986,3.2979999999999996,0.05,2.438042640686035
2926,3.8999999999999986,3.2939999999999996,0.05,1.3846266269683838
2927,3.8999999999999986,3.2880000000000003,0.05,0.09800373017787933
2928,3.8999999999999986,3.326,0.05,0.13574884831905365
2929,2.4000000000000017,3.296,0.05,0.012614943087100983
2930,3.9999999999999982,3.298,0.05,1.193682312965393
2931,3.8999999999999986,3.298,0.05,0.0365915447473526
2932,3.8999999999999986,3.282,0.05,0.05942920595407486
2933,2.0000000000000013,3.282,0.05,2.222846031188965
2934,2.0000000000000013,3.2439999999999998,0.05,1.1967347860336304
2935,3.8999999999999986,3.1940000000000004,0.05,0.0415317676961422
2936,4.399999999999997,3.2039999999999997,0.05,0.03328324109315872
2937,3.8999999999999986,3.1620000000000004,0.05,0.34465935826301575
2938,2.0000000000000013,3.1540000000000004,0.05,0.03292643278837204
2939,4.4999999999999964,3.2039999999999997,0.05,1.3293936252593994
2940,3.3000000000000007,3.23,0.05,2.5478005409240723
2941,3.8999999999999986,3.23,0.05,4.836080551147461
2942,2.600000000000002,3.234,0.05,1.3795074224472046
2943,2.600000000000002,3.245999999999999,0.05,3.7229771614074707
2944,2.0000000000000013,3.2379999999999995,0.05,2.3832221031188965
2945,2.2000000000000015,3.2119999999999993,0.05,1.070245385169983
2946,2.0000000000000013,3.174,0.05,1.3118183612823486
2947,2.0000000000000013,3.136,0.05,0.026314400136470795
2948,2.0000000000000013,3.0979999999999994,0.05,2.404914617538452
2949,2.0000000000000013,3.0979999999999994,0.05,0.06835459172725677
2950,2.0000000000000013,3.09,0.05,1.3245736360549927
2951,3.8999999999999986,3.128,0.05,0.021192142739892006
2952,2.0000000000000013,3.128,0.05,0.2435990273952484
2953,3.8999999999999986,3.1659999999999995,0.05,1.2007874250411987
2954,2.0000000000000013,3.128,0.05,0.013452386483550072
2955,3.8999999999999986,3.158,0.05,4.59615421295166
2956,2.800000000000002,3.174,0.05,1.1864478588104248
2957,3.8999999999999986,3.2119999999999997,0.05,0.015171512961387634
2958,3.8999999999999986,3.25,0.05,1.343222975730896
2959,2.2000000000000015,3.242,0.05,1.324392318725586
2960,2.0000000000000013,3.1919999999999993,0.05,2.2484006881713867
2961,3.3000000000000007,3.18,0.05,0.01739417016506195
2962,3.8999999999999986,3.18,0.05,2.13889741897583
2963,2.0000000000000013,3.0980000000000003,0.05,3.737276792526245
2964,3.3000000000000007,3.1239999999999997,0.05,1.3192815780639648
2965,3.8999999999999986,3.0780000000000003,0.05,0.03026561625301838
2966,3.8999999999999986,3.0780000000000003,0.05,0.03274980187416077
2967,3.8999999999999986,3.116,0.05,2.7454981803894043
2968,3.8999999999999986,3.116,0.05,5.1406097412109375
2969,3.8999999999999986,3.1540000000000004,0.05,3.7756142616271973
2970,5.999999999999995,3.196,0.05,0.020232414826750755
2971,3.8999999999999986,3.196,0.05,0.03226315230131149
2972,3.1000000000000014,3.2179999999999995,0.05,0.16176250576972961
2973,2.0000000000000013,3.2099999999999995,0.05,2.286693811416626
2974,3.8999999999999986,3.21,0.05,1.0207648277282715
2975,3.8999999999999986,3.21,0.05,1.3263742923736572
2976,3.8999999999999986,3.21,0.05,1.1264439821243286
2977,3.8999999999999986,3.21,0.05,1.2614672183990479
2978,3.8999999999999986,3.21,0.05,2.3138859272003174
2979,6.799999999999992,3.2979999999999996,0.05,2.33837628364563
2980,3.8999999999999986,3.295999999999999,0.05,0.03935176506638527
2981,3.8999999999999986,3.2960000000000003,0.05,2.475571632385254
2982,3.8999999999999986,3.296,0.05,1.042323112487793
2983,4.799999999999995,3.3519999999999994,0.05,2.087204933166504
2984,3.8999999999999986,3.389999999999999,0.05,0.026684284210205078
2985,3.8999999999999986,3.39,0.05,3.4400863647460938
2986,4.899999999999995,3.4,0.05,1.1015337705612183
2987,3.8999999999999986,3.3999999999999995,0.05,1.0491712093353271
2988,3.8999999999999986,3.4379999999999997,0.05,3.586089611053467
2989,4.999999999999995,3.4479999999999995,0.05,0.015433121472597122
2990,3.8999999999999986,3.4599999999999995,0.05,1.4933708906173706
2991,8.399999999999986,3.549999999999999,0.05,0.010264414362609386
2992,3.8999999999999986,3.575999999999999,0.05,1.302341103553772
2993,5.999999999999995,3.6439999999999992,0.05,0.0822276771068573
2994,3.8999999999999986,3.6819999999999986,0.05,0.039704665541648865
2995,3.8999999999999986,3.7159999999999993,0.05,2.305440902709961
2996,3.8999999999999986,3.753999999999999,0.05,3.634544849395752
2997,3.8999999999999986,3.7919999999999994,0.05,1.273430585861206
2998,3.8999999999999986,3.8299999999999987,0.05,2.3775634765625
2999,3.8999999999999986,3.8679999999999986,0.05,1.2038466930389404
3000,3.8999999999999986,3.9059999999999993,0.05,4.527606010437012
3001,4.4999999999999964,3.9179999999999984,0.05,0.0090207289904356
3002,3.8999999999999986,3.9559999999999986,0.05,1.1564136743545532
3003,3.8999999999999986,3.9559999999999986,0.05,0.0610676184296608
3004,4.4999999999999964,4.0059999999999985,0.05,1.0665338039398193
3005,3.8999999999999986,4.0059999999999985,0.05,2.1501708030700684
3006,4.299999999999997,4.035999999999998,0.05,0.034860167652368546
3007,6.499999999999993,4.087999999999998,0.05,3.3741703033447266
3008,3.8999999999999986,4.087999999999997,0.05,0.2067725956439972
3009,3.8999999999999986,4.121999999999998,0.05,1.1611459255218506
3010,4.299999999999997,4.1679999999999975,0.05,3.214362859725952
3011,8.399999999999986,4.269999999999998,0.05,0.034180544316768646
3012,3.8999999999999986,4.269999999999997,0.05,4.373425006866455
3013,4.399999999999997,4.317999999999998,0.05,1.05795419216156
3014,4.099999999999998,4.333999999999998,0.05,2.565364360809326
3015,4.699999999999996,4.349999999999997,0.05,1.0746623277664185
3016,3.9999999999999982,4.351999999999997,0.05,0.04628641530871391
3017,4.899999999999995,4.371999999999997,0.05,1.2279003858566284
3018,3.9999999999999982,4.373999999999998,0.05,1.2075694799423218
3019,3.8999999999999986,4.373999999999998,0.05,3.4582135677337646
3020,3.8999999999999986,4.331999999999997,0.05,1.2348825931549072
3021,4.699999999999996,4.347999999999997,0.05,0.022233661264181137
3022,3.8999999999999986,4.363999999999997,0.05,3.163898468017578
3023,3.8999999999999986,4.4019999999999975,0.05,2.475918769836426
3024,4.999999999999995,4.423999999999997,0.05,0.02415960095822811
3025,3.8999999999999986,4.423999999999997,0.05,2.2744979858398438
3026,3.8999999999999986,4.423999999999998,0.05,0.09694166481494904
3027,4.599999999999996,4.437999999999997,0.05,2.2201316356658936
3028,4.399999999999997,4.447999999999997,0.05,0.016882577911019325
3029,4.699999999999996,4.405999999999997,0.05,1.0804938077926636
3030,3.8999999999999986,4.405999999999997,0.05,1.101995587348938
3031,3.8999999999999986,4.405999999999997,0.05,1.1374423503875732
3032,9.199999999999983,4.511999999999997,0.05,1.1184380054473877
3033,4.1999999999999975,4.4999999999999964,0.05,0.039467159658670425
3034,4.899999999999995,4.519999999999997,0.05,1.2561098337173462
3035,6.299999999999994,4.567999999999996,0.05,1.325589656829834
3036,3.8999999999999986,4.5479999999999965,0.05,0.09014128148555756
3037,4.4999999999999964,4.559999999999997,0.05,0.17333999276161194
3038,6.5999999999999925,4.613999999999996,0.05,1.2726807594299316
3039,4.799999999999995,4.609999999999996,0.05,0.08156263083219528
3040,3.8999999999999986,4.609999999999997,0.05,0.012755460105836391
3041,3.9999999999999982,4.521999999999997,0.05,0.013006697408854961
3042,3.8999999999999986,4.521999999999997,0.05,1.1262297630310059
3043,9.099999999999984,4.583999999999996,0.05,1.2704086303710938
3044,3.8999999999999986,4.583999999999997,0.05,1.0432881116867065
3045,4.799999999999995,4.601999999999996,0.05,1.213844656944275
3046,4.999999999999995,4.623999999999996,0.05,0.18303029239177704
3047,4.999999999999995,4.645999999999997,0.05,1.0937222242355347
3048,6.299999999999994,4.6939999999999955,0.05,2.2207422256469727
3049,5.999999999999995,4.735999999999995,0.05,1.110552430152893
3050,4.4999999999999964,4.747999999999996,0.05,1.185258150100708
3051,10.499999999999982,4.867999999999996,0.05,0.013730206526815891
3052,3.8999999999999986,4.867999999999996,0.05,1.1136144399642944
3053,3.8999999999999986,4.867999999999996,0.05,2.161015748977661
3054,3.8999999999999986,4.855999999999995,0.05,0.015579470433294773
3055,3.8999999999999986,4.855999999999996,0.05,4.205711841583252
3056,3.8999999999999986,4.847999999999996,0.05,3.4578452110290527
3057,3.8999999999999986,4.795999999999997,0.05,4.539121150970459
3058,4.699999999999996,4.811999999999996,0.05,1.12694251537323
3059,5.999999999999995,4.8539999999999965,0.05,1.199568748474121
3060,8.999999999999984,4.947999999999996,0.05,3.240030288696289
3061,8.999999999999984,4.9599999999999955,0.05,0.024612246081233025
3062,6.099999999999994,5.003999999999995,0.05,3.4563074111938477
3063,8.399999999999986,5.083999999999994,0.05,2.117158889770508
3064,8.399999999999986,5.1699999999999955,0.05,2.2361292839050293
3065,4.099999999999998,5.157999999999995,0.05,0.051696814596652985
3066,3.8999999999999986,5.155999999999994,0.05,2.4218647480010986
3067,6.799999999999992,5.1939999999999955,0.05,1.225311040878296
3068,3.8999999999999986,5.191999999999995,0.05,1.1087125539779663
3069,3.8999999999999986,5.191999999999995,0.05,1.1271556615829468
3070,3.8999999999999986,5.191999999999995,0.05,0.07171215116977692
3071,3.8999999999999986,5.175999999999995,0.05,0.04807484894990921
3072,4.1999999999999975,5.181999999999996,0.05,1.2425284385681152
3073,4.299999999999997,5.189999999999995,0.05,1.0464434623718262
3074,3.8999999999999986,5.167999999999995,0.05,0.04305751621723175
3075,6.299999999999994,5.215999999999995,0.05,2.2686495780944824
3076,6.099999999999994,5.259999999999995,0.05,0.04440050572156906
3077,3.8999999999999986,5.245999999999994,0.05,0.006140309385955334
3078,3.8999999999999986,5.235999999999994,0.05,2.6146633625030518
3079,11.09999999999998,5.363999999999994,0.05,3.411874771118164
3080,4.1999999999999975,5.369999999999994,0.05,1.0039172172546387
3081,3.8999999999999986,5.369999999999994,0.05,0.035463571548461914
3082,3.8999999999999986,5.263999999999994,0.05,2.5876996517181396
3083,4.099999999999998,5.261999999999996,0.05,0.24719667434692383
3084,8.399999999999986,5.3319999999999945,0.05,0.07244479656219482
3085,4.799999999999995,5.301999999999995,0.05,0.09610404074192047
3086,3.8999999999999986,5.301999999999995,0.05,0.20906801521778107
3087,8.799999999999985,5.387999999999994,0.05,1.0596795082092285
3088,4.399999999999997,5.343999999999994,0.05,0.22281980514526367
3089,4.1999999999999975,5.331999999999994,0.05,3.4031758308410645
3090,3.8999999999999986,5.3319999999999945,0.05,1.2433280944824219
3091,8.399999999999986,5.419999999999993,0.05,1.2205520868301392
3092,3.8999999999999986,5.419999999999995,0.05,1.042913556098938
3093,8.399999999999986,5.4059999999999935,0.05,0.11795717477798462
3094,4.799999999999995,5.423999999999995,0.05,0.04139169305562973
3095,3.8999999999999986,5.405999999999994,0.05,1.1758224964141846
3096,8.399999999999986,5.473999999999994,0.05,0.022694922983646393
3097,4.699999999999996,5.467999999999994,0.05,5.462114334106445
3098,6.099999999999994,5.463999999999994,0.05,1.0284167528152466
3099,9.299999999999983,5.529999999999993,0.05,0.04867933318018913
3100,3.8999999999999986,5.517999999999993,0.05,0.12728425860404968
3101,3.8999999999999986,5.385999999999993,0.05,2.2679851055145264
3102,3.8999999999999986,5.385999999999995,0.05,3.412172555923462
3103,3.8999999999999986,5.385999999999995,0.05,0.1085444837808609
3104,5.999999999999995,5.427999999999995,0.05,0.1046721413731575
3105,6.699999999999992,5.483999999999994,0.05,2.0273168087005615
3106,3.8999999999999986,5.483999999999994,0.05,1.199893593788147
3107,10.599999999999982,5.617999999999994,0.05,1.3797023296356201
3108,3.8999999999999986,5.601999999999993,0.05,1.1721913814544678
3109,3.8999999999999986,5.559999999999993,0.05,1.3929243087768555
3110,3.8999999999999986,5.457999999999994,0.05,2.3330602645874023
3111,3.8999999999999986,5.3559999999999945,0.05,2.2430577278137207
3112,4.899999999999995,5.331999999999994,0.05,3.184656858444214
3113,3.8999999999999986,5.241999999999995,0.05,0.08135052770376205
3114,8.399999999999986,5.2419999999999956,0.05,0.02283383533358574
3115,3.8999999999999986,5.237999999999994,0.05,2.3641490936279297
3116,3.8999999999999986,5.237999999999994,0.05,2.223712682723999
3117,3.8999999999999986,5.179999999999994,0.05,1.1220955848693848
3118,3.8999999999999986,5.179999999999995,0.05,3.4041967391967773
3119,4.4999999999999964,5.191999999999995,0.05,0.02567024901509285
3120,3.8999999999999986,5.191999999999995,0.05,0.036840327084064484
3121,1.5000000000000027,5.143999999999995,0.05,0.015522785484790802
3122,3.8999999999999986,5.137999999999995,0.05,1.2357302904129028
3123,3.8999999999999986,5.1299999999999955,0.05,0.04566376283764839
3124,4.4999999999999964,5.141999999999995,0.05,1.099676489830017
3125,3.8999999999999986,5.093999999999996,0.05,1.0874258279800415
3126,6.199999999999994,5.095999999999995,0.05,0.9583120942115784
3127,3.8999999999999986,5.095999999999995,0.05,3.417368173599243
3128,3.8999999999999986,5.095999999999996,0.05,1.039720892906189
3129,3.8999999999999986,4.9519999999999955,0.05,0.0213286392390728
3130,3.8999999999999986,4.945999999999995,0.05,2.1861684322357178
3131,3.8999999999999986,4.945999999999996,0.05,1.0451548099517822
3132,3.8999999999999986,4.945999999999995,0.05,2.3689687252044678
3133,3.8999999999999986,4.941999999999996,0.05,0.017787087708711624
3134,3.8999999999999986,4.851999999999996,0.05,2.2649171352386475
3135,3.8999999999999986,4.833999999999996,0.05,0.01327505987137556
3136,3.8999999999999986,4.833999999999996,0.05,3.198866605758667
3137,4.099999999999998,4.739999999999996,0.05,2.0920164585113525
3138,3.8999999999999986,4.729999999999996,0.05,0.03289651870727539
3139,3.8999999999999986,4.723999999999997,0.05,1.1489986181259155
3140,3.8999999999999986,4.723999999999997,0.05,1.0772426128387451
3141,4.099999999999998,4.637999999999996,0.05,2.055342197418213
3142,3.8999999999999986,4.637999999999996,0.05,3.3898978233337402
3143,3.8999999999999986,4.547999999999997,0.05,1.0546211004257202
3144,3.8999999999999986,4.529999999999998,0.05,2.227552652359009
3145,3.8999999999999986,4.529999999999998,0.05,1.1954092979431152
3146,3.8999999999999986,4.439999999999998,0.05,0.0685686469078064
3147,3.8999999999999986,4.423999999999998,0.05,0.06228732690215111
3148,3.8999999999999986,4.379999999999998,0.05,4.653979778289795
3149,3.8999999999999986,4.271999999999998,0.05,2.411625385284424
3150,3.8999999999999986,4.2719999999999985,0.05,1.369982361793518
3151,3.8999999999999986,4.2719999999999985,0.05,2.174651861190796
3152,8.399999999999986,4.361999999999997,0.05,1.2619847059249878
3153,4.4999999999999964,4.373999999999997,0.05,0.02613239735364914
3154,3.8999999999999986,4.331999999999997,0.05,2.1568503379821777
3155,3.8999999999999986,4.275999999999998,0.05,3.2113943099975586
3156,3.8999999999999986,4.275999999999998,0.05,1.1181997060775757
3157,5.999999999999995,4.183999999999998,0.05,0.07412241399288177
3158,9.199999999999983,4.289999999999997,0.05,2.1079306602478027
3159,3.8999999999999986,4.289999999999997,0.05,0.05467969924211502
3160,3.8999999999999986,4.289999999999997,0.05,3.365499496459961
3161,4.099999999999998,4.293999999999998,0.05,4.115427494049072
3162,3.8999999999999986,4.273999999999997,0.05,1.1307927370071411
3163,3.8999999999999986,4.273999999999997,0.05,0.012739371508359909
3164,4.399999999999997,4.193999999999998,0.05,2.44279146194458
3165,3.8999999999999986,4.193999999999998,0.05,1.2029714584350586
3166,3.8999999999999986,4.193999999999997,0.05,3.2513341903686523
3167,3.8999999999999986,4.193999999999997,0.05,1.1526392698287964
3168,3.8999999999999986,4.193999999999998,0.05,0.08452831953763962
3169,5.999999999999995,4.223999999999998,0.05,0.08769164234399796
3170,4.099999999999998,4.227999999999998,0.05,0.06683646142482758
3171,3.8999999999999986,4.275999999999998,0.05,0.031694695353507996
3172,3.8999999999999986,4.275999999999998,0.05,0.01618688926100731
3173,3.8999999999999986,4.275999999999998,0.05,0.9854474067687988
3174,3.8999999999999986,4.2639999999999985,0.05,1.3542098999023438
3175,3.8999999999999986,4.2639999999999985,0.05,0.9845917224884033
3176,8.399999999999986,4.307999999999998,0.05,0.07276523858308792
3177,3.8999999999999986,4.307999999999998,0.05,0.11371015757322311
3178,3.8999999999999986,4.307999999999998,0.05,1.0606926679611206
3179,6.099999999999994,4.351999999999998,0.05,1.1704195737838745
3180,3.8999999999999986,4.351999999999998,0.05,0.04855148866772652
3181,3.8999999999999986,4.351999999999998,0.05,3.1536285877227783
3182,3.8999999999999986,4.3519999999999985,0.05,0.010480072349309921
3183,3.8999999999999986,4.351999999999998,0.05,0.03288348391652107
3184,4.4999999999999964,4.363999999999998,0.05,2.1062231063842773
3185,3.8999999999999986,4.363999999999997,0.05,4.4811201095581055
3186,3.8999999999999986,4.363999999999997,0.05,1.0390530824661255
3187,3.8999999999999986,4.359999999999998,0.05,1.1169813871383667
3188,4.899999999999995,4.379999999999998,0.05,2.99957275390625
3189,4.1999999999999975,4.3859999999999975,0.05,2.4224133491516113
3190,3.8999999999999986,4.3859999999999975,0.05,0.9829355478286743
3191,8.399999999999986,4.471999999999997,0.05,1.1277713775634766
3192,3.8999999999999986,4.471999999999997,0.05,1.294187307357788
3193,3.8999999999999986,4.471999999999997,0.05,0.050313882529735565
3194,3.8999999999999986,4.471999999999997,0.05,0.9484229683876038
3195,3.8999999999999986,4.471999999999997,0.05,1.2218998670578003
3196,3.8999999999999986,4.471999999999997,0.05,1.0171186923980713
3197,3.8999999999999986,4.471999999999997,0.05,1.1061878204345703
3198,6.199999999999994,4.517999999999997,0.05,1.2025505304336548
3199,6.399999999999993,4.567999999999997,0.05,1.1982170343399048
3200,3.8999999999999986,4.567999999999997,0.05,0.04655446112155914
3201,3.8999999999999986,4.567999999999997,0.05,4.198465824127197
3202,3.8999999999999986,4.477999999999997,0.05,1.0213240385055542
3203,3.8999999999999986,4.4659999999999975,0.05,2.114896059036255
3204,8.399999999999986,4.5559999999999965,0.05,2.050503730773926
3205,3.9999999999999982,4.557999999999996,0.05,2.063260555267334
3206,3.8999999999999986,4.557999999999996,0.05,3.605419874191284
3207,3.8999999999999986,4.5159999999999965,0.05,2.3555796146392822
3208,4.899999999999995,4.429999999999998,0.05,2.089860439300537
3209,3.9999999999999982,4.431999999999998,0.05,1.0175669193267822
3210,4.899999999999995,4.451999999999997,0.05,1.2332104444503784
3211,20.700000000000035,4.783999999999998,0.05,2.181021213531494
3212,3.8999999999999986,4.783999999999998,0.05,0.02686140313744545
3213,3.8999999999999986,4.783999999999998,0.05,0.9955204725265503
3214,3.8999999999999986,4.773999999999998,0.05,0.9709069728851318
3215,4.799999999999995,4.791999999999998,0.05,0.9720426201820374
3216,8.899999999999984,4.891999999999998,0.05,1.2139755487442017
3217,8.399999999999986,4.981999999999997,0.05,0.19862140715122223
3218,3.8999999999999986,4.981999999999997,0.05,3.988436460494995
3219,4.599999999999996,4.953999999999997,0.05,0.9473487734794617
3220,9.299999999999983,5.057999999999997,0.05,0.031292624771595
3221,4.699999999999996,5.073999999999997,0.05,0.011723713018000126
3222,3.8999999999999986,5.073999999999997,0.05,3.052262783050537
3223,4.1999999999999975,5.079999999999997,0.05,0.09153825044631958
3224,4.999999999999995,5.101999999999997,0.05,3.092080593109131
3225,4.299999999999997,5.109999999999997,0.05,3.2868309020996094
3226,9.499999999999982,5.131999999999997,0.05,3.206307888031006
3227,3.8999999999999986,5.131999999999997,0.05,1.0266934633255005
3228,5.999999999999995,5.173999999999996,0.05,2.1356730461120605
3229,3.8999999999999986,5.129999999999996,0.05,0.03615035116672516
3230,3.8999999999999986,5.129999999999996,0.05,3.3738293647766113
3231,4.699999999999996,5.145999999999997,0.05,1.0836349725723267
3232,3.8999999999999986,5.145999999999997,0.05,0.011946740560233593
3233,3.8999999999999986,5.145999999999997,0.05,0.0762924775481224
3234,3.8999999999999986,5.133999999999997,0.05,1.1254831552505493
3235,4.399999999999997,5.1439999999999975,0.05,1.0093038082122803
3236,3.8999999999999986,5.1439999999999975,0.05,1.1269261837005615
3237,4.4999999999999964,5.155999999999997,0.05,1.9736825227737427
3238,3.9999999999999982,5.137999999999996,0.05,1.1797822713851929
3239,4.599999999999996,5.145999999999997,0.05,1.0154128074645996
3240,6.299999999999994,5.193999999999996,0.05,0.12714910507202148
3241,3.8999999999999986,5.1039999999999965,0.05,2.08038067817688
3242,3.8999999999999986,5.1039999999999965,0.05,0.012027077376842499
3243,4.299999999999997,5.111999999999997,0.05,0.007646169979125261
3244,3.8999999999999986,5.111999999999997,0.05,1.1630886793136597
3245,3.9999999999999982,5.113999999999997,0.05,1.1295812129974365
3246,8.399999999999986,5.203999999999996,0.05,0.024900373071432114
3247,6.499999999999993,5.255999999999997,0.05,0.016405370086431503
3248,3.8999999999999986,5.209999999999996,0.05,0.025363631546497345
3249,4.599999999999996,5.173999999999996,0.05,3.0824270248413086
3250,4.899999999999995,5.193999999999996,0.05,2.0245308876037598
3251,3.8999999999999986,5.193999999999996,0.05,3.197211742401123
3252,8.399999999999986,5.283999999999996,0.05,0.025275474414229393
3253,4.999999999999995,5.305999999999996,0.05,1.065779447555542
3254,3.8999999999999986,5.215999999999996,0.05,3.064784288406372
3255,4.899999999999995,5.2339999999999955,0.05,1.9940123558044434
3256,3.9999999999999982,5.235999999999995,0.05,0.03370176628232002
3257,4.299999999999997,5.243999999999996,0.05,0.024152688682079315
3258,3.8999999999999986,5.223999999999997,0.05,1.0045145750045776
3259,3.8999999999999986,5.221999999999996,0.05,2.211738109588623
3260,3.8999999999999986,5.2019999999999955,0.05,2.1966843605041504
3261,3.8999999999999986,4.865999999999996,0.05,6.397825241088867
3262,4.299999999999997,4.873999999999995,0.05,0.9240390062332153
3263,4.4999999999999964,4.885999999999996,0.05,3.0896475315093994
3264,4.599999999999996,4.899999999999995,0.05,0.015307559631764889
3265,3.8999999999999986,4.881999999999996,0.05,0.9699284434318542
3266,6.5999999999999925,4.835999999999996,0.05,2.2547194957733154
3267,3.8999999999999986,4.745999999999996,0.05,1.9346339702606201
3268,3.8999999999999986,4.745999999999996,0.05,1.1883488893508911
3269,3.9999999999999982,4.733999999999996,0.05,2.292919874191284
3270,6.199999999999994,4.671999999999996,0.05,0.0265409704297781
3271,3.8999999999999986,4.655999999999996,0.05,1.2459782361984253
3272,4.4999999999999964,4.667999999999997,0.05,0.057659536600112915
3273,4.4999999999999964,4.673999999999996,0.05,1.0027824640274048
3274,3.8999999999999986,4.651999999999997,0.05,1.1093424558639526
3275,4.1999999999999975,4.649999999999996,0.05,2.918628692626953
3276,4.099999999999998,4.541999999999996,0.05,0.9564938545227051
3277,3.8999999999999986,4.541999999999997,0.05,0.09339941293001175
3278,3.9999999999999982,4.501999999999996,0.05,0.03792058303952217
3279,3.8999999999999986,4.501999999999997,0.05,0.037948887795209885
3280,4.399999999999997,4.511999999999997,0.05,3.015864372253418
3281,8.399999999999986,4.585999999999996,0.05,0.9478299021720886
3282,3.8999999999999986,4.585999999999996,0.05,2.2674314975738525
3283,3.8999999999999986,4.585999999999997,0.05,1.9785847663879395
3284,6.5999999999999925,4.639999999999997,0.05,0.017238929867744446
3285,3.8999999999999986,4.629999999999996,0.05,1.0179213285446167
3286,11.19999999999998,4.775999999999996,0.05,1.0292917490005493
3287,3.8999999999999986,4.763999999999997,0.05,0.10389435291290283
3288,9.299999999999983,4.869999999999996,0.05,0.1329396665096283
3289,4.4999999999999964,4.867999999999996,0.05,2.2298545837402344
3290,8.399999999999986,4.909999999999996,0.05,1.0434198379516602
3291,4.699999999999996,4.925999999999996,0.05,0.9654449224472046
3292,6.499999999999993,4.977999999999995,0.05,1.1680326461791992
3293,3.8999999999999986,4.969999999999996,0.05,1.9824963808059692
3294,3.8999999999999986,4.969999999999995,0.05,1.093226671218872
3295,3.9999999999999982,4.969999999999996,0.05,2.2152960300445557
3296,4.699999999999996,4.8959999999999955,0.05,0.9971891641616821
3297,4.1999999999999975,4.849999999999995,0.05,1.0839812755584717
3298,3.8999999999999986,4.849999999999996,0.05,0.016565410420298576
3299,3.8999999999999986,4.835999999999996,0.05,1.1157585382461548
3300,3.8999999999999986,4.815999999999996,0.05,0.006730310153216124
3301,3.9999999999999982,4.817999999999996,0.05,4.169595241546631
3302,8.399999999999986,4.817999999999996,0.05,0.0371159091591835
3303,4.999999999999995,4.817999999999996,0.05,2.0387353897094727
3304,3.8999999999999986,4.817999999999997,0.05,0.07388512790203094
3305,3.8999999999999986,4.7979999999999965,0.05,1.0639913082122803
3306,6.799999999999992,4.8539999999999965,0.05,1.0040905475616455
3307,3.8999999999999986,4.845999999999996,0.05,1.1162033081054688
3308,3.8999999999999986,4.8459999999999965,0.05,2.1260805130004883
3309,12.899999999999974,5.025999999999995,0.05,1.2296911478042603
3310,3.8999999999999986,5.025999999999995,0.05,0.014406351372599602
3311,3.8999999999999986,5.025999999999995,0.05,0.03947916999459267
3312,3.8999999999999986,5.017999999999995,0.05,0.887812077999115
3313,4.599999999999996,5.019999999999995,0.05,1.1324408054351807
3314,6.699999999999992,5.061999999999995,0.05,3.06680965423584
3315,4.899999999999995,5.081999999999995,0.05,1.0092138051986694
3316,4.099999999999998,5.031999999999996,0.05,0.011020416393876076
3317,5.999999999999995,5.073999999999995,0.05,0.9528042674064636
3318,6.699999999999992,5.1299999999999955,0.05,0.0669143944978714
3319,12.899999999999974,5.307999999999994,0.05,1.076348066329956
3320,3.8999999999999986,5.261999999999993,0.05,2.058703899383545
3321,6.099999999999994,5.305999999999995,0.05,0.9150683283805847
3322,3.8999999999999986,5.293999999999994,0.05,0.03489848971366882
3323,3.8999999999999986,5.281999999999994,0.05,0.9552972912788391
3324,3.9999999999999982,5.2839999999999945,0.05,3.9909534454345703
3325,4.299999999999997,5.285999999999996,0.05,1.936171531677246
3326,3.8999999999999986,5.281999999999994,0.05,1.1217689514160156
3327,6.699999999999992,5.337999999999994,0.05,3.068462371826172
3328,3.8999999999999986,5.335999999999993,0.05,1.0106980800628662
3329,3.9999999999999982,5.337999999999994,0.05,0.8820069432258606
3330,3.8999999999999986,5.327999999999994,0.05,0.9861849546432495
3331,3.8999999999999986,5.237999999999995,0.05,1.0280898809432983
3332,6.5999999999999925,5.291999999999994,0.05,1.8201825618743896
3333,4.999999999999995,5.313999999999994,0.05,0.04530037194490433
3334,3.8999999999999986,5.2599999999999945,0.05,2.8787777423858643
3335,4.4999999999999964,5.271999999999995,0.05,1.014567255973816
3336,3.8999999999999986,5.125999999999994,0.05,1.7963019609451294
3337,3.8999999999999986,5.125999999999996,0.05,3.0477077960968018
3338,4.4999999999999964,5.029999999999996,0.05,0.016834085807204247
3339,5.999999999999995,5.059999999999996,0.05,2.1843464374542236
3340,3.8999999999999986,4.969999999999996,0.05,0.9591755867004395
3341,4.999999999999995,4.975999999999996,0.05,1.1512408256530762
3342,8.399999999999986,5.013999999999995,0.05,4.048168182373047
3343,4.399999999999997,5.023999999999996,0.05,2.115933656692505
3344,3.8999999999999986,5.023999999999996,0.05,0.910386860370636
3345,3.8999999999999986,5.021999999999996,0.05,3.8832108974456787
3346,3.8999999999999986,5.005999999999996,0.05,1.8830616474151611
3347,3.8999999999999986,4.9999999999999964,0.05,1.2142939567565918
3348,8.399999999999986,5.089999999999995,0.05,1.366722583770752
3349,3.8999999999999986,5.089999999999995,0.05,0.00648987852036953
3350,6.099999999999994,5.133999999999995,0.05,2.0787088871002197
3351,3.8999999999999986,5.131999999999994,0.05,2.0267491340637207
3352,3.8999999999999986,5.041999999999996,0.05,1.0566381216049194
3353,3.8999999999999986,5.019999999999996,0.05,1.2291957139968872
3354,3.8999999999999986,5.019999999999996,0.05,1.9811301231384277
3355,4.4999999999999964,5.031999999999996,0.05,0.9429953694343567
3356,6.299999999999994,5.021999999999995,0.05,0.0956525132060051
3357,3.8999999999999986,5.021999999999995,0.05,0.011115780100226402
3358,3.8999999999999986,5.021999999999996,0.05,0.006226123310625553
3359,3.8999999999999986,4.841999999999997,0.05,2.7871737480163574
3360,4.899999999999995,4.8619999999999965,0.05,0.04113146662712097
3361,3.8999999999999986,4.8619999999999965,0.05,2.737049102783203
3362,3.8999999999999986,4.8619999999999965,0.05,1.963579773902893
3363,3.8999999999999986,4.847999999999996,0.05,1.0142707824707031
3364,4.699999999999996,4.807999999999996,0.05,2.924609661102295
3365,6.199999999999994,4.833999999999996,0.05,0.02463378757238388
3366,3.9999999999999982,4.831999999999996,0.05,0.01199552696198225
3367,3.8999999999999986,4.7899999999999965,0.05,2.118269920349121
3368,3.8999999999999986,4.733999999999996,0.05,0.011355341412127018
3369,4.599999999999996,4.567999999999997,0.05,2.0024545192718506
3370,3.8999999999999986,4.567999999999997,0.05,1.165164828300476
3371,3.8999999999999986,4.523999999999997,0.05,0.01311059296131134
3372,3.8999999999999986,4.523999999999997,0.05,0.967616081237793
3373,4.4999999999999964,4.535999999999998,0.05,1.9379925727844238
3374,3.8999999999999986,4.533999999999997,0.05,3.0328173637390137
3375,3.8999999999999986,4.525999999999997,0.05,2.1045804023742676
3376,3.8999999999999986,4.525999999999997,0.05,1.1026273965835571
3377,3.8999999999999986,4.469999999999998,0.05,0.008566244505345821
3378,3.8999999999999986,4.469999999999998,0.05,0.9734418392181396
3379,4.999999999999995,4.4899999999999975,0.05,0.013014253228902817
3380,3.8999999999999986,4.4899999999999975,0.05,1.1452710628509521
3381,3.8999999999999986,4.4899999999999975,0.05,0.8676344752311707
3382,3.8999999999999986,4.435999999999997,0.05,1.0344557762145996
3383,3.8999999999999986,4.413999999999998,0.05,1.9823302030563354
3384,8.399999999999986,4.503999999999997,0.05,0.01439155824482441
3385,3.8999999999999986,4.491999999999997,0.05,0.9158692955970764
3386,4.4999999999999964,4.503999999999997,0.05,0.01710820384323597
3387,3.8999999999999986,4.503999999999998,0.05,1.9986083507537842
3388,3.8999999999999986,4.491999999999997,0.05,1.7446659803390503
3389,5.999999999999995,4.491999999999997,0.05,2.017738103866577
3390,3.8999999999999986,4.491999999999997,0.05,1.0837410688400269
3391,3.8999999999999986,4.469999999999998,0.05,0.9738070964813232
3392,4.1999999999999975,4.3859999999999975,0.05,0.017021680250763893
3393,3.8999999999999986,4.375999999999998,0.05,0.9916754364967346
3394,4.999999999999995,4.397999999999998,0.05,0.9365921020507812
3395,4.999999999999995,4.419999999999998,0.05,0.1312612146139145
3396,4.1999999999999975,4.425999999999997,0.05,1.8671069145202637
3397,3.8999999999999986,4.4259999999999975,0.05,1.9048529863357544
3398,4.799999999999995,4.353999999999997,0.05,1.996556043624878
3399,3.8999999999999986,4.353999999999997,0.05,0.04072695970535278
3400,3.8999999999999986,4.309999999999998,0.05,1.0562819242477417
3401,4.299999999999997,4.317999999999997,0.05,0.0077398791909217834
3402,3.8999999999999986,4.317999999999998,0.05,1.9151146411895752
3403,3.8999999999999986,4.317999999999998,0.05,0.9342486262321472
3404,3.8999999999999986,4.317999999999997,0.05,0.018518295139074326
3405,4.4999999999999964,4.317999999999997,0.05,0.06755129992961884
3406,3.8999999999999986,4.269999999999997,0.05,2.0337576866149902
3407,4.899999999999995,4.289999999999997,0.05,0.9286850094795227
3408,4.799999999999995,4.307999999999997,0.05,2.01749587059021
3409,4.399999999999997,4.317999999999997,0.05,2.04583740234375
3410,3.8999999999999986,4.297999999999997,0.05,0.10059046745300293
3411,6.199999999999994,4.343999999999997,0.05,2.618687868118286
3412,6.699999999999992,4.399999999999997,0.05,0.09674070030450821
3413,3.8999999999999986,4.399999999999997,0.05,3.091348648071289
3414,3.8999999999999986,4.383999999999998,0.05,0.9374943971633911
3415,3.8999999999999986,4.337999999999997,0.05,2.2141270637512207
3416,3.8999999999999986,4.335999999999998,0.05,1.0803422927856445
3417,3.8999999999999986,4.335999999999998,0.05,0.0066339499317109585
3418,4.599999999999996,4.349999999999998,0.05,1.9486980438232422
3419,3.8999999999999986,4.335999999999998,0.05,0.08912572264671326
3420,4.599999999999996,4.349999999999998,0.05,0.8643979430198669
3421,4.899999999999995,4.369999999999997,0.05,0.9251485466957092
3422,3.8999999999999986,4.369999999999997,0.05,1.0386725664138794
3423,4.599999999999996,4.371999999999997,0.05,0.9157406687736511
3424,3.8999999999999986,4.371999999999997,0.05,2.682072162628174
3425,5.999999999999995,4.413999999999998,0.05,3.986279010772705
3426,4.599999999999996,4.427999999999997,0.05,4.66403865814209
3427,3.8999999999999986,4.427999999999997,0.05,0.8963199853897095
3428,3.8999999999999986,4.427999999999997,0.05,1.00265371799469
3429,3.8999999999999986,4.405999999999998,0.05,1.9010869264602661
3430,3.8999999999999986,4.405999999999997,0.05,0.981159508228302
3431,8.699999999999985,4.501999999999998,0.05,2.142939329147339
3432,3.8999999999999986,4.501999999999998,0.05,1.8244658708572388
3433,6.399999999999993,4.551999999999997,0.05,1.925705909729004
3434,3.8999999999999986,4.461999999999997,0.05,0.013223567046225071
3435,3.8999999999999986,4.461999999999998,0.05,4.612381935119629
3436,4.899999999999995,4.469999999999998,0.05,1.0168739557266235
3437,3.8999999999999986,4.469999999999998,0.05,0.874822735786438
3438,3.8999999999999986,4.469999999999998,0.05,1.9125330448150635
3439,3.8999999999999986,4.427999999999997,0.05,0.8885934352874756
3440,3.8999999999999986,4.427999999999997,0.05,0.9181398153305054
3441,3.8999999999999986,4.427999999999997,0.05,0.002300145337358117
3442,3.8999999999999986,4.421999999999998,0.05,1.8285870552062988
3443,3.8999999999999986,4.421999999999997,0.05,0.018738850951194763
3444,3.8999999999999986,4.399999999999997,0.05,0.025628965348005295
3445,4.299999999999997,4.385999999999997,0.05,1.0678068399429321
3446,3.8999999999999986,4.379999999999997,0.05,0.9466482400894165
3447,6.399999999999993,4.429999999999998,0.05,0.8470984101295471
3448,4.1999999999999975,4.4179999999999975,0.05,1.8782886266708374
3449,3.8999999999999986,4.417999999999997,0.05,2.0489842891693115
3450,6.499999999999993,4.469999999999997,0.05,0.16926893591880798
3451,3.8999999999999986,4.461999999999998,0.05,1.8363471031188965
3452,3.8999999999999986,4.461999999999998,0.05,2.575620651245117
3453,3.8999999999999986,4.461999999999997,0.05,2.90755558013916
3454,3.8999999999999986,4.461999999999997,0.05,1.7447659969329834
3455,3.8999999999999986,4.4499999999999975,0.05,0.012694228440523148
3456,3.8999999999999986,4.4499999999999975,0.05,0.003385918214917183
3457,6.099999999999994,4.473999999999997,0.05,0.027683749794960022
3458,3.9999999999999982,4.457999999999997,0.05,0.8702260851860046
3459,3.8999999999999986,4.447999999999997,0.05,2.9658162593841553
3460,4.899999999999995,4.467999999999997,0.05,1.0600348711013794
3461,3.8999999999999986,4.421999999999997,0.05,0.9412074685096741
3462,4.699999999999996,4.381999999999997,0.05,1.0564908981323242
3463,3.8999999999999986,4.381999999999998,0.05,3.6492366790771484
3464,3.8999999999999986,4.381999999999998,0.05,1.8910882472991943
3465,4.4999999999999964,4.393999999999997,0.05,0.8483877778053284
3466,3.8999999999999986,4.3939999999999975,0.05,1.7197498083114624
3467,3.8999999999999986,4.3939999999999975,0.05,0.01281970925629139
3468,6.099999999999994,4.423999999999998,0.05,1.9964812994003296
3469,5.999999999999995,4.4659999999999975,0.05,0.9385204315185547
3470,4.399999999999997,4.461999999999998,0.05,0.07021737843751907
3471,3.8999999999999986,4.441999999999997,0.05,0.023648947477340698
3472,6.499999999999993,4.493999999999997,0.05,0.9556440114974976
3473,6.099999999999994,4.523999999999997,0.05,1.7332180738449097
3474,4.899999999999995,4.543999999999998,0.05,1.0788674354553223
3475,8.699999999999985,4.597999999999996,0.05,0.07922247052192688
3476,4.299999999999997,4.591999999999997,0.05,1.9077320098876953
3477,3.8999999999999986,4.591999999999996,0.05,0.8877293467521667
3478,6.399999999999993,4.641999999999997,0.05,0.22149387001991272
3479,-2.099999999999998,4.521999999999997,0.05,0.039842620491981506
3480,6.5999999999999925,4.575999999999997,0.05,0.6228718161582947
3481,4.899999999999995,4.4999999999999964,0.05,0.955869197845459
3482,3.8999999999999986,4.499999999999997,0.05,0.015192203223705292
3483,4.299999999999997,4.4579999999999975,0.05,1.0534437894821167
3484,4.999999999999995,4.479999999999997,0.05,0.9009396433830261
3485,4.899999999999995,4.499999999999997,0.05,0.14961758255958557
3486,3.8999999999999986,4.479999999999997,0.05,0.9720190167427063
3487,6.799999999999992,4.537999999999996,0.05,1.089308500289917
3488,3.8999999999999986,4.537999999999997,0.05,0.01653449237346649
3489,3.8999999999999986,4.537999999999997,0.05,0.8582603931427002
3490,0.9000000000000004,4.477999999999997,0.05,1.9536200761795044
3491,6.199999999999994,4.523999999999997,0.05,0.9723246693611145
3492,4.599999999999996,4.537999999999997,0.05,0.029562685638666153
3493,4.1999999999999975,4.543999999999996,0.05,0.02325909584760666
3494,3.8999999999999986,4.543999999999996,0.05,0.0192374587059021
3495,3.8999999999999986,4.535999999999997,0.05,0.01911412738263607
3496,3.8999999999999986,4.535999999999997,0.05,1.0054841041564941
3497,3.8999999999999986,4.485999999999997,0.05,0.010283323004841805
3498,3.8999999999999986,4.479999999999997,0.05,1.9009299278259277
3499,3.8999999999999986,4.479999999999997,0.05,0.9181257486343384
3500,3.8999999999999986,4.427999999999997,0.05,0.012296309694647789
3501,3.8999999999999986,4.427999999999997,0.05,1.7693262100219727
3502,3.8999999999999986,4.427999999999997,0.05,0.9783077836036682
3503,3.8999999999999986,4.427999999999997,0.05,0.9457813501358032
3504,9.199999999999983,4.533999999999997,0.05,1.8873989582061768
3505,3.8999999999999986,4.533999999999997,0.05,2.857854127883911
3506,8.399999999999986,4.623999999999996,0.05,2.6564226150512695
3507,3.8999999999999986,4.579999999999996,0.05,0.009251708164811134
3508,4.899999999999995,4.597999999999996,0.05,1.658848762512207
3509,4.299999999999997,4.605999999999997,0.05,0.9521284103393555
3510,4.299999999999997,4.593999999999997,0.05,1.853021264076233
3511,3.8999999999999986,4.593999999999997,0.05,0.9011862277984619
3512,3.8999999999999986,4.577999999999997,0.05,0.01980724185705185
3513,4.799999999999995,4.5959999999999965,0.05,1.836970567703247
3514,6.499999999999993,4.647999999999996,0.05,0.04921181499958038
3515,4.4999999999999964,4.647999999999996,0.05,1.8585095405578613
3516,4.099999999999998,4.651999999999996,0.05,0.02065839245915413
3517,4.399999999999997,4.661999999999996,0.05,0.030143294483423233
3518,4.699999999999996,4.633999999999997,0.05,1.8238710165023804
3519,4.399999999999997,4.601999999999997,0.05,1.7944657802581787
3520,3.8999999999999986,4.591999999999996,0.05,0.9998332262039185
3521,3.8999999999999986,4.591999999999996,0.05,1.123907446861267
3522,3.8999999999999986,4.5399999999999965,0.05,0.9627819657325745
3523,3.8999999999999986,4.495999999999997,0.05,2.569899797439575
3524,4.999999999999995,4.497999999999997,0.05,0.9825093746185303
3525,6.099999999999994,4.445999999999997,0.05,0.04389259219169617
3526,3.8999999999999986,4.437999999999997,0.05,0.8714162707328796
3527,3.8999999999999986,4.437999999999997,0.05,0.9973958730697632
3528,3.8999999999999986,4.387999999999997,0.05,0.048760272562503815
3529,3.8999999999999986,4.507999999999997,0.05,0.9638599753379822
3530,3.8999999999999986,4.453999999999997,0.05,0.951770007610321
3531,3.8999999999999986,4.4339999999999975,0.05,1.9549702405929565
3532,6.399999999999993,4.483999999999997,0.05,0.00414793798699975
3533,3.8999999999999986,4.475999999999997,0.05,0.05697060748934746
3534,4.999999999999995,4.475999999999996,0.05,1.858184814453125
3535,6.399999999999993,4.505999999999998,0.05,0.8220344185829163
3536,6.699999999999992,4.561999999999997,0.05,5.432162284851074
3537,3.8999999999999986,4.503999999999997,0.05,2.6938576698303223
3538,3.8999999999999986,4.503999999999997,0.05,0.1041230857372284
3539,12.899999999999974,4.683999999999997,0.05,0.928783118724823
3540,3.8999999999999986,4.743999999999996,0.05,1.0874862670898438
3541,3.8999999999999986,4.697999999999997,0.05,2.0064001083374023
3542,4.099999999999998,4.687999999999996,0.05,1.6716687679290771
3543,6.299999999999994,4.729999999999996,0.05,2.620776653289795
3544,3.8999999999999986,4.729999999999996,0.05,0.9654243588447571
3545,4.599999999999996,4.743999999999996,0.05,2.6441991329193115
3546,3.8999999999999986,4.743999999999996,0.05,1.7857043743133545
3547,3.8999999999999986,4.743999999999996,0.05,0.922416090965271
3548,3.8999999999999986,4.743999999999996,0.05,0.806118905544281
3549,3.8999999999999986,4.743999999999996,0.05,1.8623284101486206
3550,3.8999999999999986,4.743999999999996,0.05,0.07936379313468933
3551,4.299999999999997,4.751999999999996,0.05,0.015363592654466629
3552,3.8999999999999986,4.751999999999996,0.05,0.07120180875062943
3553,4.799999999999995,4.769999999999996,0.05,0.948159396648407
3554,3.8999999999999986,4.663999999999996,0.05,0.1003929004073143
3555,4.699999999999996,4.679999999999996,0.05,0.9799492955207825
3556,4.1999999999999975,4.5959999999999965,0.05,0.8583986759185791
3557,3.8999999999999986,4.5959999999999965,0.05,1.8585004806518555
3558,3.8999999999999986,4.575999999999997,0.05,0.005642009899020195
3559,3.8999999999999986,4.567999999999997,0.05,0.8652690649032593
3560,8.399999999999986,4.649999999999997,0.05,0.03166208043694496
3561,4.099999999999998,4.653999999999996,0.05,1.6057534217834473
3562,3.8999999999999986,4.653999999999996,0.05,1.6328024864196777
3563,3.8999999999999986,4.635999999999997,0.05,0.008894392289221287
3564,4.1999999999999975,4.589999999999997,0.05,0.014837157912552357
3565,4.4999999999999964,4.589999999999996,0.05,0.01613141968846321
3566,3.8999999999999986,4.585999999999997,0.05,1.7348401546478271
3567,3.8999999999999986,4.575999999999997,0.05,2.7169861793518066
3568,3.8999999999999986,4.559999999999997,0.05,0.9189597368240356
3569,6.399999999999993,4.599999999999997,0.05,0.8435831069946289
3570,6.099999999999994,4.643999999999997,0.05,0.0012995554134249687
3571,6.499999999999993,4.695999999999997,0.05,0.8281550407409668
3572,3.8999999999999986,4.695999999999997,0.05,1.7790335416793823
3573,3.8999999999999986,4.695999999999997,0.05,0.8963172435760498
3574,3.8999999999999986,4.673999999999997,0.05,0.9191175103187561
3575,3.8999999999999986,4.629999999999997,0.05,0.26663532853126526
3576,4.799999999999995,4.647999999999997,0.05,0.8642320036888123
3577,4.299999999999997,4.655999999999997,0.05,0.9711101651191711
3578,3.8999999999999986,4.655999999999997,0.05,0.01756087690591812
3579,6.5999999999999925,4.709999999999996,0.05,1.7970373630523682
3580,3.8999999999999986,4.709999999999996,0.05,1.8100240230560303
3581,3.8999999999999986,4.709999999999997,0.05,0.031260184943675995
3582,3.8999999999999986,4.659999999999997,0.05,0.006426303181797266
3583,6.199999999999994,4.705999999999996,0.05,1.6308445930480957
3584,3.9999999999999982,4.685999999999996,0.05,0.9490756988525391
3585,4.299999999999997,4.643999999999997,0.05,0.8569314479827881
3586,3.8999999999999986,4.5879999999999965,0.05,2.7296667098999023
3587,3.8999999999999986,4.5879999999999965,0.05,0.776343822479248
3588,3.8999999999999986,4.587999999999997,0.05,3.4000861644744873
3589,4.1999999999999975,4.413999999999997,0.05,0.8612934350967407
3590,3.8999999999999986,4.413999999999998,0.05,1.8454381227493286
3591,3.8999999999999986,4.413999999999998,0.05,1.8183377981185913
3592,3.8999999999999986,4.4099999999999975,0.05,1.6869088411331177
3593,4.299999999999997,4.369999999999997,0.05,0.9695632457733154
3594,8.399999999999986,4.459999999999997,0.05,0.9412634372711182
3595,4.599999999999996,4.459999999999997,0.05,0.9653507471084595
3596,3.8999999999999986,4.459999999999997,0.05,2.4940264225006104
3597,8.399999999999986,4.549999999999996,0.05,1.6815074682235718
3598,3.8999999999999986,4.549999999999997,0.05,1.7082442045211792
3599,3.8999999999999986,4.549999999999997,0.05,1.939424753189087
3600,3.8999999999999986,4.549999999999997,0.05,0.00333474762737751
3601,3.9999999999999982,4.543999999999997,0.05,1.7182172536849976
3602,3.8999999999999986,4.543999999999997,0.05,0.806260883808136
3603,4.1999999999999975,4.531999999999997,0.05,1.7935609817504883
3604,3.8999999999999986,4.5319999999999965,0.05,0.8623570799827576
3605,6.299999999999994,4.5639999999999965,0.05,0.8048980236053467
3606,3.8999999999999986,4.557999999999996,0.05,0.1627168506383896
3607,4.099999999999998,4.561999999999997,0.05,0.06504148244857788
3608,4.299999999999997,4.569999999999997,0.05,3.55018949508667
3609,4.1999999999999975,4.575999999999997,0.05,0.9609028100967407
3610,3.8999999999999986,4.485999999999997,0.05,0.8720666170120239
3611,8.399999999999986,4.5719999999999965,0.05,0.011544905602931976
3612,3.8999999999999986,4.5719999999999965,0.05,1.7789418697357178
3613,6.399999999999993,4.621999999999997,0.05,0.0161482784897089
3614,3.8999999999999986,4.615999999999997,0.05,2.4553933143615723
3615,3.8999999999999986,4.6039999999999965,0.05,0.9523900747299194
3616,4.4999999999999964,4.615999999999997,0.05,0.016584748402237892
3617,4.099999999999998,4.6199999999999966,0.05,1.6546015739440918
3618,3.8999999999999986,4.6199999999999966,0.05,0.8428365588188171
3619,4.599999999999996,4.583999999999996,0.05,0.8630914092063904
3620,3.8999999999999986,4.5399999999999965,0.05,0.011512192897498608
3621,3.8999999999999986,4.487999999999997,0.05,0.8901099562644958
3622,3.8999999999999986,4.487999999999997,0.05,2.4853904247283936
3623,4.899999999999995,4.507999999999997,0.05,1.1134693622589111
3624,4.099999999999998,4.511999999999997,0.05,2.4702541828155518
3625,3.8999999999999986,4.511999999999997,0.05,0.032154280692338943
3626,3.8999999999999986,4.493999999999997,0.05,0.94547039270401
3627,4.299999999999997,4.493999999999996,0.05,0.9017312526702881
3628,3.8999999999999986,4.493999999999997,0.05,0.7736708521842957
3629,3.8999999999999986,4.439999999999997,0.05,1.8359105587005615
3630,-3.899999999999998,4.283999999999997,0.05,0.7637476325035095
3631,10.499999999999982,4.415999999999996,0.05,0.007008007727563381
3632,3.8999999999999986,4.415999999999997,0.05,0.15126577019691467
3633,3.8999999999999986,4.369999999999997,0.05,2.683621644973755
3634,4.899999999999995,4.387999999999997,0.05,0.9465017914772034
3635,3.8999999999999986,4.379999999999997,0.05,0.8370080590248108
3636,8.399999999999986,4.469999999999996,0.05,0.026633653789758682
3637,4.1999999999999975,4.475999999999996,0.05,0.008885727263987064
3638,3.8999999999999986,4.475999999999996,0.05,0.5361920595169067
3639,3.8999999999999986,4.469999999999996,0.05,0.9433520436286926
3640,3.8999999999999986,4.469999999999996,0.05,1.720982313156128
3641,4.4999999999999964,4.481999999999997,0.05,1.6081650257110596
3642,3.8999999999999986,4.481999999999997,0.05,1.6968762874603271
3643,3.8999999999999986,4.473999999999997,0.05,0.938676655292511
3644,3.8999999999999986,4.383999999999997,0.05,1.69291353225708
3645,3.8999999999999986,4.369999999999997,0.05,0.8904609680175781
3646,3.8999999999999986,4.369999999999997,0.05,0.03007182851433754
3647,12.899999999999974,4.459999999999997,0.05,0.008022548630833626
3648,4.799999999999995,4.477999999999996,0.05,1.527505874633789
3649,3.8999999999999986,4.477999999999996,0.05,0.8298628926277161
3650,4.999999999999995,4.499999999999997,0.05,0.8628820776939392
3651,3.8999999999999986,4.497999999999997,0.05,0.01203753612935543
3652,3.8999999999999986,4.497999999999997,0.05,0.836992084980011
3653,3.8999999999999986,4.491999999999997,0.05,0.8621568083763123
3654,3.8999999999999986,4.491999999999997,0.05,0.916648805141449
3655,3.8999999999999986,4.443999999999997,0.05,0.8491717576980591
3656,3.9999999999999982,4.445999999999997,0.05,1.7215912342071533
3657,3.8999999999999986,4.441999999999997,0.05,2.4617903232574463
3658,3.8999999999999986,4.433999999999997,0.05,2.52720046043396
3659,3.8999999999999986,4.427999999999997,0.05,0.006423022598028183
3660,3.8999999999999986,4.427999999999997,0.05,0.8658903241157532
3661,3.8999999999999986,4.337999999999997,0.05,0.9191858172416687
3662,3.8999999999999986,4.337999999999997,0.05,0.02179686725139618
3663,4.299999999999997,4.295999999999997,0.05,2.3914599418640137
3664,3.8999999999999986,4.295999999999998,0.05,0.01440219022333622
3665,3.8999999999999986,4.295999999999998,0.05,0.013886411674320698
3666,3.8999999999999986,4.283999999999997,0.05,0.8266006112098694
3667,4.1999999999999975,4.285999999999997,0.05,0.8007979393005371
3668,3.9999999999999982,4.287999999999997,0.05,0.8383730053901672
3669,3.8999999999999986,4.273999999999997,0.05,0.8342930674552917
3670,3.8999999999999986,4.273999999999997,0.05,1.6549193859100342
3671,3.8999999999999986,4.273999999999997,0.05,0.003859017975628376
3672,3.8999999999999986,4.273999999999997,0.05,0.979242205619812
3673,3.8999999999999986,4.253999999999998,0.05,2.6191444396972656
3674,3.8999999999999986,4.249999999999997,0.05,0.8767781257629395
3675,4.1999999999999975,4.255999999999998,0.05,0.9250966310501099
3676,3.8999999999999986,4.255999999999998,0.05,1.6800743341445923
3677,3.8999999999999986,4.2479999999999976,0.05,0.9330410957336426
3678,4.1999999999999975,4.253999999999997,0.05,0.7758879661560059
3679,3.8999999999999986,4.253999999999997,0.05,0.8874251246452332
3680,-2.099999999999998,4.289999999999997,0.05,1.6976884603500366
3681,3.8999999999999986,4.157999999999998,0.05,0.061042722314596176
3682,3.8999999999999986,4.157999999999998,0.05,0.9000774025917053
3683,4.4999999999999964,4.169999999999997,0.05,0.855981171131134
3684,3.8999999999999986,4.149999999999998,0.05,1.7045562267303467
3685,3.8999999999999986,4.149999999999998,0.05,0.9189711213111877
3686,3.8999999999999986,4.059999999999998,0.05,1.6064517498016357
3687,3.8999999999999986,4.0539999999999985,0.05,0.04352346807718277
3688,3.8999999999999986,4.0539999999999985,0.05,0.9641948342323303
3689,3.9999999999999982,4.055999999999998,0.05,0.8981841206550598
3690,4.1999999999999975,4.061999999999998,0.05,0.07709472626447678
3691,3.8999999999999986,4.049999999999998,0.05,1.7643558979034424
3692,4.299999999999997,4.057999999999998,0.05,1.6925275325775146
3693,-2.099999999999998,3.937999999999998,0.05,4.100437164306641
3694,3.8999999999999986,3.9379999999999984,0.05,0.004847598262131214
3695,3.8999999999999986,3.9379999999999984,0.05,0.006174822337925434
3696,3.8999999999999986,3.9379999999999984,0.05,1.0229566097259521
3697,3.8999999999999986,3.7579999999999982,0.05,1.72405207157135
3698,3.8999999999999986,3.739999999999999,0.05,0.8950241804122925
3699,3.8999999999999986,3.739999999999999,0.05,0.8607027530670166
3700,3.8999999999999986,3.717999999999999,0.05,0.8962348103523254
3701,3.8999999999999986,3.717999999999998,0.05,0.7928094863891602
3702,3.8999999999999986,3.717999999999998,0.05,0.0416979044675827
3703,3.8999999999999986,3.717999999999999,0.05,1.597427248954773
3704,3.8999999999999986,3.717999999999999,0.05,0.03421095386147499
3705,3.8999999999999986,3.717999999999998,0.05,2.3349852561950684
3706,4.099999999999998,3.719999999999999,0.05,1.6131396293640137
3707,3.8999999999999986,3.719999999999999,0.05,0.8587787747383118
3708,3.8999999999999986,3.719999999999999,0.05,0.0861004889011383
3709,3.8999999999999986,3.719999999999999,0.05,2.3463869094848633
3710,3.8999999999999986,3.719999999999999,0.05,1.785672664642334
3711,3.8999999999999986,3.719999999999999,0.05,1.6107648611068726
3712,3.8999999999999986,3.719999999999999,0.05,4.847843647003174
3713,3.8999999999999986,3.711999999999999,0.05,0.0064503783360123634
3714,3.8999999999999986,3.711999999999998,0.05,0.05028408765792847
3715,3.8999999999999986,3.711999999999999,0.05,0.7462518215179443
3716,3.8999999999999986,3.711999999999999,0.05,0.006584478076547384
3717,3.8999999999999986,3.705999999999999,0.05,2.5215611457824707
3718,3.8999999999999986,3.703999999999999,0.05,2.6750874519348145
3719,3.8999999999999986,3.7039999999999993,0.05,0.8443840146064758
3720,3.9999999999999982,3.7059999999999986,0.05,1.6335324048995972
3721,3.8999999999999986,3.7059999999999986,0.05,1.718153953552246
3722,3.8999999999999986,3.705999999999999,0.05,0.011480479501187801
3723,3.8999999999999986,3.705999999999999,0.05,0.04154105857014656
3724,3.9999999999999982,3.707999999999999,0.05,1.6638219356536865
3725,4.099999999999998,3.7059999999999986,0.05,2.499404191970825
3726,3.8999999999999986,3.7059999999999986,0.05,0.06504397839307785
3727,3.8999999999999986,3.705999999999999,0.05,0.14156612753868103
3728,3.8999999999999986,3.699999999999999,0.05,0.8962504863739014
3729,3.8999999999999986,3.699999999999999,0.05,0.7157629132270813
3730,3.8999999999999986,3.819999999999999,0.05,0.8248286247253418
3731,3.8999999999999986,3.819999999999999,0.05,1.4965245723724365
3732,3.8999999999999986,3.819999999999999,0.05,1.4876580238342285
3733,3.8999999999999986,3.807999999999999,0.05,0.7918266654014587
3734,3.8999999999999986,3.807999999999999,0.05,0.34665757417678833
3735,3.8999999999999986,3.807999999999999,0.05,1.0579233169555664
3736,3.8999999999999986,3.807999999999999,0.05,0.11863897740840912
3737,3.8999999999999986,3.807999999999999,0.05,0.04502914473414421
3738,3.8999999999999986,3.807999999999999,0.05,0.8318377733230591
3739,6.799999999999992,3.8639999999999985,0.05,1.023605227470398
3740,3.8999999999999986,3.8579999999999983,0.05,0.8439072966575623
3741,4.699999999999996,3.873999999999998,0.05,0.8691544532775879
3742,3.8999999999999986,3.8659999999999983,0.05,0.10751497745513916
3743,1.5000000000000027,3.9379999999999984,0.05,0.9287569522857666
3744,3.8999999999999986,3.937999999999999,0.05,1.9207825660705566
3745,3.8999999999999986,3.9379999999999984,0.05,2.6205806732177734
3746,3.8999999999999986,3.9379999999999984,0.05,0.8916137218475342
3747,3.8999999999999986,3.937999999999999,0.05,1.817621111869812
3748,2.4000000000000017,3.907999999999999,0.05,1.7106873989105225
3749,3.8999999999999986,3.9079999999999986,0.05,0.039301253855228424
3750,6.699999999999992,3.9639999999999986,0.05,1.6632994413375854
3751,3.8999999999999986,3.9639999999999986,0.05,0.7371737957000732
3752,3.8999999999999986,3.9639999999999986,0.05,0.7346335649490356
3753,3.8999999999999986,3.9639999999999986,0.05,0.8256375193595886
3754,8.399999999999986,4.0539999999999985,0.05,0.8637351393699646
3755,3.8999999999999986,4.0539999999999985,0.05,2.288006544113159
3756,4.699999999999996,4.065999999999998,0.05,1.5905686616897583
3757,4.1999999999999975,4.071999999999997,0.05,1.5458917617797852
3758,3.8999999999999986,4.071999999999998,0.05,0.0877092182636261
3759,3.9999999999999982,4.073999999999998,0.05,0.026208724826574326
3760,3.8999999999999986,4.073999999999998,0.05,0.017565099522471428
3761,3.8999999999999986,4.073999999999998,0.05,1.5206629037857056
3762,4.299999999999997,4.081999999999998,0.05,0.01358778029680252
3763,3.8999999999999986,4.081999999999997,0.05,1.5591810941696167
3764,3.8999999999999986,4.081999999999998,0.05,0.875041127204895
3765,3.8999999999999986,4.081999999999998,0.05,0.08775252103805542
3766,6.099999999999994,4.125999999999998,0.05,1.664968729019165
3767,3.8999999999999986,4.125999999999998,0.05,0.8799266219139099
3768,3.8999999999999986,4.125999999999998,0.05,0.8285101652145386
3769,3.8999999999999986,4.125999999999998,0.05,0.8487310409545898
3770,6.499999999999993,4.175999999999998,0.05,0.9442926049232483
3771,3.8999999999999986,4.175999999999998,0.05,0.8610445857048035
3772,3.8999999999999986,4.175999999999998,0.05,1.5789120197296143
3773,3.8999999999999986,4.175999999999998,0.05,0.8419030904769897
3774,3.8999999999999986,4.173999999999998,0.05,0.8667211532592773
3775,3.8999999999999986,4.169999999999998,0.05,0.023662250488996506
3776,3.8999999999999986,4.169999999999998,0.05,0.9072797894477844
3777,2.0000000000000013,4.131999999999998,0.05,0.8603693246841431
3778,3.8999999999999986,4.131999999999998,0.05,0.9496230483055115
3779,3.8999999999999986,4.131999999999998,0.05,3.520869731903076
3780,3.8999999999999986,4.131999999999998,0.05,0.8684467077255249
3781,3.8999999999999986,4.131999999999998,0.05,2.5321359634399414
3782,3.8999999999999986,4.131999999999998,0.05,1.7879035472869873
3783,2.800000000000002,4.109999999999998,0.05,0.8389947414398193
3784,3.8999999999999986,4.1099999999999985,0.05,0.1607191562652588
3785,4.699999999999996,4.125999999999998,0.05,1.9352376461029053
3786,4.399999999999997,4.1359999999999975,0.05,1.6755049228668213
3787,3.8999999999999986,4.135999999999998,0.05,0.031669653952121735
3788,3.8999999999999986,4.135999999999998,0.05,1.7863996028900146
3789,3.8999999999999986,4.0779999999999985,0.05,0.9043566584587097
3790,3.8999999999999986,4.0779999999999985,0.05,2.5038857460021973
3791,3.8999999999999986,4.0619999999999985,0.05,0.01653056964278221
3792,3.8999999999999986,4.0619999999999985,0.05,2.5549521446228027
3793,3.8999999999999986,4.1099999999999985,0.05,0.011146769858896732
3794,4.899999999999995,4.129999999999998,0.05,1.5792591571807861
3795,4.699999999999996,4.145999999999997,0.05,0.7546456456184387
3796,3.8999999999999986,4.145999999999997,0.05,0.7329784035682678
3797,3.8999999999999986,4.145999999999998,0.05,0.8076513409614563
3798,3.8999999999999986,4.175999999999998,0.05,3.1729331016540527
3799,3.6999999999999993,4.171999999999998,0.05,1.504826307296753
3800,3.8999999999999986,4.115999999999998,0.05,1.623032569885254
3801,3.9999999999999982,4.117999999999998,0.05,3.77984356880188
3802,3.8999999999999986,4.117999999999998,0.05,1.6470032930374146
3803,3.8999999999999986,4.1179999999999986,0.05,0.04904128611087799
3804,4.699999999999996,4.043999999999998,0.05,0.012942792847752571
3805,3.8999999999999986,4.043999999999998,0.05,2.391974687576294
3806,8.399999999999986,4.117999999999998,0.05,0.007116062566637993
3807,4.899999999999995,4.131999999999998,0.05,1.7388286590576172
3808,4.699999999999996,4.147999999999998,0.05,0.7440512776374817
3809,3.8999999999999986,4.145999999999997,0.05,0.9343946576118469
3810,4.4999999999999964,4.157999999999998,0.05,1.6393274068832397
3811,3.8999999999999986,4.157999999999998,0.05,1.570488691329956
3812,3.8999999999999986,4.149999999999999,0.05,1.4517903327941895
3813,4.099999999999998,4.153999999999997,0.05,0.016657911241054535
3814,3.8999999999999986,4.153999999999998,0.05,1.5551426410675049
3815,4.699999999999996,4.169999999999998,0.05,0.886046826839447
3816,3.8999999999999986,4.125999999999998,0.05,0.031705453991889954
3817,3.8999999999999986,4.125999999999998,0.05,0.8219594359397888
3818,3.8999999999999986,4.125999999999998,0.05,0.7821264863014221
3819,6.399999999999993,4.175999999999998,0.05,1.5299261808395386
3820,3.8999999999999986,4.123999999999999,0.05,0.7603046894073486
3821,4.699999999999996,4.139999999999998,0.05,0.8893336653709412
3822,3.8999999999999986,4.139999999999998,0.05,0.020899271592497826
3823,3.8999999999999986,4.139999999999998,0.05,0.006736170034855604
3824,3.8999999999999986,4.139999999999998,0.05,0.883562445640564
3825,5.999999999999995,4.181999999999998,0.05,0.012273527681827545
3826,4.399999999999997,4.191999999999998,0.05,0.788145899772644
3827,3.8999999999999986,4.229999999999998,0.05,0.7229917049407959
3828,3.8999999999999986,4.229999999999998,0.05,2.1574769020080566
3829,4.4999999999999964,4.241999999999997,0.05,0.7459717988967896
3830,3.8999999999999986,4.241999999999997,0.05,0.014719024300575256
3831,4.599999999999996,4.255999999999998,0.05,0.006077642552554607
3832,4.699999999999996,4.271999999999997,0.05,0.7202250957489014
3833,4.899999999999995,4.3139999999999965,0.05,0.8887249827384949
3834,3.8999999999999986,4.313999999999997,0.05,0.030405716970562935
3835,3.8999999999999986,4.297999999999998,0.05,0.8648070693016052
3836,6.5999999999999925,4.341999999999997,0.05,1.5688819885253906
3837,3.8999999999999986,4.341999999999997,0.05,0.03769392520189285
3838,8.399999999999986,4.431999999999997,0.05,0.8109219074249268
3839,4.099999999999998,4.435999999999996,0.05,1.7110702991485596
3840,2.6999999999999993,4.411999999999996,0.05,2.9689183235168457
3841,3.8999999999999986,4.411999999999996,0.05,0.8895453214645386
3842,3.8999999999999986,4.411999999999997,0.05,0.027395933866500854
3843,3.8999999999999986,4.411999999999997,0.05,0.11459892243146896
3844,3.8999999999999986,4.391999999999997,0.05,2.2736833095550537
3845,6.699999999999992,4.431999999999997,0.05,0.010247161611914635
3846,3.8999999999999986,4.431999999999997,0.05,1.5335164070129395
3847,3.8999999999999986,4.431999999999997,0.05,1.658097743988037
3848,3.8999999999999986,4.431999999999997,0.05,0.018562205135822296
3849,3.8999999999999986,4.435999999999996,0.05,0.053199488669633865
3850,3.8999999999999986,4.435999999999996,0.05,0.8316280245780945
3851,3.8999999999999986,4.4339999999999975,0.05,0.8747961521148682
3852,3.8999999999999986,4.4339999999999975,0.05,0.011125536635518074
3853,4.599999999999996,4.447999999999997,0.05,0.03650432825088501
3854,3.8999999999999986,4.431999999999997,0.05,0.035082533955574036
3855,3.8999999999999986,4.431999999999997,0.05,0.6299720406532288
3856,6.199999999999994,4.387999999999997,0.05,0.005413223057985306
3857,3.8999999999999986,4.367999999999998,0.05,0.00451620714738965
3858,3.8999999999999986,4.351999999999998,0.05,1.5580308437347412
3859,4.399999999999997,4.361999999999997,0.05,1.692723035812378
3860,3.8999999999999986,4.349999999999998,0.05,0.010497007519006729
3861,4.299999999999997,4.357999999999997,0.05,0.7434141635894775
3862,3.8999999999999986,4.357999999999998,0.05,0.041020795702934265
3863,4.299999999999997,4.361999999999997,0.05,0.8624195456504822
3864,3.8999999999999986,4.361999999999997,0.05,1.6328179836273193
3865,6.799999999999992,4.403999999999997,0.05,0.01868303492665291
3866,4.999999999999995,4.4259999999999975,0.05,0.0020314608700573444
3867,3.8999999999999986,4.4259999999999975,0.05,1.5648690462112427
3868,8.399999999999986,4.5159999999999965,0.05,1.3526291847229004
3869,4.999999999999995,4.487999999999997,0.05,0.011954586952924728
3870,3.8999999999999986,4.487999999999997,0.05,0.005694854538887739
3871,3.8999999999999986,4.471999999999997,0.05,0.05360051244497299
3872,4.599999999999996,4.485999999999997,0.05,0.0823715478181839
3873,3.8999999999999986,4.485999999999997,0.05,0.782620370388031
3874,3.8999999999999986,4.485999999999997,0.05,1.5371445417404175
3875,4.1999999999999975,4.449999999999997,0.05,1.656738519668579
3876,4.099999999999998,4.443999999999997,0.05,0.030746253207325935
3877,3.8999999999999986,4.443999999999997,0.05,0.0016313795931637287
3878,3.8999999999999986,4.443999999999997,0.05,0.7496936321258545
3879,4.999999999999995,4.453999999999997,0.05,0.7570658922195435
3880,3.8999999999999986,4.453999999999997,0.05,0.02895260602235794
3881,6.399999999999993,4.4899999999999975,0.05,0.031197797507047653
3882,3.9999999999999982,4.475999999999997,0.05,0.03045254945755005
3883,6.799999999999992,4.513999999999997,0.05,0.7793420553207397
3884,3.8999999999999986,4.513999999999997,0.05,1.7099871635437012
3885,3.8999999999999986,4.513999999999997,0.05,1.5750389099121094
3886,3.8999999999999986,4.459999999999997,0.05,0.7062276601791382
3887,3.8999999999999986,4.459999999999997,0.05,1.710875391960144
3888,4.4999999999999964,4.381999999999998,0.05,1.6413862705230713
3889,3.8999999999999986,4.3779999999999974,0.05,2.299525022506714
3890,3.8999999999999986,4.4019999999999975,0.05,0.7336291670799255
3891,3.8999999999999986,4.4019999999999975,0.05,0.814191997051239
3892,3.8999999999999986,4.4019999999999975,0.05,0.7757328152656555
3893,6.299999999999994,4.449999999999997,0.05,0.012435910291969776
3894,5.999999999999995,4.491999999999996,0.05,0.7702792286872864
3895,3.8999999999999986,4.435999999999997,0.05,0.8590970635414124
3896,3.8999999999999986,4.435999999999997,0.05,0.6930335164070129
3897,3.8999999999999986,4.435999999999996,0.05,0.6737390756607056
3898,3.8999999999999986,4.435999999999996,0.05,0.748908281326294
3899,3.8999999999999986,4.435999999999997,0.05,0.0009269458241760731
3900,4.4999999999999964,4.447999999999997,0.05,0.8130962252616882
3901,6.799999999999992,4.505999999999997,0.05,1.6328227519989014
3902,5.999999999999995,4.5479999999999965,0.05,0.048803746700286865
3903,3.8999999999999986,4.533999999999997,0.05,0.8823167085647583
3904,6.399999999999993,4.583999999999997,0.05,0.7283292412757874
3905,5.999999999999995,4.625999999999998,0.05,0.025191746652126312
3906,6.399999999999993,4.629999999999997,0.05,1.608445167541504
3907,3.9999999999999982,4.631999999999996,0.05,1.4386180639266968
3908,4.4999999999999964,4.643999999999997,0.05,0.02116132527589798
3909,3.8999999999999986,4.633999999999997,0.05,2.3096864223480225
3910,3.8999999999999986,4.633999999999997,0.05,2.1621551513671875
3911,3.8999999999999986,4.625999999999997,0.05,0.7766856551170349
3912,3.8999999999999986,4.625999999999997,0.05,0.006031913682818413
3913,8.399999999999986,4.707999999999997,0.05,0.7697604298591614
3914,4.699999999999996,4.723999999999997,0.05,0.8056544065475464
3915,4.4999999999999964,4.677999999999996,0.05,1.4716075658798218
3916,3.9999999999999982,4.657999999999997,0.05,0.027409669011831284
3917,8.399999999999986,4.747999999999996,0.05,1.5623520612716675
3918,3.8999999999999986,4.657999999999997,0.05,0.8212622404098511
3919,3.8999999999999986,4.635999999999997,0.05,0.7874704003334045
3920,3.8999999999999986,4.635999999999997,0.05,0.018029816448688507
3921,4.1999999999999975,4.641999999999997,0.05,2.2678346633911133
3922,4.1999999999999975,4.633999999999997,0.05,2.301905870437622
3923,3.8999999999999986,4.633999999999997,0.05,0.005741059314459562
3924,3.8999999999999986,4.633999999999997,0.05,0.7387259006500244
3925,4.399999999999997,4.637999999999997,0.05,0.6793913841247559
3926,3.8999999999999986,4.633999999999998,0.05,1.491126298904419
3927,4.099999999999998,4.637999999999996,0.05,0.018160993233323097
3928,4.299999999999997,4.645999999999997,0.05,0.003447502152994275
3929,8.399999999999986,4.713999999999996,0.05,0.06356315314769745
3930,8.399999999999986,4.803999999999997,0.05,2.213763475418091
3931,4.4999999999999964,4.7659999999999965,0.05,1.5510642528533936
3932,4.299999999999997,4.771999999999997,0.05,2.24833607673645
3933,3.8999999999999986,4.713999999999997,0.05,0.8478490114212036
3934,9.099999999999984,4.817999999999996,0.05,0.7610763907432556
3935,11.29999999999998,4.965999999999996,0.05,2.4276649951934814
3936,5.999999999999995,5.007999999999996,0.05,0.6611950993537903
3937,6.799999999999992,5.065999999999995,0.05,0.8102850914001465
3938,3.8999999999999986,5.053999999999995,0.05,0.016819151118397713
3939,3.8999999999999986,5.053999999999995,0.05,1.5238275527954102
3940,6.499999999999993,5.105999999999996,0.05,1.5648243427276611
3941,3.8999999999999986,5.105999999999996,0.05,0.07453545182943344
3942,3.8999999999999986,5.105999999999995,0.05,1.4412270784378052
3943,8.399999999999986,5.147999999999995,0.05,0.0147005096077919
3944,4.1999999999999975,5.111999999999995,0.05,2.1498868465423584
3945,3.8999999999999986,5.111999999999996,0.05,0.7470893263816833
3946,3.8999999999999986,5.111999999999996,0.05,0.7847879528999329
3947,3.8999999999999986,5.111999999999996,0.05,0.003559144912287593
3948,6.299999999999994,5.159999999999996,0.05,0.7895699739456177
3949,3.8999999999999986,5.159999999999994,0.05,1.4481967687606812
3950,4.299999999999997,5.155999999999995,0.05,0.04432220011949539
3951,5.999999999999995,5.139999999999995,0.05,0.7602779269218445
3952,6.099999999999994,5.141999999999996,0.05,0.03567173331975937
3953,6.399999999999993,5.191999999999995,0.05,0.7836884260177612
3954,9.499999999999982,5.253999999999995,0.05,0.7064239978790283
3955,3.9999999999999982,5.213999999999995,0.05,0.023296741768717766
3956,3.8999999999999986,5.163999999999994,0.05,0.009084504097700119
3957,3.8999999999999986,5.161999999999995,0.05,1.6281688213348389
3958,3.8999999999999986,5.149999999999995,0.05,1.4675850868225098
3959,4.799999999999995,5.167999999999995,0.05,1.566995620727539
3960,11.29999999999998,5.315999999999994,0.05,0.7484830617904663
3961,3.8999999999999986,5.315999999999994,0.05,0.7323724031448364
3962,5.999999999999995,5.357999999999995,0.05,0.6927124261856079
3963,3.9999999999999982,5.269999999999995,0.05,0.048949796706438065
3964,3.8999999999999986,5.253999999999994,0.05,0.6670952439308167
3965,3.8999999999999986,5.241999999999994,0.05,0.6759048104286194
3966,8.399999999999986,5.329999999999995,0.05,0.008303229697048664
3967,3.8999999999999986,5.239999999999996,0.05,0.6851657629013062
3968,4.099999999999998,5.243999999999995,0.05,0.697181224822998
3969,3.8999999999999986,5.243999999999995,0.05,0.018223179504275322
3970,9.099999999999984,5.347999999999994,0.05,1.5160024166107178
3971,12.899999999999974,5.521999999999995,0.05,0.01255386509001255
3972,3.8999999999999986,5.515999999999995,0.05,1.4892369508743286
3973,3.9999999999999982,5.517999999999994,0.05,2.4150779247283936
3974,3.8999999999999986,5.517999999999994,0.05,0.8049453496932983
3975,3.8999999999999986,5.507999999999993,0.05,0.8128348588943481
3976,3.8999999999999986,5.507999999999994,0.05,0.7746378183364868
3977,3.8999999999999986,5.503999999999994,0.05,0.06501990556716919
3978,5.999999999999995,5.537999999999994,0.05,1.5556726455688477
3979,3.8999999999999986,5.447999999999995,0.05,0.7255741357803345
3980,3.8999999999999986,5.357999999999993,0.05,0.020947594195604324
3981,3.8999999999999986,5.345999999999995,0.05,0.7691132426261902
3982,3.8999999999999986,5.337999999999994,0.05,1.5469304323196411
3983,3.8999999999999986,5.337999999999995,0.05,0.8221825957298279
3984,3.8999999999999986,5.233999999999994,0.05,2.3547661304473877
3985,4.099999999999998,5.089999999999995,0.05,0.7017221450805664
3986,3.8999999999999986,5.0479999999999965,0.05,1.4430756568908691
3987,3.8999999999999986,4.989999999999996,0.05,0.0066606588661670685
3988,6.399999999999993,5.0399999999999965,0.05,0.026271918788552284
3989,3.8999999999999986,5.039999999999996,0.05,1.5022046566009521
3990,3.8999999999999986,4.987999999999996,0.05,0.02361174486577511
3991,3.8999999999999986,4.987999999999996,0.05,0.6583942174911499
3992,6.199999999999994,5.033999999999995,0.05,1.4801888465881348
3993,3.8999999999999986,4.9439999999999955,0.05,0.6730665564537048
3994,3.8999999999999986,4.937999999999996,0.05,0.7818768620491028
3995,3.8999999999999986,4.937999999999996,0.05,0.020446939393877983
3996,8.399999999999986,5.027999999999995,0.05,0.002747958293184638
3997,3.8999999999999986,5.027999999999995,0.05,1.4797996282577515
3998,3.8999999999999986,4.979999999999995,0.05,0.8149520754814148
3999,3.8999999999999986,4.979999999999996,0.05,2.256046772003174
4000,3.8999999999999986,4.971999999999996,0.05,0.7138424515724182
4001,9.199999999999983,5.035999999999996,0.05,1.4542694091796875
4002,3.8999999999999986,4.9919999999999956,0.05,1.4396034479141235
4003,3.8999999999999986,4.941999999999996,0.05,0.7089877128601074
4004,3.8999999999999986,4.8299999999999965,0.05,1.4370527267456055
4005,3.8999999999999986,4.827999999999996,0.05,1.49661386013031
4006,3.8999999999999986,4.827999999999996,0.05,0.006322909612208605
4007,4.899999999999995,4.847999999999996,0.05,0.7913432717323303
4008,6.699999999999992,4.9039999999999955,0.05,0.693261444568634
4009,11.29999999999998,5.033999999999995,0.05,0.04236486554145813
4010,3.8999999999999986,4.885999999999997,0.05,0.08113784343004227
4011,3.8999999999999986,4.885999999999996,0.05,2.825401782989502
4012,3.8999999999999986,4.843999999999997,0.05,0.020000237971544266
4013,3.8999999999999986,4.841999999999996,0.05,0.6888559460639954
4014,3.8999999999999986,4.841999999999996,0.05,1.4916242361068726
4015,8.399999999999986,4.931999999999995,0.05,2.2753303050994873
4016,3.8999999999999986,4.841999999999996,0.05,0.0028513078577816486
4017,4.799999999999995,4.859999999999996,0.05,2.4110307693481445
4018,8.599999999999985,4.949999999999996,0.05,0.6481945514678955
4019,4.299999999999997,4.957999999999996,0.05,0.009847378358244896
4020,3.8999999999999986,4.8539999999999965,0.05,0.7227588891983032
4021,3.8999999999999986,4.673999999999997,0.05,0.7053992748260498
4022,3.8999999999999986,4.673999999999998,0.05,0.02247324213385582
4023,3.8999999999999986,4.671999999999997,0.05,0.8141556978225708
4024,3.8999999999999986,4.671999999999997,0.05,0.8135659694671631
4025,4.4999999999999964,4.683999999999997,0.05,1.425084114074707
4026,8.399999999999986,4.7739999999999965,0.05,0.6884941458702087
4027,3.8999999999999986,4.773999999999996,0.05,1.4377049207687378
4028,3.8999999999999986,4.731999999999997,0.05,0.6486827731132507
4029,6.799999999999992,4.789999999999996,0.05,0.03412438929080963
4030,6.299999999999994,4.837999999999996,0.05,0.8048833608627319
4031,6.499999999999993,4.889999999999996,0.05,1.4229508638381958
4032,3.8999999999999986,4.889999999999996,0.05,0.015445685014128685
4033,3.8999999999999986,4.889999999999996,0.05,0.01682387851178646
4034,8.399999999999986,4.979999999999995,0.05,0.7046115398406982
4035,4.4999999999999964,4.987999999999996,0.05,0.010969271883368492
4036,4.299999999999997,4.995999999999996,0.05,0.7889835834503174
4037,8.399999999999986,5.085999999999996,0.05,0.008745522238314152
4038,3.8999999999999986,5.035999999999995,0.05,0.8022583723068237
4039,4.599999999999996,5.049999999999995,0.05,1.5132393836975098
4040,3.9999999999999982,5.051999999999995,0.05,0.756221354007721
4041,3.8999999999999986,5.051999999999996,0.05,1.4264839887619019
4042,3.8999999999999986,5.005999999999996,0.05,0.030458174645900726
4043,3.8999999999999986,5.005999999999996,0.05,1.5803306102752686
4044,4.099999999999998,5.009999999999995,0.05,0.7843508720397949
4045,3.8999999999999986,5.009999999999996,0.05,0.0047134398482739925
4046,3.8999999999999986,4.919999999999996,0.05,1.5072323083877563
4047,3.8999999999999986,4.919999999999996,0.05,0.8351016044616699
4048,3.8999999999999986,4.9199999999999955,0.05,0.64569091796875
4049,3.8999999999999986,4.919999999999996,0.05,1.375854730606079
4050,4.399999999999997,4.929999999999996,0.05,0.6900946497917175
4051,3.8999999999999986,4.823999999999996,0.05,0.0125376982614398
4052,4.299999999999997,4.831999999999996,0.05,0.7099003791809082
4053,4.599999999999996,4.8459999999999965,0.05,0.7051600813865662
4054,5.999999999999995,4.887999999999996,0.05,1.3582302331924438
4055,3.8999999999999986,4.887999999999996,0.05,0.06322182714939117
4056,4.4999999999999964,4.899999999999996,0.05,0.003421538509428501
4057,4.899999999999995,4.899999999999996,0.05,0.007247342728078365
4058,3.9999999999999982,4.8459999999999965,0.05,0.018919631838798523
4059,3.9999999999999982,4.699999999999997,0.05,0.04718910902738571
4060,3.8999999999999986,4.699999999999997,0.05,0.6585994958877563
4061,3.8999999999999986,4.699999999999997,0.05,0.00739231426268816
4062,4.799999999999995,4.717999999999996,0.05,1.4688628911972046
4063,3.9999999999999982,4.719999999999996,0.05,1.4005346298217773
4064,3.8999999999999986,4.719999999999996,0.05,0.6537235379219055
4065,3.8999999999999986,4.629999999999996,0.05,0.7634971141815186
4066,3.8999999999999986,4.629999999999997,0.05,1.487618088722229
4067,4.299999999999997,4.6199999999999966,0.05,0.6523239612579346
4068,3.8999999999999986,4.525999999999997,0.05,0.6440606117248535
4069,3.8999999999999986,4.517999999999997,0.05,0.7529590129852295
4070,6.299999999999994,4.565999999999997,0.05,1.5173935890197754
4071,3.8999999999999986,4.565999999999997,0.05,0.025197798386216164
4072,6.399999999999993,4.615999999999997,0.05,1.455886721611023
4073,3.8999999999999986,4.615999999999997,0.05,1.9853914976119995
4074,3.8999999999999986,4.615999999999997,0.05,0.019213911145925522
4075,0.9000000000000004,4.543999999999998,0.05,1.4022334814071655
4076,6.399999999999993,4.503999999999998,0.05,0.06195415183901787
4077,3.8999999999999986,4.503999999999998,0.05,1.3660258054733276
4078,3.8999999999999986,4.503999999999997,0.05,2.1926965713500977
4079,3.8999999999999986,4.445999999999997,0.05,1.5014126300811768
4080,4.4999999999999964,4.4099999999999975,0.05,1.4012084007263184
4081,3.8999999999999986,4.357999999999998,0.05,0.033346984535455704
4082,3.8999999999999986,4.357999999999997,0.05,0.013761913403868675
4083,3.8999999999999986,4.357999999999997,0.05,0.8845235109329224
4084,3.8999999999999986,4.267999999999997,0.05,1.4016404151916504
4085,3.8999999999999986,4.255999999999998,0.05,0.6251754760742188
4086,3.8999999999999986,4.2479999999999976,0.05,3.473599910736084
4087,3.8999999999999986,4.157999999999998,0.05,0.00904577411711216
4088,-0.29999999999999893,4.073999999999997,0.05,0.630231499671936
4089,3.8999999999999986,4.059999999999998,0.05,0.009007537737488747
4090,3.8999999999999986,4.057999999999998,0.05,1.3350980281829834
4091,3.8999999999999986,4.057999999999998,0.05,0.03148667514324188
4092,3.8999999999999986,4.057999999999998,0.05,0.013182049617171288
4093,3.8999999999999986,4.057999999999998,0.05,0.6481117010116577
4094,3.8999999999999986,4.0539999999999985,0.05,1.346490502357483
4095,3.8999999999999986,4.0539999999999985,0.05,0.7624812722206116
4096,3.8999999999999986,4.0539999999999985,0.05,0.6697242856025696
4097,4.899999999999995,4.073999999999997,0.05,0.007801220752298832
4098,3.8999999999999986,4.073999999999998,0.05,0.0043190899305045605
4099,3.8999999999999986,4.073999999999998,0.05,0.695781409740448
4100,3.8999999999999986,4.063999999999998,0.05,2.0398197174072266
4101,3.8999999999999986,4.063999999999998,0.05,2.1541688442230225
4102,3.8999999999999986,4.055999999999998,0.05,0.6777598857879639
4103,3.8999999999999986,4.041999999999998,0.05,1.3463975191116333
4104,3.8999999999999986,3.9999999999999982,0.05,0.025589901953935623
4105,3.8999999999999986,3.9999999999999982,0.05,0.0030996098648756742
4106,3.8999999999999986,3.987999999999998,0.05,0.006826004944741726
4107,3.8999999999999986,3.967999999999998,0.05,0.00820879451930523
4108,3.8999999999999986,3.9659999999999984,0.05,0.6376695036888123
4109,0.3000000000000007,3.891999999999998,0.05,2.199918508529663
4110,3.8999999999999986,3.8919999999999986,0.05,0.738305926322937
4111,3.8999999999999986,3.891999999999998,0.05,1.3285380601882935
4112,6.699999999999992,3.9299999999999984,0.05,0.7346736788749695
4113,3.8999999999999986,3.9279999999999977,0.05,0.7577247619628906
4114,3.8999999999999986,3.9279999999999986,0.05,1.3182098865509033
4115,-0.29999999999999893,3.843999999999998,0.05,0.03594960272312164
4116,3.8999999999999986,3.843999999999998,0.05,0.008862810209393501
4117,4.599999999999996,3.8499999999999983,0.05,0.6947287321090698
4118,3.8999999999999986,3.8499999999999983,0.05,0.6375778317451477
4119,3.8999999999999986,3.8499999999999988,0.05,0.007706107571721077
4120,3.8999999999999986,3.8019999999999987,0.05,0.01077590323984623
4121,3.8999999999999986,3.8019999999999987,0.05,0.7850173115730286
4122,3.8999999999999986,3.751999999999999,0.05,1.4458037614822388
4123,3.9999999999999982,3.7539999999999987,0.05,0.002727765589952469
4124,3.8999999999999986,3.7539999999999987,0.05,0.006323733367025852
4125,-5.099999999999998,3.6339999999999986,0.05,0.7547712922096252
4126,3.8999999999999986,3.5839999999999987,0.05,2.0273876190185547
4127,3.8999999999999986,3.5839999999999987,0.05,1.4252351522445679
4128,4.999999999999995,3.6059999999999985,0.05,0.03642302006483078
4129,4.599999999999996,3.6199999999999983,0.05,0.7189888954162598
4130,3.8999999999999986,3.6079999999999983,0.05,0.014062585309147835
4131,3.8999999999999986,3.6079999999999983,0.05,0.007406447548419237
4132,3.8999999999999986,3.6079999999999983,0.05,2.812274932861328
4133,6.099999999999994,3.6519999999999984,0.05,0.01000187173485756
4134,3.8999999999999986,3.6519999999999984,0.05,0.004501595627516508
4135,3.8999999999999986,3.6519999999999984,0.05,0.015391447581350803
4136,3.8999999999999986,3.6519999999999984,0.05,0.6888828873634338
4137,3.8999999999999986,3.6519999999999984,0.05,0.6034541130065918
4138,3.8999999999999986,3.7359999999999984,0.05,0.005273614078760147
4139,6.199999999999994,3.7819999999999987,0.05,0.674807608127594
4140,4.1999999999999975,3.7879999999999985,0.05,0.02660074457526207
4141,3.8999999999999986,3.787999999999998,0.05,1.3884191513061523
4142,3.8999999999999986,3.7879999999999985,0.05,0.013825815171003342
4143,3.8999999999999986,3.7879999999999985,0.05,0.6819683909416199
4144,3.8999999999999986,3.7879999999999985,0.05,0.0402953065931797
4145,3.8999999999999986,3.7879999999999985,0.05,2.691976547241211
4146,4.099999999999998,3.791999999999998,0.05,0.0045041274279356
4147,3.8999999999999986,3.771999999999998,0.05,0.016511134803295135
4148,3.8999999999999986,3.771999999999998,0.05,1.1615986824035645
4149,8.399999999999986,3.8619999999999974,0.05,0.011668989434838295
4150,3.8999999999999986,3.8619999999999974,0.05,1.4095501899719238
4151,3.8999999999999986,3.8619999999999983,0.05,0.0037301494739949703
4152,3.8999999999999986,3.8619999999999983,0.05,0.7465292811393738
4153,3.8999999999999986,3.8619999999999983,0.05,1.9378389120101929
4154,3.8999999999999986,3.8619999999999983,0.05,0.027441421523690224
4155,4.099999999999998,3.865999999999998,0.05,2.1118452548980713
4156,3.8999999999999986,3.865999999999998,0.05,0.7655729055404663
4157,4.799999999999995,3.8839999999999977,0.05,1.382575511932373
4158,6.199999999999994,3.929999999999997,0.05,0.008573798462748528
4159,3.8999999999999986,4.001999999999998,0.05,0.020197369158267975
4160,3.8999999999999986,4.001999999999998,0.05,0.03561124950647354
4161,3.8999999999999986,4.001999999999998,0.05,1.3731448650360107
4162,6.799999999999992,4.003999999999998,0.05,0.015217079780995846
4163,3.9999999999999982,4.005999999999998,0.05,0.008697526529431343
4164,3.8999999999999986,4.005999999999998,0.05,0.7418316602706909
4165,3.8999999999999986,4.089999999999998,0.05,1.3548051118850708
4166,3.8999999999999986,4.089999999999998,0.05,0.02094569429755211
4167,3.8999999999999986,4.075999999999998,0.05,1.2710227966308594
4168,3.8999999999999986,4.075999999999998,0.05,0.05174659937620163
4169,3.8999999999999986,4.075999999999998,0.05,0.039224617183208466
4170,3.8999999999999986,4.075999999999998,0.05,1.9663398265838623
4171,3.8999999999999986,4.075999999999998,0.05,1.2909809350967407
4172,3.8999999999999986,4.075999999999998,0.05,0.024903494864702225
4173,4.699999999999996,4.089999999999997,0.05,1.1459386348724365
4174,4.999999999999995,4.111999999999997,0.05,1.2938786745071411
4175,3.8999999999999986,4.291999999999998,0.05,0.12659400701522827
4176,4.799999999999995,4.309999999999997,0.05,1.320466160774231
4177,4.1999999999999975,4.315999999999997,0.05,0.7404801845550537
4178,3.8999999999999986,4.293999999999998,0.05,0.14604488015174866
4179,3.8999999999999986,4.279999999999998,0.05,1.383805274963379
4180,3.8999999999999986,4.279999999999998,0.05,1.3566815853118896
4181,-2.699999999999998,4.147999999999998,0.05,0.00825953483581543
4182,4.399999999999997,4.157999999999998,0.05,0.021591713652014732
4183,4.099999999999998,4.117999999999998,0.05,1.838670015335083
4184,3.8999999999999986,4.117999999999998,0.05,0.6199334263801575
4185,3.8999999999999986,4.117999999999998,0.05,0.6650170087814331
4186,3.8999999999999986,4.117999999999998,0.05,1.2941447496414185
4187,3.8999999999999986,4.117999999999998,0.05,0.0348469614982605
4188,4.4999999999999964,4.129999999999998,0.05,0.0029294402338564396
4189,3.8999999999999986,4.083999999999998,0.05,1.7573788166046143
4190,3.8999999999999986,4.077999999999998,0.05,0.026203647255897522
4191,1.5,4.029999999999998,0.05,1.192543625831604
4192,3.8999999999999986,4.029999999999998,0.05,0.011714855208992958
4193,-3.2999999999999985,3.885999999999998,0.05,1.988322377204895
4194,3.8999999999999986,3.8859999999999975,0.05,0.015296348370611668
4195,3.8999999999999986,3.885999999999998,0.05,0.6486591100692749
4196,3.8999999999999986,3.8819999999999983,0.05,0.5985456705093384
4197,3.8999999999999986,3.8819999999999983,0.05,0.003911719657480717
4198,3.8999999999999986,3.8819999999999983,0.05,1.342563271522522
4199,3.8999999999999986,3.791999999999998,0.05,0.634249210357666
4200,3.8999999999999986,3.791999999999998,0.05,2.5770938396453857
4201,3.8999999999999986,3.791999999999998,0.05,0.7370869517326355
4202,-0.8999999999999979,3.695999999999998,0.05,0.6323657631874084
4203,3.8999999999999986,3.695999999999998,0.05,0.6659913063049316
4204,3.8999999999999986,3.6959999999999984,0.05,0.624967098236084
4205,3.8999999999999986,3.6919999999999984,0.05,0.6362193822860718
4206,3.8999999999999986,3.691999999999999,0.05,0.7103043794631958
4207,3.8999999999999986,3.6739999999999986,0.05,0.7323732972145081
4208,3.8999999999999986,3.627999999999999,0.05,0.013111019507050514
4209,-0.29999999999999893,3.5439999999999983,0.05,0.0036154394038021564
4210,3.8999999999999986,3.5439999999999987,0.05,1.2249367237091064
4211,3.8999999999999986,3.5439999999999987,0.05,0.01030428521335125
4212,3.8999999999999986,3.485999999999999,0.05,1.9543416500091553
4213,3.8999999999999986,3.4839999999999987,0.05,0.5848625898361206
4214,4.399999999999997,3.4939999999999984,0.05,1.1781994104385376
4215,4.1999999999999975,3.4999999999999982,0.05,0.680962860584259
4216,3.8999999999999986,3.4999999999999982,0.05,1.2645783424377441
4217,3.8999999999999986,3.4999999999999987,0.05,0.6748459935188293
4218,3.8999999999999986,3.4999999999999987,0.05,0.009119682013988495
4219,3.8999999999999986,3.4999999999999987,0.05,0.01514398492872715
4220,3.8999999999999986,3.4999999999999987,0.05,1.3006408214569092
4221,3.8999999999999986,3.4999999999999987,0.05,0.5955939888954163
4222,3.8999999999999986,3.4999999999999987,0.05,0.6782878637313843
4223,3.8999999999999986,3.4839999999999987,0.05,0.02462206780910492
4224,3.8999999999999986,3.4619999999999993,0.05,0.021092871204018593
4225,3.8999999999999986,3.461999999999999,0.05,0.005374928005039692
4226,3.8999999999999986,3.4439999999999986,0.05,0.6523975133895874
4227,3.8999999999999986,3.4379999999999997,0.05,1.2554994821548462
4228,3.8999999999999986,3.437999999999999,0.05,0.7483148574829102
4229,3.8999999999999986,3.437999999999999,0.05,1.2695873975753784
4230,4.099999999999998,3.441999999999999,0.05,0.00806980486959219
4231,3.8999999999999986,3.5739999999999985,0.05,0.6197685599327087
4232,3.8999999999999986,3.5639999999999987,0.05,1.2598987817764282
4233,3.8999999999999986,3.5599999999999987,0.05,1.1454113721847534
4234,3.8999999999999986,3.5599999999999987,0.05,0.03989936411380768
4235,3.8999999999999986,3.5599999999999987,0.05,0.6754561066627502
4236,-0.29999999999999893,3.4759999999999986,0.05,0.6307363510131836
4237,3.8999999999999986,3.4759999999999986,0.05,1.1982238292694092
4238,3.8999999999999986,3.4639999999999986,0.05,1.2724825143814087
4239,4.399999999999997,3.4739999999999984,0.05,0.036501895636320114
4240,3.8999999999999986,3.4739999999999984,0.05,1.26047945022583
4241,8.399999999999986,3.6119999999999988,0.05,0.7186650037765503
4242,3.9999999999999982,3.6139999999999985,0.05,0.6321101784706116
4243,3.8999999999999986,3.7579999999999982,0.05,1.3355088233947754
4244,4.299999999999997,3.765999999999998,0.05,1.1861132383346558
4245,3.8999999999999986,3.7659999999999987,0.05,0.0506194531917572
4246,3.8999999999999986,3.765999999999999,0.05,0.7306958436965942
4247,2.0999999999999996,3.729999999999998,0.05,0.7069814205169678
4248,3.8999999999999986,3.7299999999999986,0.05,0.5778387784957886
4249,3.8999999999999986,3.7299999999999986,0.05,1.882548213005066
4250,3.8999999999999986,3.7299999999999986,0.05,0.013304215855896473
4251,3.8999999999999986,3.7299999999999986,0.05,0.5654553174972534
4252,3.8999999999999986,3.825999999999999,0.05,1.7824819087982178
4253,3.8999999999999986,3.825999999999999,0.05,0.6903714537620544
4254,3.8999999999999986,3.8259999999999987,0.05,1.8974897861480713
4255,3.8999999999999986,3.825999999999999,0.05,2.079005479812622
4256,3.8999999999999986,3.825999999999999,0.05,0.6577374935150146
4257,4.599999999999996,3.839999999999999,0.05,0.015442300587892532
4258,3.8999999999999986,3.839999999999998,0.05,1.9953429698944092
4259,3.8999999999999986,3.9239999999999986,0.05,0.0732625275850296
4260,3.8999999999999986,3.9239999999999986,0.05,0.6756265759468079
4261,8.399999999999986,4.0139999999999985,0.05,1.0218186378479004
4262,4.299999999999997,4.0219999999999985,0.05,0.7297611832618713
4263,3.8999999999999986,4.021999999999998,0.05,0.6422056555747986
4264,3.8999999999999986,4.011999999999998,0.05,0.6125626564025879
4265,4.799999999999995,4.023999999999997,0.05,1.1784651279449463
4266,3.8999999999999986,4.023999999999997,0.05,1.2047221660614014
4267,3.8999999999999986,4.023999999999998,0.05,0.5953451991081238
4268,8.399999999999986,4.113999999999997,0.05,0.7453638911247253
4269,3.8999999999999986,4.113999999999998,0.05,1.285327672958374
4270,3.8999999999999986,4.113999999999998,0.05,1.9118622541427612
4271,3.8999999999999986,4.113999999999998,0.05,0.0017289860406890512
4272,3.8999999999999986,4.113999999999997,0.05,0.6886694431304932
4273,4.699999999999996,4.129999999999998,0.05,0.06527416408061981
4274,3.8999999999999986,4.129999999999998,0.05,0.5693734288215637
4275,3.8999999999999986,4.129999999999998,0.05,0.6047171950340271
4276,3.8999999999999986,4.129999999999998,0.05,2.441765069961548
4277,4.4999999999999964,4.141999999999998,0.05,0.5704798102378845
4278,3.8999999999999986,4.141999999999998,0.05,0.6253374218940735
4279,3.8999999999999986,4.141999999999999,0.05,0.019799795001745224
4280,3.8999999999999986,4.137999999999998,0.05,1.2106871604919434
4281,3.8999999999999986,4.137999999999997,0.05,1.1939983367919922
4282,3.8999999999999986,4.137999999999998,0.05,0.6005734205245972
4283,3.8999999999999986,4.137999999999998,0.05,0.01580086722970009
4284,3.8999999999999986,4.137999999999998,0.05,1.3174251317977905
4285,4.1999999999999975,4.143999999999997,0.05,0.015472885221242905
4286,3.8999999999999986,4.227999999999998,0.05,0.01514013484120369
4287,3.8999999999999986,4.227999999999998,0.05,0.04546680301427841
4288,3.8999999999999986,4.227999999999998,0.05,0.6761600375175476
4289,3.8999999999999986,4.217999999999998,0.05,0.01707773469388485
4290,3.8999999999999986,4.217999999999998,0.05,0.5975023508071899
4291,3.8999999999999986,4.127999999999998,0.05,1.1284023523330688
4292,3.8999999999999986,4.125999999999998,0.05,1.1782445907592773
4293,3.8999999999999986,4.125999999999998,0.05,2.9958267211914062
4294,0.30000000000000204,4.0459999999999985,0.05,0.0021667610853910446
4295,3.9999999999999982,4.047999999999998,0.05,0.008764932863414288
4296,3.8999999999999986,4.047999999999998,0.05,0.5443118810653687
4297,3.8999999999999986,4.083999999999999,0.05,1.816689372062683
4298,3.8999999999999986,4.083999999999998,0.05,0.582652747631073
4299,3.8999999999999986,4.083999999999999,0.05,1.3041573762893677
4300,3.8999999999999986,4.083999999999999,0.05,1.1907497644424438
4301,3.8999999999999986,4.083999999999999,0.05,0.002117365598678589
4302,6.399999999999993,4.133999999999998,0.05,1.8119113445281982
4303,3.8999999999999986,4.133999999999999,0.05,0.005274573341012001
4304,4.699999999999996,4.149999999999998,0.05,1.2789326906204224
4305,3.8999999999999986,4.149999999999998,0.05,0.6412010788917542
4306,4.799999999999995,4.1679999999999975,0.05,0.6647832989692688
4307,3.8999999999999986,4.153999999999997,0.05,1.0976808071136475
4308,3.8999999999999986,4.153999999999998,0.05,1.9285658597946167
4309,5.999999999999995,4.195999999999998,0.05,1.3028616905212402
4310,3.8999999999999986,4.195999999999998,0.05,1.1641371250152588
4311,3.8999999999999986,4.105999999999998,0.05,0.6733288764953613
4312,3.8999999999999986,4.097999999999998,0.05,2.9751081466674805
4313,3.8999999999999986,4.097999999999998,0.05,0.7152252197265625
4314,3.8999999999999986,4.097999999999998,0.05,0.6545765995979309
4315,3.8999999999999986,4.079999999999998,0.05,1.1640654802322388
4316,3.8999999999999986,4.079999999999998,0.05,1.1255075931549072
4317,4.399999999999997,4.089999999999998,0.05,0.05652107298374176
4318,3.8999999999999986,3.9999999999999982,0.05,0.03579132631421089
4319,3.8999999999999986,3.9999999999999987,0.05,0.6350989937782288
4320,3.8999999999999986,3.9999999999999987,0.05,0.575309693813324
4321,3.8999999999999986,3.9999999999999987,0.05,1.8227057456970215
4322,3.8999999999999986,3.9999999999999982,0.05,0.6309106945991516
4323,3.8999999999999986,3.9839999999999987,0.05,0.01990930549800396
4324,4.799999999999995,4.001999999999998,0.05,1.1292465925216675
4325,3.8999999999999986,4.001999999999998,0.05,0.0035738754086196423
4326,3.8999999999999986,4.001999999999998,0.05,1.2499638795852661
4327,3.8999999999999986,3.989999999999999,0.05,1.7802398204803467
4328,3.8999999999999986,3.989999999999999,0.05,1.2224279642105103
4329,3.8999999999999986,3.9899999999999984,0.05,0.11913978308439255
4330,3.8999999999999986,3.989999999999999,0.05,0.021724924445152283
4331,3.8999999999999986,3.989999999999999,0.05,0.6430068016052246
4332,3.8999999999999986,3.989999999999999,0.05,0.5738630294799805
4333,3.8999999999999986,3.9899999999999984,0.05,0.05247344821691513
4334,3.8999999999999986,3.989999999999999,0.05,0.6414986252784729
4335,3.8999999999999986,3.9839999999999987,0.05,0.042992085218429565
4336,3.8999999999999986,3.9839999999999987,0.05,0.598444402217865
4337,3.8999999999999986,3.9839999999999987,0.05,0.6102045178413391
4338,4.299999999999997,3.991999999999998,0.05,0.007847319357097149
4339,4.1999999999999975,3.9979999999999984,0.05,0.0061858841218054295
4340,5.999999999999995,4.039999999999997,0.05,0.5654624104499817
4341,3.8999999999999986,4.039999999999998,0.05,1.1683964729309082
4342,3.8999999999999986,4.039999999999999,0.05,0.053975123912096024
4343,3.8999999999999986,4.039999999999999,0.05,2.3140597343444824
4344,3.8999999999999986,4.111999999999998,0.05,0.01935146003961563
4345,8.399999999999986,4.1999999999999975,0.05,1.1717729568481445
4346,4.699999999999996,4.2159999999999975,0.05,0.003797446144744754
4347,3.8999999999999986,4.2159999999999975,0.05,1.1249628067016602
4348,6.199999999999994,4.261999999999998,0.05,1.2059134244918823
4349,4.4999999999999964,4.273999999999997,0.05,0.6033557057380676
4350,3.8999999999999986,4.273999999999997,0.05,0.5608201026916504
4351,3.8999999999999986,4.273999999999998,0.05,0.003946181386709213
4352,3.9999999999999982,4.225999999999998,0.05,1.6719242334365845
4353,3.8999999999999986,4.225999999999998,0.05,0.0059672570787370205
4354,3.8999999999999986,4.209999999999997,0.05,0.5766705274581909
4355,3.8999999999999986,4.209999999999998,0.05,0.6234943270683289
4356,4.099999999999998,4.195999999999998,0.05,0.010296515189111233
4357,3.8999999999999986,4.195999999999998,0.05,0.5258990526199341
4358,3.8999999999999986,4.195999999999998,0.05,0.0203838050365448
4359,3.8999999999999986,4.153999999999999,0.05,0.0019775552209466696
4360,8.399999999999986,4.243999999999997,0.05,0.07736985385417938
4361,4.299999999999997,4.251999999999998,0.05,0.04678986594080925
4362,3.8999999999999986,4.251999999999998,0.05,0.025301964953541756
4363,3.8999999999999986,4.251999999999998,0.05,3.3910622596740723
4364,3.8999999999999986,4.251999999999998,0.05,0.03677426651120186
4365,3.8999999999999986,4.251999999999998,0.05,0.6581063866615295
4366,4.4999999999999964,4.2639999999999985,0.05,0.5330777764320374
4367,3.8999999999999986,4.253999999999998,0.05,0.5364972352981567
4368,3.8999999999999986,4.253999999999998,0.05,0.06189350783824921
4369,4.399999999999997,4.2639999999999985,0.05,0.5305492877960205
4370,3.8999999999999986,4.263999999999998,0.05,0.6203790307044983
4371,3.8999999999999986,4.263999999999998,0.05,0.6213911771774292
4372,3.8999999999999986,4.263999999999998,0.05,0.01638789102435112
4373,3.8999999999999986,4.2639999999999985,0.05,0.6284821033477783
4374,3.8999999999999986,4.245999999999998,0.05,1.0988402366638184
4375,3.8999999999999986,4.245999999999998,0.05,1.7765321731567383
4376,4.699999999999996,4.261999999999998,0.05,1.6972633600234985
4377,3.8999999999999986,4.261999999999998,0.05,1.649488925933838
4378,3.8999999999999986,4.261999999999998,0.05,2.242217540740967
4379,3.8999999999999986,4.261999999999998,0.05,0.5982624292373657
4380,3.8999999999999986,4.261999999999998,0.05,1.1206399202346802
4381,3.8999999999999986,4.261999999999998,0.05,0.569086492061615
4382,3.9999999999999982,4.2639999999999985,0.05,0.020205166190862656
4383,4.4999999999999964,4.275999999999998,0.05,0.007037694565951824
4384,0.9000000000000008,4.2159999999999975,0.05,1.276182770729065
4385,12.899999999999974,4.395999999999997,0.05,1.5866429805755615
4386,3.8999999999999986,4.395999999999997,0.05,1.150299310684204
4387,4.799999999999995,4.413999999999998,0.05,0.5865151882171631
4388,3.8999999999999986,4.405999999999997,0.05,1.1043695211410522
4389,3.8999999999999986,4.399999999999998,0.05,0.014104325324296951
4390,6.699999999999992,4.413999999999997,0.05,1.0941970348358154
4391,4.299999999999997,4.421999999999997,0.05,0.0034564309753477573
4392,3.8999999999999986,4.421999999999998,0.05,1.7725121974945068
4393,3.8999999999999986,4.421999999999997,0.05,0.6052746772766113
4394,3.8999999999999986,4.421999999999997,0.05,0.6244228482246399
4395,3.8999999999999986,4.331999999999997,0.05,0.0102189090102911
4396,4.099999999999998,4.319999999999997,0.05,0.6114494204521179
4397,3.8999999999999986,4.319999999999998,0.05,0.00834718719124794
4398,3.8999999999999986,4.273999999999997,0.05,0.5730493068695068
4399,6.399999999999993,4.3119999999999985,0.05,0.010232631117105484
4400,8.399999999999986,4.4019999999999975,0.05,0.5760701894760132
4401,10.699999999999982,4.537999999999997,0.05,1.0807381868362427
4402,3.8999999999999986,4.535999999999998,0.05,0.018730606883764267
4403,3.8999999999999986,4.535999999999997,0.05,0.006571114528924227
4404,3.8999999999999986,4.535999999999997,0.05,0.026263240724802017
4405,4.699999999999996,4.551999999999996,0.05,0.015426000580191612
4406,4.699999999999996,4.5639999999999965,0.05,0.013990129344165325
4407,3.8999999999999986,4.5639999999999965,0.05,1.1363352537155151
4408,3.8999999999999986,4.5639999999999965,0.05,0.02384578250348568
4409,4.599999999999996,4.577999999999997,0.05,0.5608881711959839
4410,3.8999999999999986,4.487999999999997,0.05,0.5182960033416748
4411,3.8999999999999986,4.479999999999998,0.05,0.5601804256439209
4412,3.8999999999999986,4.479999999999997,0.05,0.6182900667190552
4413,4.399999999999997,4.4899999999999975,0.05,1.1321290731430054
4414,3.8999999999999986,4.4899999999999975,0.05,1.1090449094772339
4415,3.8999999999999986,4.4899999999999975,0.05,1.6561381816864014
4416,4.099999999999998,4.481999999999997,0.05,1.5745465755462646
4417,3.8999999999999986,4.481999999999997,0.05,0.01025271974503994
4418,8.399999999999986,4.5719999999999965,0.05,0.5508101582527161
4419,3.8999999999999986,4.561999999999997,0.05,0.013207695446908474
4420,3.8999999999999986,4.561999999999997,0.05,1.1552906036376953
4421,3.8999999999999986,4.561999999999997,0.05,0.010438847355544567
4422,6.399999999999993,4.611999999999997,0.05,0.5729826092720032
4423,3.8999999999999986,4.611999999999997,0.05,0.062201812863349915
4424,3.8999999999999986,4.6119999999999965,0.05,0.004708398133516312
4425,3.8999999999999986,4.611999999999997,0.05,0.5124413967132568
4426,3.8999999999999986,4.5959999999999965,0.05,0.02429303154349327
4427,3.8999999999999986,4.5959999999999965,0.05,0.5396804213523865
4428,4.699999999999996,4.6119999999999965,0.05,0.5549781918525696
4429,5.999999999999995,4.653999999999996,0.05,1.0661286115646362
4430,3.8999999999999986,4.653999999999997,0.05,0.07477153837680817
4431,6.299999999999994,4.701999999999996,0.05,1.0898261070251465
4432,4.599999999999996,4.713999999999996,0.05,1.0833982229232788
4433,4.1999999999999975,4.707999999999997,0.05,0.021866314113140106
4434,3.8999999999999986,4.767999999999997,0.05,1.0844262838363647
4435,4.899999999999995,4.607999999999997,0.05,0.007936658337712288
4436,4.099999999999998,4.611999999999997,0.05,1.0648800134658813
4437,4.399999999999997,4.6039999999999965,0.05,0.5079582929611206
4438,3.8999999999999986,4.6039999999999965,0.05,1.088862657546997
4439,6.5999999999999925,4.657999999999997,0.05,0.5632867217063904
4440,4.4999999999999964,4.613999999999997,0.05,0.0032098954543471336
4441,3.8999999999999986,4.605999999999997,0.05,1.0840049982070923
4442,3.8999999999999986,4.605999999999997,0.05,0.5978708863258362
4443,4.299999999999997,4.613999999999996,0.05,0.5445313453674316
4444,3.8999999999999986,4.613999999999997,0.05,1.0726923942565918
4445,3.8999999999999986,4.613999999999996,0.05,0.008914271369576454
4446,4.699999999999996,4.625999999999997,0.05,0.011393052525818348
4447,4.299999999999997,4.633999999999997,0.05,0.015773702412843704
4448,4.099999999999998,4.637999999999996,0.05,1.6450248956680298
4449,3.8999999999999986,4.5879999999999965,0.05,0.527116596698761
4450,9.099999999999984,4.601999999999997,0.05,0.6072745323181152
4451,3.8999999999999986,4.465999999999997,0.05,0.5613468885421753
4452,8.399999999999986,4.5559999999999965,0.05,0.0034062033519148827
4453,3.8999999999999986,4.5559999999999965,0.05,0.5512868762016296
4454,3.9999999999999982,4.557999999999996,0.05,1.1645244359970093
4455,3.8999999999999986,4.541999999999996,0.05,0.5787926912307739
4456,4.4999999999999964,4.537999999999997,0.05,0.5534073114395142
4457,8.399999999999986,4.627999999999997,0.05,0.0027950708754360676
4458,3.8999999999999986,4.627999999999997,0.05,0.0031856801360845566
4459,4.299999999999997,4.621999999999996,0.05,0.004842962604016066
4460,3.8999999999999986,4.621999999999996,0.05,0.004759618081152439
4461,10.799999999999981,4.759999999999996,0.05,0.02368173375725746
4462,3.8999999999999986,4.759999999999996,0.05,0.562477707862854
4463,3.8999999999999986,4.7499999999999964,0.05,3.0504345893859863
4464,3.8999999999999986,4.7499999999999964,0.05,0.561129093170166
4465,3.8999999999999986,4.7499999999999964,0.05,0.5944955348968506
4466,3.8999999999999986,4.745999999999997,0.05,1.1612861156463623
4467,4.299999999999997,4.753999999999996,0.05,1.0814481973648071
4468,3.8999999999999986,4.663999999999997,0.05,0.49985527992248535
4469,4.699999999999996,4.679999999999996,0.05,0.5171436667442322
4470,3.8999999999999986,4.679999999999996,0.05,1.061754822731018
4471,3.8999999999999986,4.679999999999996,0.05,0.5853966474533081
4472,3.8999999999999986,4.629999999999996,0.05,0.5432866215705872
4473,3.8999999999999986,4.629999999999996,0.05,0.0074167437851428986
4474,3.8999999999999986,4.629999999999996,0.05,0.6082314848899841
4475,3.8999999999999986,4.629999999999996,0.05,0.5280977487564087
4476,8.399999999999986,4.719999999999996,0.05,0.008293937891721725
4477,3.8999999999999986,4.719999999999996,0.05,0.05716731771826744
4478,3.8999999999999986,4.703999999999996,0.05,0.5295630693435669
4479,3.9999999999999982,4.663999999999996,0.05,1.1629384756088257
4480,3.8999999999999986,4.663999999999997,0.05,0.011213472113013268
4481,3.8999999999999986,4.615999999999997,0.05,0.03771984577178955
4482,4.4999999999999964,4.613999999999997,0.05,0.0074721695855259895
4483,6.5999999999999925,4.661999999999996,0.05,0.5287280678749084
4484,3.8999999999999986,4.661999999999997,0.05,1.5301116704940796
4485,3.8999999999999986,4.641999999999997,0.05,0.5354697704315186
4486,3.8999999999999986,4.637999999999997,0.05,0.008518202230334282
4487,3.8999999999999986,4.627999999999997,0.05,1.0746917724609375
4488,4.799999999999995,4.645999999999997,0.05,0.5003030300140381
4489,3.8999999999999986,4.591999999999996,0.05,0.012913346290588379
4490,6.5999999999999925,4.633999999999997,0.05,0.5319615602493286
4491,4.899999999999995,4.653999999999996,0.05,0.5503062009811401
4492,3.8999999999999986,4.653999999999997,0.05,0.4919969141483307
4493,3.8999999999999986,4.645999999999997,0.05,0.00391350407153368
4494,4.099999999999998,4.649999999999997,0.05,0.012540372088551521
4495,3.8999999999999986,4.649999999999997,0.05,0.5409102439880371
4496,4.899999999999995,4.653999999999997,0.05,0.03612630441784859
4497,6.499999999999993,4.697999999999997,0.05,0.0071817561984062195
4498,3.8999999999999986,4.693999999999997,0.05,0.40640145540237427
4499,3.8999999999999986,4.693999999999997,0.05,0.5090161561965942
4500,6.499999999999993,4.641999999999997,0.05,0.0024655386805534363
4501,6.699999999999992,4.697999999999997,0.05,0.5950560569763184
4502,6.199999999999994,4.653999999999996,0.05,0.5363672375679016
4503,3.8999999999999986,4.653999999999997,0.05,2.1362082958221436
4504,4.399999999999997,4.661999999999997,0.05,0.506307065486908
4505,3.8999999999999986,4.661999999999997,0.05,0.6216185092926025
4506,3.8999999999999986,4.649999999999997,0.05,0.5613704919815063
4507,6.199999999999994,4.605999999999997,0.05,0.48674702644348145
4508,9.399999999999983,4.715999999999997,0.05,0.012058153748512268
4509,6.799999999999992,4.7659999999999965,0.05,1.0192478895187378
4510,3.8999999999999986,4.765999999999996,0.05,0.5928100347518921
4511,3.8999999999999986,4.6279999999999974,0.05,0.004251271486282349
4512,3.8999999999999986,4.627999999999997,0.05,0.5439565777778625
4513,4.999999999999995,4.649999999999997,0.05,0.009139702655375004
4514,3.8999999999999986,4.649999999999997,0.05,0.007261044345796108
4515,4.699999999999996,4.665999999999996,0.05,0.020761393010616302
4516,4.999999999999995,4.687999999999996,0.05,1.080272912979126
4517,6.699999999999992,4.735999999999997,0.05,0.5286941528320312
4518,4.399999999999997,4.745999999999996,0.05,1.5001229047775269
4519,3.8999999999999986,4.729999999999997,0.05,1.1380356550216675
4520,8.399999999999986,4.819999999999996,0.05,0.005494527518749237
4521,3.8999999999999986,4.819999999999996,0.05,0.5502662658691406
4522,4.599999999999996,4.833999999999996,0.05,1.5381478071212769
4523,3.8999999999999986,4.833999999999996,0.05,1.574648141860962
4524,3.8999999999999986,4.833999999999996,0.05,0.5871379971504211
4525,3.8999999999999986,4.833999999999996,0.05,0.9669722318649292
4526,6.299999999999994,4.791999999999996,0.05,0.5208591818809509
4527,3.8999999999999986,4.791999999999996,0.05,1.0996043682098389
4528,3.8999999999999986,4.791999999999996,0.05,0.005033785477280617
4529,3.9999999999999982,4.791999999999996,0.05,0.5145429968833923
4530,13.599999999999971,4.985999999999995,0.05,1.597508430480957
4531,3.4000000000000004,4.975999999999996,0.05,0.4798276722431183
4532,3.8999999999999986,4.963999999999996,0.05,1.525909662246704
4533,4.299999999999997,4.917999999999996,0.05,1.0309323072433472
4534,4.999999999999995,4.939999999999997,0.05,1.005468487739563
4535,4.299999999999997,4.947999999999996,0.05,0.0012762561673298478
4536,3.8999999999999986,4.947999999999996,0.05,0.021629368886351585
4537,5.999999999999995,4.989999999999996,0.05,1.3716307878494263
4538,4.399999999999997,4.981999999999996,0.05,1.0615875720977783
4539,8.399999999999986,5.071999999999996,0.05,0.4995304048061371
4540,3.8999999999999986,5.017999999999995,0.05,0.5158634781837463
4541,8.899999999999984,5.097999999999995,0.05,1.543196439743042
4542,3.8999999999999986,5.097999999999995,0.05,2.158609628677368
4543,4.999999999999995,5.119999999999996,0.05,1.14314603805542
4544,3.8999999999999986,5.115999999999995,0.05,0.5520975589752197
4545,4.1999999999999975,5.121999999999996,0.05,0.4828147888183594
4546,4.899999999999995,5.121999999999995,0.05,1.0194792747497559
4547,4.599999999999996,5.083999999999995,0.05,0.5728942155838013
4548,6.299999999999994,5.131999999999994,0.05,0.005678175948560238
4549,3.8999999999999986,5.131999999999994,0.05,1.146054983139038
4550,3.8999999999999986,5.079999999999996,0.05,1.0210890769958496
4551,3.8999999999999986,5.023999999999996,0.05,0.014676138758659363
4552,4.699999999999996,4.993999999999996,0.05,1.0629807710647583
4553,3.9999999999999982,4.995999999999994,0.05,0.004912775941193104
4554,3.9999999999999982,4.987999999999996,0.05,0.6147375106811523
4555,3.8999999999999986,4.987999999999996,0.05,0.011217549443244934
4556,4.099999999999998,4.9919999999999956,0.05,0.4966857135295868
4557,12.899999999999974,5.125999999999994,0.05,1.124712586402893
4558,4.799999999999995,5.033999999999995,0.05,1.031404972076416
4559,3.8999999999999986,4.9759999999999955,0.05,1.0538610219955444
4560,4.599999999999996,4.989999999999996,0.05,1.5914862155914307
4561,3.8999999999999986,4.989999999999996,0.05,0.0028948173858225346
4562,3.3000000000000007,4.977999999999995,0.05,1.5096752643585205
4563,4.999999999999995,4.977999999999995,0.05,0.4792715013027191
4564,5.999999999999995,5.019999999999995,0.05,0.48914748430252075
4565,3.8999999999999986,5.003999999999996,0.05,1.0446475744247437
4566,2.0000000000000013,4.9439999999999955,0.05,0.0018874176312237978
4567,4.799999999999995,4.905999999999995,0.05,0.006831491366028786
4568,6.499999999999993,4.947999999999996,0.05,0.0011564906453713775
4569,4.399999999999997,4.957999999999996,0.05,0.5001420974731445
4570,3.8999999999999986,4.867999999999996,0.05,0.5006639957427979
4571,3.8999999999999986,4.867999999999996,0.05,0.01822534203529358
4572,3.9999999999999982,4.855999999999996,0.05,0.15197668969631195
4573,3.8999999999999986,4.855999999999995,0.05,0.5140480399131775
4574,2.800000000000002,4.833999999999996,0.05,0.5012744069099426
4575,6.199999999999994,4.879999999999996,0.05,1.0576927661895752
4576,4.699999999999996,4.847999999999995,0.05,0.506162703037262
4577,8.399999999999986,4.937999999999995,0.05,1.4483331441879272
4578,3.8999999999999986,4.937999999999995,0.05,0.007225453853607178
4579,8.399999999999986,5.025999999999995,0.05,0.5442485809326172
4580,3.8999999999999986,4.831999999999995,0.05,0.03371252119541168
4581,6.799999999999992,4.899999999999995,0.05,0.5065218210220337
4582,4.799999999999995,4.917999999999995,0.05,0.5436989068984985
4583,8.399999999999986,4.999999999999995,0.05,0.0014769547851756215
4584,3.8999999999999986,4.977999999999995,0.05,0.47887566685676575
4585,3.8999999999999986,4.969999999999996,0.05,1.1099525690078735
4586,3.8999999999999986,4.969999999999996,0.05,1.050601601600647
4587,3.8999999999999986,4.927999999999996,0.05,0.5100883841514587
4588,3.8999999999999986,4.917999999999996,0.05,0.0033941895235329866
4589,3.8999999999999986,4.827999999999996,0.05,0.5511113405227661
4590,3.8999999999999986,4.827999999999996,0.05,0.5407235622406006
4591,8.399999999999986,4.817999999999996,0.05,0.016997700557112694
4592,8.399999999999986,4.907999999999996,0.05,0.0017421774100512266
4593,4.099999999999998,4.889999999999996,0.05,0.0035215856041759253
4594,5.999999999999995,4.931999999999996,0.05,0.0028119180351495743
4595,4.399999999999997,4.935999999999996,0.05,0.4879220426082611
4596,3.8999999999999986,4.915999999999996,0.05,0.019531704485416412
4597,6.299999999999994,4.949999999999996,0.05,0.551186203956604
4598,3.8999999999999986,4.901999999999996,0.05,0.5330078601837158
4599,8.399999999999986,4.9919999999999956,0.05,0.0227031372487545
4600,3.8999999999999986,4.9919999999999956,0.05,0.5059104561805725
4601,3.9999999999999982,4.993999999999996,0.05,0.007728129159659147
4602,4.999999999999995,4.999999999999996,0.05,0.00539047084748745
4603,3.8999999999999986,4.997999999999996,0.05,0.027152061462402344
4604,6.699999999999992,5.051999999999995,0.05,1.0510410070419312
4605,3.8999999999999986,5.051999999999995,0.05,0.5659761428833008
4606,4.699999999999996,5.063999999999996,0.05,0.5414143800735474
4607,4.099999999999998,4.8879999999999955,0.05,0.541951060295105
4608,3.8999999999999986,4.869999999999996,0.05,0.005086667835712433
4609,8.499999999999986,4.961999999999996,0.05,1.4657566547393799
4610,9.399999999999983,5.057999999999995,0.05,1.06721830368042
4611,6.299999999999994,5.105999999999995,0.05,0.512665867805481
4612,3.8999999999999986,5.117999999999995,0.05,0.023934686556458473
4613,4.999999999999995,5.117999999999996,0.05,0.6022565364837646
4614,3.8999999999999986,5.075999999999995,0.05,0.5524857044219971
4615,4.699999999999996,5.091999999999995,0.05,0.4776291251182556
4616,3.8999999999999986,5.129999999999995,0.05,1.0706565380096436
4617,4.599999999999996,5.125999999999996,0.05,0.5451800227165222
4618,3.8999999999999986,5.073999999999995,0.05,1.1029449701309204
4619,3.8999999999999986,5.063999999999996,0.05,1.5225380659103394
4620,4.1999999999999975,5.069999999999996,0.05,2.9636943340301514
4621,3.8999999999999986,5.069999999999996,0.05,0.45551779866218567
4622,-2.099999999999998,4.947999999999996,0.05,0.5317928791046143
4623,6.699999999999992,5.003999999999995,0.05,0.48593997955322266
4624,3.8999999999999986,5.025999999999995,0.05,0.025534309446811676
4625,8.699999999999985,5.075999999999996,0.05,0.4887343645095825
4626,3.8999999999999986,5.059999999999995,0.05,0.017486605793237686
4627,8.399999999999986,5.059999999999995,0.05,0.47056904435157776
4628,3.8999999999999986,5.059999999999995,0.05,1.5094280242919922
4629,3.8999999999999986,4.969999999999995,0.05,0.9979410171508789
4630,8.399999999999986,5.059999999999995,0.05,0.5144925117492676
4631,6.199999999999994,5.047999999999995,0.05,0.5237219929695129
4632,6.799999999999992,5.087999999999995,0.05,0.0046224575489759445
4633,12.899999999999974,5.177999999999994,0.05,2.5144762992858887
4634,4.4999999999999964,5.189999999999994,0.05,0.5251832604408264
4635,3.8999999999999986,5.189999999999994,0.05,1.071453332901001
4636,3.9999999999999982,5.191999999999995,0.05,1.0189048051834106
4637,3.8999999999999986,5.191999999999995,0.05,1.0036877393722534
4638,13.099999999999973,5.375999999999994,0.05,0.007413444109261036
4639,3.8999999999999986,5.375999999999993,0.05,1.0268832445144653
4640,4.799999999999995,5.393999999999994,0.05,1.0656248331069946
4641,6.199999999999994,5.349999999999995,0.05,0.022079885005950928
4642,4.599999999999996,5.273999999999996,0.05,0.49221327900886536
4643,17.90000000000001,5.549999999999995,0.05,0.0012725885026156902
4644,4.899999999999995,5.527999999999995,0.05,0.9865649342536926
4645,8.899999999999984,5.617999999999995,0.05,0.009491298347711563
4646,12.899999999999974,5.797999999999994,0.05,1.9167331457138062
4647,4.299999999999997,5.757999999999994,0.05,0.07942888140678406
4648,8.399999999999986,5.847999999999994,0.05,0.5444461703300476
4649,8.699999999999985,5.853999999999994,0.05,0.9032480120658875
4650,8.399999999999986,5.943999999999993,0.05,1.052078366279602
4651,3.8999999999999986,5.941999999999994,0.05,0.9623677730560303
4652,11.09999999999998,6.063999999999993,0.05,0.5068868398666382
4653,6.099999999999994,6.1079999999999925,0.05,0.006785362493246794
4654,4.799999999999995,6.069999999999994,0.05,0.0109041603282094
4655,3.8999999999999986,6.069999999999993,0.05,0.03007950633764267
4656,5.999999999999995,6.095999999999993,0.05,0.4660186171531677
4657,4.999999999999995,6.113999999999994,0.05,0.010217523202300072
4658,12.899999999999974,6.293999999999994,0.05,0.005651948042213917
4659,9.299999999999983,6.309999999999993,0.05,0.0014193521346896887
4660,3.8999999999999986,6.199999999999993,0.05,0.013617625460028648
4661,3.8999999999999986,6.151999999999991,0.05,0.9714536070823669
4662,4.799999999999995,6.169999999999992,0.05,0.019681211560964584
4663,4.099999999999998,6.151999999999994,0.05,0.9669496417045593
4664,6.199999999999994,6.197999999999994,0.05,0.7165413498878479
4665,3.8999999999999986,6.181999999999992,0.05,0.04282866418361664
4666,6.199999999999994,6.227999999999992,0.05,0.9985859394073486
4667,8.399999999999986,6.303999999999993,0.05,0.48796454071998596
4668,12.899999999999974,6.483999999999992,0.05,0.4932759702205658
4669,4.999999999999995,6.505999999999992,0.05,0.3332523703575134
4670,3.8999999999999986,6.499999999999993,0.05,0.015346797183156013
4671,3.8999999999999986,6.499999999999991,0.05,0.002434388967230916
4672,4.399999999999997,6.629999999999991,0.05,0.4592032730579376
4673,3.8999999999999986,6.573999999999992,0.05,0.4710588753223419
4674,8.699999999999985,6.669999999999992,0.05,0.004712237976491451
4675,8.399999999999986,6.663999999999992,0.05,0.03582245111465454
4676,3.9999999999999982,6.665999999999992,0.05,0.5403621792793274
4677,3.8999999999999986,6.5759999999999925,0.05,0.005895067006349564
4678,3.8999999999999986,6.575999999999991,0.05,0.016435569152235985
4679,6.099999999999994,6.619999999999991,0.05,1.0272796154022217
4680,4.099999999999998,6.5339999999999945,0.05,0.9882338047027588
4681,8.799999999999985,6.585999999999993,0.05,0.5389931201934814
4682,6.499999999999993,6.579999999999993,0.05,0.5012234449386597
4683,6.5999999999999925,6.453999999999992,0.05,0.47339922189712524
4684,4.4999999999999964,6.453999999999993,0.05,1.9608346223831177
4685,8.399999999999986,6.543999999999993,0.05,1.0140026807785034
4686,3.8999999999999986,6.541999999999993,0.05,0.008520395494997501
4687,4.799999999999995,6.559999999999992,0.05,0.0031872421968728304
4688,4.4999999999999964,6.387999999999994,0.05,1.5363744497299194
4689,3.8999999999999986,6.387999999999993,0.05,0.5254260301589966
4690,3.8999999999999986,6.369999999999992,0.05,1.8993477821350098
4691,3.8999999999999986,6.323999999999992,0.05,0.9285471439361572
4692,8.399999999999986,6.399999999999992,0.05,0.004260876681655645
4693,3.8999999999999986,6.119999999999992,0.05,0.030093539506196976
4694,4.999999999999995,6.121999999999991,0.05,1.0009366273880005
4695,8.699999999999985,6.117999999999992,0.05,1.4417823553085327
4696,4.099999999999998,5.941999999999992,0.05,0.9669280052185059
4697,4.1999999999999975,5.939999999999993,0.05,0.02150079235434532
4698,9.099999999999984,5.953999999999992,0.05,0.5424054265022278
4699,3.8999999999999986,5.8579999999999925,0.05,0.4425826072692871
4700,8.499999999999986,5.859999999999993,0.05,0.5041873455047607
4701,3.8999999999999986,5.859999999999993,0.05,0.9954737424850464
4702,4.599999999999996,5.729999999999993,0.05,0.582211434841156
4703,4.299999999999997,5.693999999999994,0.05,0.01814449578523636
4704,4.399999999999997,5.685999999999994,0.05,0.44954031705856323
4705,17.90000000000001,5.965999999999995,0.05,0.4783463776111603
4706,8.399999999999986,6.013999999999993,0.05,0.43490326404571533
4707,17.90000000000001,6.271999999999994,0.05,0.48686468601226807
4708,4.699999999999996,6.107999999999995,0.05,1.4302626848220825
4709,4.099999999999998,6.003999999999995,0.05,1.9193925857543945
4710,4.299999999999997,6.011999999999995,0.05,0.9290498495101929
4711,12.899999999999974,6.191999999999994,0.05,0.0061379969120025635
4712,3.8999999999999986,6.173999999999994,0.05,0.5168280601501465
4713,8.399999999999986,6.259999999999994,0.05,1.0409431457519531
4714,12.899999999999974,6.393999999999994,0.05,1.9178459644317627
4715,3.8999999999999986,6.393999999999993,0.05,0.0033339466899633408
4716,4.4999999999999964,6.359999999999993,0.05,0.4764494001865387
4717,8.899999999999984,6.369999999999993,0.05,0.0017867451533675194
4718,3.8999999999999986,6.189999999999993,0.05,0.46874144673347473
4719,4.899999999999995,6.1879999999999935,0.05,0.004315182566642761
4720,3.8999999999999986,6.187999999999993,0.05,0.4897061288356781
4721,13.79999999999997,6.385999999999992,0.05,1.880185604095459
4722,12.899999999999974,6.555999999999992,0.05,1.446953535079956
4723,9.299999999999983,6.663999999999992,0.05,0.8997341394424438
4724,12.899999999999974,6.747999999999993,0.05,1.0175451040267944
4725,3.8999999999999986,6.657999999999992,0.05,0.45803630352020264
4726,4.099999999999998,6.659999999999992,0.05,1.380335807800293
4727,3.8999999999999986,6.659999999999993,0.05,0.9656696915626526
4728,4.4999999999999964,6.671999999999993,0.05,0.01023215800523758
4729,3.8999999999999986,6.627999999999993,0.05,1.904342770576477
4730,6.699999999999992,6.679999999999992,0.05,0.009212520904839039
4731,3.8999999999999986,6.581999999999993,0.05,0.002920580329373479
4732,4.1999999999999975,6.5359999999999925,0.05,0.4464918076992035
4733,8.399999999999986,6.571999999999992,0.05,0.45332810282707214
4734,4.399999999999997,6.569999999999992,0.05,0.9108676314353943
4735,3.8999999999999986,6.479999999999993,0.05,0.9057260751724243
4736,22.40000000000006,6.849999999999993,0.05,0.4506136178970337
4737,3.8999999999999986,6.831999999999994,0.05,1.4716356992721558
4738,9.399999999999983,6.9299999999999935,0.05,0.000991789740510285
4739,13.299999999999972,7.117999999999992,0.05,0.005663655232638121
4740,6.299999999999994,7.165999999999993,0.05,0.9165417551994324
4741,3.8999999999999986,7.165999999999993,0.05,0.48701784014701843
4742,4.599999999999996,7.089999999999993,0.05,0.47426971793174744
4743,4.299999999999997,7.097999999999994,0.05,0.004212386906147003
4744,10.599999999999982,7.209999999999993,0.05,0.021783005446195602
4745,4.999999999999995,7.135999999999993,0.05,0.01890929788351059
4746,3.8999999999999986,7.1319999999999935,0.05,1.3276958465576172
4747,3.8999999999999986,7.125999999999992,0.05,0.01956205442547798
4748,4.099999999999998,7.025999999999994,0.05,0.5367464423179626
4749,8.399999999999986,7.115999999999994,0.05,0.5083823800086975
4750,4.299999999999997,7.031999999999994,0.05,0.01869799941778183
4751,8.399999999999986,7.121999999999994,0.05,0.4143003225326538
4752,4.299999999999997,7.115999999999993,0.05,1.8651756048202515
4753,6.699999999999992,7.163999999999994,0.05,1.0377216339111328
4754,10.499999999999982,7.285999999999993,0.05,0.0024301735684275627
4755,3.8999999999999986,7.005999999999992,0.05,1.442505955696106
4756,4.999999999999995,6.937999999999993,0.05,0.538130521774292
4757,3.8999999999999986,6.657999999999992,0.05,1.9467073678970337
4758,4.4999999999999964,6.653999999999993,0.05,0.45738527178764343
4759,10.499999999999982,6.781999999999994,0.05,1.3648935556411743
4760,6.099999999999994,6.8179999999999925,0.05,0.8987771272659302
4761,4.299999999999997,6.645999999999994,0.05,0.09303858876228333
4762,3.8999999999999986,6.645999999999994,0.05,0.45815160870552063
4763,3.9999999999999982,6.557999999999993,0.05,0.4445420205593109
4764,3.8999999999999986,6.377999999999994,0.05,0.9265893697738647
4765,4.899999999999995,6.397999999999993,0.05,0.912004828453064
4766,4.4999999999999964,6.3979999999999935,0.05,1.355586290359497
4767,4.399999999999997,6.307999999999994,0.05,0.0010033480357378721
4768,8.399999999999986,6.397999999999993,0.05,0.0026763223577290773
4769,3.8999999999999986,6.377999999999993,0.05,1.3221120834350586
4770,3.8999999999999986,6.377999999999993,0.05,0.025960084050893784
4771,4.1999999999999975,6.185999999999995,0.05,2.230520486831665
4772,6.399999999999993,6.055999999999994,0.05,1.3901097774505615
4773,4.299999999999997,5.955999999999996,0.05,0.5045721530914307
4774,3.8999999999999986,5.7759999999999945,0.05,0.0052637699991464615
4775,6.199999999999994,5.821999999999995,0.05,1.011216163635254
4776,4.399999999999997,5.827999999999994,0.05,0.48769235610961914
4777,8.399999999999986,5.917999999999995,0.05,0.4765743911266327
4778,3.8999999999999986,5.905999999999994,0.05,0.923017144203186
4779,3.8999999999999986,5.905999999999994,0.05,0.9660606384277344
4780,6.699999999999992,5.905999999999995,0.05,0.5059795379638672
4781,4.399999999999997,5.915999999999996,0.05,0.49381107091903687
4782,4.799999999999995,5.927999999999995,0.05,0.4925844073295593
4783,6.399999999999993,5.887999999999995,0.05,0.9217900633811951
4784,12.899999999999974,6.057999999999995,0.05,0.9467995762825012
4785,3.8999999999999986,6.057999999999995,0.05,0.8972566723823547
4786,3.8999999999999986,5.687999999999993,0.05,0.45717182755470276
4787,8.399999999999986,5.7779999999999925,0.05,0.010095782577991486
4788,8.799999999999985,5.765999999999995,0.05,0.4985812306404114
4789,4.399999999999997,5.587999999999994,0.05,1.407393217086792
4790,3.8999999999999986,5.539999999999993,0.05,0.49673572182655334
4791,8.399999999999986,5.629999999999993,0.05,1.3607975244522095
4792,3.8999999999999986,5.615999999999994,0.05,0.48797607421875
4793,8.899999999999984,5.707999999999993,0.05,0.018107615411281586
4794,3.8999999999999986,5.5739999999999945,0.05,0.4478476941585541
4795,6.499999999999993,5.603999999999994,0.05,0.38892340660095215
4796,3.8999999999999986,5.603999999999994,0.05,0.4283183217048645
4797,3.8999999999999986,5.603999999999994,0.05,0.5173850655555725
4798,8.399999999999986,5.689999999999993,0.05,0.43684467673301697
4799,12.899999999999974,5.779999999999993,0.05,0.009029753506183624
4800,3.8999999999999986,5.771999999999994,0.05,0.44015419483184814
4801,8.399999999999986,5.771999999999994,0.05,1.4424887895584106
4802,4.4999999999999964,5.775999999999994,0.05,0.5538319945335388
4803,8.799999999999985,5.817999999999994,0.05,0.49417150020599365
4804,10.99999999999998,5.827999999999994,0.05,0.49918147921562195
4805,3.8999999999999986,5.827999999999992,0.05,0.03672969713807106
4806,4.099999999999998,5.809999999999993,0.05,0.4705525040626526
4807,3.8999999999999986,5.809999999999993,0.05,0.4885518252849579
4808,6.799999999999992,5.855999999999994,0.05,0.49850529432296753
4809,6.799999999999992,5.781999999999994,0.05,1.2690500020980835
4810,8.399999999999986,5.827999999999994,0.05,1.3710973262786865
4811,4.999999999999995,5.841999999999993,0.05,0.009791400283575058
4812,4.299999999999997,5.849999999999994,0.05,0.5031448602676392
4813,6.099999999999994,5.891999999999993,0.05,0.009979239664971828
4814,3.8999999999999986,5.891999999999993,0.05,0.011905699037015438
4815,3.8999999999999986,5.871999999999993,0.05,0.4498671889305115
4816,8.499999999999986,5.951999999999994,0.05,0.004500566050410271
4817,12.899999999999974,6.121999999999993,0.05,0.022677963599562645
4818,8.599999999999985,6.125999999999992,0.05,0.8860945701599121
4819,3.8999999999999986,6.1259999999999915,0.05,1.3268377780914307
4820,8.399999999999986,6.215999999999992,0.05,0.4380194842815399
4821,8.399999999999986,6.299999999999991,0.05,0.9489866495132446
4822,4.599999999999996,6.263999999999992,0.05,0.018098820000886917
4823,4.099999999999998,6.259999999999992,0.05,0.4652692675590515
4824,4.699999999999996,6.275999999999993,0.05,1.5358976125717163
4825,4.999999999999995,6.251999999999992,0.05,0.006682125851511955
4826,11.09999999999998,6.385999999999991,0.05,0.9131633043289185
4827,3.8999999999999986,6.295999999999991,0.05,0.002418884541839361
4828,12.899999999999974,6.475999999999991,0.05,1.2031389474868774
4829,17.90000000000001,6.755999999999992,0.05,0.011503351852297783
4830,8.399999999999986,6.789999999999992,0.05,0.9201956987380981
4831,8.399999999999986,6.869999999999991,0.05,0.021069757640361786
4832,3.8999999999999986,6.851999999999991,0.05,1.338667869567871
4833,8.399999999999986,6.8919999999999915,0.05,0.01319393701851368
4834,4.099999999999998,6.715999999999992,0.05,0.4272066354751587
4835,3.8999999999999986,6.715999999999992,0.05,0.039684515446424484
4836,8.399999999999986,6.805999999999991,0.05,0.0034007844515144825
4837,4.4999999999999964,6.727999999999993,0.05,0.44428300857543945
4838,6.199999999999994,6.675999999999992,0.05,0.8843910098075867
4839,8.599999999999985,6.759999999999991,0.05,0.5026413798332214
4840,6.499999999999993,6.811999999999991,0.05,1.3388712406158447
4841,3.8999999999999986,6.7219999999999915,0.05,0.8860997557640076
4842,3.8999999999999986,6.7219999999999915,0.05,0.4644201397895813
4843,3.8999999999999986,6.621999999999991,0.05,0.42610952258110046
4844,6.799999999999992,6.679999999999992,0.05,0.9530884027481079
4845,8.399999999999986,6.717999999999992,0.05,0.42786717414855957
4846,3.9999999999999982,6.719999999999992,0.05,0.4218063950538635
4847,8.399999999999986,6.809999999999991,0.05,0.006391323171555996
4848,4.1999999999999975,6.725999999999992,0.05,0.477287620306015
4849,4.999999999999995,6.5679999999999925,0.05,0.42263758182525635
4850,8.399999999999986,6.657999999999992,0.05,0.49454912543296814
4851,3.8999999999999986,6.567999999999992,0.05,0.012104473076760769
4852,9.399999999999983,6.665999999999992,0.05,0.4222777187824249
4853,8.399999999999986,6.6579999999999915,0.05,0.48763859272003174
4854,3.8999999999999986,6.515999999999992,0.05,1.2829549312591553
4855,12.899999999999974,6.695999999999993,0.05,0.01979171484708786
4856,8.399999999999986,6.781999999999991,0.05,0.8707675933837891
4857,3.8999999999999986,6.78199999999999,0.05,0.9064982533454895
4858,9.199999999999983,6.829999999999991,0.05,0.014461497776210308
4859,3.8999999999999986,6.771999999999991,0.05,0.03144111856818199
4860,3.8999999999999986,6.6819999999999915,0.05,0.9540544748306274
4861,8.399999999999986,6.749999999999991,0.05,0.4525996148586273
4862,3.8999999999999986,6.741999999999991,0.05,0.002845658687874675
4863,18.400000000000016,6.9879999999999916,0.05,0.02508540451526642
4864,3.8999999999999986,6.9879999999999916,0.05,0.8690576553344727
4865,13.99999999999997,7.189999999999991,0.05,0.8748921751976013
4866,9.399999999999983,7.207999999999991,0.05,0.0030358214862644672
4867,4.399999999999997,7.037999999999993,0.05,0.0367419570684433
4868,3.8999999999999986,6.943999999999992,0.05,0.4608745574951172
4869,4.899999999999995,6.9639999999999915,0.05,0.40728726983070374
4870,3.8999999999999986,6.873999999999992,0.05,0.3964242935180664
4871,5.999999999999995,6.8259999999999925,0.05,0.4328644275665283
4872,11.09999999999998,6.955999999999992,0.05,0.018817519769072533
4873,9.399999999999983,7.061999999999992,0.05,0.01607675477862358
4874,6.299999999999994,7.093999999999993,0.05,0.4842856526374817
4875,4.599999999999996,7.085999999999993,0.05,0.8643490076065063
4876,13.99999999999997,7.143999999999992,0.05,0.0013173825573176146
4877,3.8999999999999986,7.14399999999999,0.05,0.03521732985973358
4878,8.499999999999986,7.055999999999992,0.05,0.5258873701095581
4879,3.8999999999999986,6.775999999999991,0.05,0.8326653242111206
4880,8.399999999999986,6.775999999999991,0.05,0.4446103274822235
4881,6.799999999999992,6.743999999999992,0.05,0.48459744453430176
4882,4.699999999999996,6.759999999999991,0.05,0.008708382025361061
4883,6.299999999999994,6.717999999999992,0.05,0.9081075191497803
4884,12.899999999999974,6.893999999999992,0.05,0.8948241472244263
4885,4.999999999999995,6.915999999999992,0.05,0.49160346388816833
4886,10.89999999999998,6.965999999999991,0.05,0.8530414700508118
4887,3.8999999999999986,6.953999999999991,0.05,0.8730729818344116
4888,4.799999999999995,6.925999999999991,0.05,0.8821200132369995
4889,4.899999999999995,6.851999999999992,0.05,0.007780487649142742
4890,4.1999999999999975,6.805999999999991,0.05,0.47592487931251526
4891,4.299999999999997,6.813999999999992,0.05,0.0069122277200222015
4892,6.099999999999994,6.8579999999999925,0.05,0.005856306757777929
4893,3.8999999999999986,6.857999999999991,0.05,0.800438404083252
4894,6.499999999999993,6.851999999999991,0.05,0.4156849682331085
4895,6.799999999999992,6.819999999999992,0.05,0.7873566150665283
4896,6.099999999999994,6.861999999999991,0.05,0.4298873543739319
4897,3.8999999999999986,6.771999999999991,0.05,0.889768660068512
4898,3.8999999999999986,6.76599999999999,0.05,0.473690927028656
4899,3.8999999999999986,6.743999999999991,0.05,2.178380250930786
4900,3.8999999999999986,6.653999999999992,0.05,0.00760293286293745
4901,3.8999999999999986,6.653999999999992,0.05,0.4279855191707611
4902,3.8999999999999986,6.543999999999992,0.05,0.014844713732600212
4903,3.8999999999999986,6.453999999999992,0.05,1.30209481716156
4904,11.09999999999998,6.597999999999993,0.05,0.00337806879542768
4905,6.099999999999994,6.4619999999999935,0.05,0.4797409176826477
4906,8.399999999999986,6.4619999999999935,0.05,0.8694849014282227
4907,4.899999999999995,6.481999999999992,0.05,0.43245968222618103
4908,4.599999999999996,6.3899999999999935,0.05,0.011899004690349102
4909,3.8999999999999986,6.3899999999999935,0.05,0.4143032133579254
4910,6.699999999999992,6.445999999999993,0.05,0.7668198943138123
4911,4.399999999999997,6.365999999999993,0.05,0.016177937388420105
4912,3.8999999999999986,6.3659999999999926,0.05,0.43780842423439026
4913,12.899999999999974,6.255999999999992,0.05,0.8053640127182007
4914,8.399999999999986,6.345999999999992,0.05,0.420238196849823
4915,4.299999999999997,6.151999999999992,0.05,0.051579561084508896
4916,3.9999999999999982,6.043999999999993,0.05,1.267320156097412
4917,3.8999999999999986,6.033999999999992,0.05,0.8796660900115967
4918,6.499999999999993,6.085999999999992,0.05,0.4099428653717041
4919,8.399999999999986,6.155999999999993,0.05,0.4199674129486084
4920,3.8999999999999986,6.155999999999993,0.05,0.859680712223053
4921,3.8999999999999986,6.113999999999992,0.05,0.9199427366256714
4922,3.8999999999999986,5.969999999999992,0.05,0.47984716296195984
4923,3.8999999999999986,5.859999999999993,0.05,0.40264245867729187
4924,4.599999999999996,5.825999999999993,0.05,0.35752883553504944
4925,3.8999999999999986,5.811999999999994,0.05,0.032633453607559204
4926,4.099999999999998,5.613999999999994,0.05,0.04440698027610779
4927,3.8999999999999986,5.613999999999994,0.05,0.017445158213377
4928,8.399999999999986,5.611999999999994,0.05,0.9069827795028687
4929,4.399999999999997,5.621999999999994,0.05,0.43333515524864197
4930,3.8999999999999986,5.531999999999994,0.05,1.309807300567627
4931,3.8999999999999986,5.473999999999993,0.05,0.44606325030326843
4932,6.5999999999999925,5.5119999999999925,0.05,0.9143228530883789
4933,3.8999999999999986,5.463999999999993,0.05,0.9098808765411377
4934,4.399999999999997,5.293999999999994,0.05,0.804039478302002
4935,8.399999999999986,5.361999999999994,0.05,0.016041681170463562
4936,3.8999999999999986,5.221999999999995,0.05,0.45467352867126465
4937,3.8999999999999986,5.221999999999995,0.05,0.03484942391514778
4938,3.8999999999999986,5.203999999999994,0.05,0.419818252325058
4939,8.399999999999986,5.273999999999996,0.05,0.004774041473865509
4940,8.399999999999986,5.357999999999993,0.05,0.0080792885273695
4941,4.699999999999996,5.365999999999994,0.05,1.3443081378936768
4942,3.8999999999999986,5.321999999999995,0.05,0.030795779079198837
4943,8.399999999999986,5.411999999999994,0.05,0.005429255776107311
4944,3.8999999999999986,5.359999999999994,0.05,0.02281355857849121
4945,3.8999999999999986,5.301999999999993,0.05,0.002241207053884864
4946,4.599999999999996,5.271999999999995,0.05,0.4171375334262848
4947,10.799999999999981,5.409999999999994,0.05,0.868847131729126
4948,3.8999999999999986,5.409999999999994,0.05,0.43776756525039673
4949,3.8999999999999986,5.409999999999993,0.05,1.3169564008712769
4950,4.999999999999995,5.431999999999993,0.05,1.2968590259552002
4951,4.299999999999997,5.439999999999994,0.05,0.0048790667206048965
4952,6.199999999999994,5.485999999999994,0.05,0.45495903491973877
4953,6.099999999999994,5.529999999999993,0.05,0.4129076302051544
4954,3.8999999999999986,5.385999999999995,0.05,0.003881394164636731
4955,8.399999999999986,5.431999999999993,0.05,0.008093895390629768
4956,10.99999999999998,5.483999999999994,0.05,1.324697732925415
4957,3.9999999999999982,5.465999999999995,0.05,0.01155908778309822
4958,3.8999999999999986,5.451999999999994,0.05,0.03308837488293648
4959,3.8999999999999986,5.451999999999994,0.05,1.254169225692749
4960,12.899999999999974,5.575999999999993,0.05,0.8946402668952942
4961,8.399999999999986,5.6559999999999935,0.05,0.43334028124809265
4962,3.8999999999999986,5.655999999999993,0.05,0.4350723922252655
4963,4.699999999999996,5.491999999999994,0.05,0.4008927345275879
4964,4.399999999999997,5.411999999999995,0.05,0.4200817942619324
4965,3.8999999999999986,5.403999999999994,0.05,0.4066471755504608
4966,6.199999999999994,5.447999999999994,0.05,0.4062047600746155
4967,5.999999999999995,5.489999999999994,0.05,0.013758041895925999
4968,3.8999999999999986,5.4379999999999935,0.05,0.800107479095459
4969,3.8999999999999986,5.347999999999994,0.05,1.2283529043197632
4970,4.999999999999995,5.369999999999994,0.05,0.030058857053518295
4971,4.4999999999999964,5.381999999999994,0.05,0.37339165806770325
4972,3.8999999999999986,5.3819999999999935,0.05,0.4165966212749481
4973,6.5999999999999925,5.435999999999994,0.05,0.49135997891426086
4974,3.8999999999999986,5.4219999999999935,0.05,0.4311598539352417
4975,4.799999999999995,5.439999999999994,0.05,0.0036207656376063824
4976,10.89999999999998,5.575999999999994,0.05,0.40194180607795715
4977,3.8999999999999986,5.575999999999993,0.05,0.887966513633728
4978,4.4999999999999964,5.497999999999995,0.05,0.5908666253089905
4979,3.8999999999999986,5.487999999999994,0.05,0.4498933255672455
4980,3.8999999999999986,5.487999999999994,0.05,0.4333972632884979
4981,3.8999999999999986,5.487999999999992,0.05,0.4739052951335907
4982,3.8999999999999986,5.433999999999994,0.05,0.4280751645565033
4983,4.899999999999995,5.453999999999994,0.05,0.017793778330087662
4984,3.8999999999999986,5.443999999999994,0.05,0.004237312823534012
4985,4.099999999999998,5.357999999999995,0.05,0.39326196908950806
4986,9.199999999999983,5.463999999999995,0.05,0.00456748902797699
4987,3.8999999999999986,5.463999999999993,0.05,0.4624602794647217
4988,22.40000000000006,5.833999999999995,0.05,0.46055930852890015
4989,6.5999999999999925,5.797999999999995,0.05,0.00749010406434536
4990,13.99999999999997,5.909999999999994,0.05,0.017222147434949875
4991,8.399999999999986,5.983999999999994,0.05,0.004618800710886717
4992,3.8999999999999986,5.983999999999994,0.05,0.41124460101127625
4993,8.399999999999986,5.983999999999994,0.05,0.4189901053905487
4994,4.599999999999996,5.997999999999995,0.05,0.42689254879951477
4995,3.8999999999999986,5.997999999999995,0.05,0.028281357139348984
4996,3.8999999999999986,5.983999999999994,0.05,0.06803908199071884
4997,15.699999999999978,6.0819999999999945,0.05,0.4712720215320587
4998,8.399999999999986,6.171999999999994,0.05,0.817787766456604
4999,17.90000000000001,6.4519999999999955,0.05,0.013048611581325531
5000,4.799999999999995,6.447999999999996,0.05,0.4636257290840149
5001,4.399999999999997,6.449999999999996,0.05,0.4213605523109436
5002,3.8999999999999986,6.403999999999994,0.05,1.2242493629455566
5003,3.8999999999999986,6.359999999999996,0.05,0.38777342438697815
5004,4.299999999999997,6.367999999999996,0.05,0.8650144934654236
5005,4.399999999999997,6.287999999999996,0.05,1.6804614067077637
5006,8.399999999999986,6.235999999999994,0.05,0.8138749599456787
5007,3.8999999999999986,6.2339999999999955,0.05,0.011648343876004219
5008,4.799999999999995,6.251999999999996,0.05,0.8407119512557983
5009,4.1999999999999975,6.257999999999995,0.05,0.002761923475190997
5010,3.8999999999999986,6.077999999999995,0.05,0.443269282579422
5011,4.1999999999999975,5.993999999999995,0.05,0.009441898204386234
5012,8.399999999999986,6.083999999999996,0.05,0.411800742149353
5013,3.9999999999999982,6.069999999999996,0.05,0.0093282051384449
5014,3.8999999999999986,6.059999999999995,0.05,0.4408608675003052
5015,8.399999999999986,6.149999999999995,0.05,0.39541611075401306
5016,3.8999999999999986,6.1039999999999965,0.05,0.8468634486198425
5017,3.8999999999999986,6.061999999999995,0.05,0.014602193608880043
5018,4.299999999999997,6.069999999999997,0.05,0.06271328777074814
5019,4.299999999999997,6.077999999999996,0.05,0.40036651492118835
5020,3.8999999999999986,6.055999999999996,0.05,0.423218697309494
5021,4.4999999999999964,6.055999999999996,0.05,0.017303863540291786
5022,8.399999999999986,6.145999999999997,0.05,0.4150950312614441
5023,3.8999999999999986,6.091999999999996,0.05,0.4616464674472809
5024,5.999999999999995,6.133999999999997,0.05,0.39452284574508667
5025,4.799999999999995,6.133999999999997,0.05,0.43214505910873413
5026,6.799999999999992,6.051999999999997,0.05,0.42391473054885864
5027,4.4999999999999964,6.063999999999997,0.05,0.7825899124145508
5028,3.8999999999999986,6.051999999999996,0.05,0.8336917757987976
5029,4.899999999999995,6.071999999999996,0.05,1.2775251865386963
5030,8.399999999999986,6.1619999999999955,0.05,0.8658272624015808
5031,8.499999999999986,6.253999999999996,0.05,0.8518752455711365
5032,3.8999999999999986,6.253999999999995,0.05,0.7966471910476685
5033,3.8999999999999986,6.233999999999994,0.05,0.4393334686756134
5034,4.699999999999996,6.249999999999995,0.05,0.40056076645851135
5035,8.599999999999985,6.339999999999995,0.05,0.023288389667868614
5036,8.399999999999986,6.323999999999995,0.05,0.008408566936850548
5037,10.699999999999982,6.459999999999995,0.05,0.011535048484802246
5038,4.1999999999999975,6.095999999999993,0.05,1.7006551027297974
5039,3.8999999999999986,6.041999999999993,0.05,0.4795781373977661
5040,4.899999999999995,5.859999999999993,0.05,0.7953505516052246
5041,3.9999999999999982,5.771999999999994,0.05,0.856560468673706
5042,3.9999999999999982,5.773999999999994,0.05,0.41661423444747925
5043,6.799999999999992,5.741999999999995,0.05,0.43506869673728943
5044,3.8999999999999986,5.727999999999995,0.05,1.2168657779693604
5045,8.399999999999986,5.817999999999994,0.05,1.3235222101211548
5046,13.499999999999972,6.009999999999994,0.05,0.007910585962235928
5047,3.8999999999999986,5.773999999999994,0.05,0.0036618472076952457
5048,4.899999999999995,5.703999999999994,0.05,0.8186827898025513
5049,6.499999999999993,5.475999999999995,0.05,0.0021101953461766243
5050,4.099999999999998,5.461999999999994,0.05,0.0033396908547729254
5051,6.799999999999992,5.5099999999999945,0.05,0.7918767929077148
5052,3.8999999999999986,5.5099999999999945,0.05,1.229114055633545
5053,8.399999999999986,5.599999999999993,0.05,0.009671013802289963
5054,6.699999999999992,5.6479999999999935,0.05,0.7994894981384277
5055,4.599999999999996,5.651999999999995,0.05,0.025248553603887558
5056,3.8999999999999986,5.561999999999994,0.05,0.8609260320663452
5057,3.8999999999999986,5.561999999999994,0.05,0.4275984466075897
5058,3.8999999999999986,5.543999999999993,0.05,0.39781108498573303
5059,6.799999999999992,5.595999999999993,0.05,0.013876684941351414
5060,12.999999999999973,5.777999999999994,0.05,0.4596003592014313
5061,9.199999999999983,5.877999999999994,0.05,0.024033337831497192
5062,4.599999999999996,5.801999999999993,0.05,0.7873413562774658
5063,8.399999999999986,5.8899999999999935,0.05,0.06874755024909973
5064,3.8999999999999986,5.8899999999999935,0.05,0.41260427236557007
5065,3.8999999999999986,5.799999999999992,0.05,0.387299120426178
5066,8.599999999999985,5.893999999999992,0.05,0.41370275616645813
5067,8.399999999999986,5.983999999999992,0.05,0.8647655248641968
5068,5.999999999999995,6.017999999999993,0.05,0.8742088079452515
5069,4.899999999999995,6.029999999999993,0.05,0.008484560996294022
5070,8.699999999999985,6.125999999999992,0.05,0.006542489863932133
5071,12.999999999999973,6.295999999999992,0.05,0.8503004908561707
5072,6.099999999999994,6.249999999999993,0.05,0.8121325373649597
5073,3.8999999999999986,6.249999999999993,0.05,0.8636046648025513
5074,4.4999999999999964,6.219999999999992,0.05,0.40940412878990173
5075,8.399999999999986,6.291999999999991,0.05,0.8173636198043823
5076,6.5999999999999925,6.287999999999991,0.05,0.42587560415267944
5077,18.00000000000001,6.557999999999992,0.05,0.3751383423805237
5078,3.8999999999999986,6.557999999999992,0.05,0.39072176814079285
5079,3.8999999999999986,6.5379999999999905,0.05,0.42684951424598694
5080,3.8999999999999986,6.4479999999999915,0.05,0.4675373435020447
5081,3.8999999999999986,6.355999999999992,0.05,0.7861226201057434
5082,9.299999999999983,6.4639999999999915,0.05,0.8290984630584717
5083,11.29999999999998,6.611999999999991,0.05,0.7986416816711426
5084,6.199999999999994,6.641999999999991,0.05,0.0010126722045242786
5085,3.8999999999999986,6.547999999999991,0.05,0.01018688827753067
5086,6.099999999999994,6.501999999999992,0.05,0.0063336873427033424
5087,3.8999999999999986,6.3659999999999926,0.05,0.8894321918487549
5088,8.399999999999986,6.449999999999992,0.05,0.004430775530636311
5089,3.8999999999999986,6.449999999999992,0.05,0.42882269620895386
5090,6.099999999999994,6.473999999999992,0.05,0.39954352378845215
5091,4.1999999999999975,6.4779999999999935,0.05,0.00281558302231133
5092,6.299999999999994,6.523999999999993,0.05,0.4581667184829712
5093,3.8999999999999986,6.465999999999993,0.05,1.2743000984191895
5094,4.299999999999997,6.473999999999993,0.05,0.009550206363201141
5095,3.8999999999999986,6.383999999999993,0.05,0.016511306166648865
5096,6.399999999999993,6.241999999999993,0.05,0.38942602276802063
5097,10.799999999999981,6.379999999999993,0.05,0.0029695043340325356
5098,8.399999999999986,6.449999999999992,0.05,0.011486856266856194
5099,3.8999999999999986,6.397999999999993,0.05,0.06212133541703224
5100,17.90000000000001,6.673999999999993,0.05,0.8718630075454712
5101,4.1999999999999975,6.621999999999994,0.05,0.4161336123943329
5102,3.9999999999999982,6.623999999999993,0.05,0.8409531116485596
5103,3.8999999999999986,6.533999999999993,0.05,0.005104427691549063
5104,3.9999999999999982,6.479999999999993,0.05,0.4161786139011383
5105,3.8999999999999986,6.465999999999993,0.05,0.04408024251461029
5106,3.8999999999999986,6.465999999999992,0.05,0.011523718014359474
5107,8.799999999999985,6.563999999999993,0.05,0.43045786023139954
5108,3.8999999999999986,6.563999999999994,0.05,0.7876414060592651
5109,6.199999999999994,6.5519999999999925,0.05,0.006451352499425411
5110,6.5999999999999925,6.423999999999993,0.05,0.8048058748245239
5111,8.399999999999986,6.407999999999992,0.05,0.4043789803981781
5112,5.999999999999995,6.435999999999995,0.05,0.007233543787151575
5113,6.299999999999994,6.393999999999994,0.05,1.2051047086715698
5114,6.499999999999993,6.445999999999994,0.05,0.8001548051834106
5115,20.30000000000003,6.773999999999994,0.05,0.4003196656703949
5116,12.899999999999974,6.859999999999994,0.05,0.38271743059158325
5117,6.699999999999992,6.825999999999994,0.05,1.166892409324646
5118,3.8999999999999986,6.7839999999999945,0.05,0.4222128093242645
5119,4.799999999999995,6.781999999999995,0.05,0.00976061262190342
5120,8.399999999999986,6.7759999999999945,0.05,0.3973308503627777
5121,3.8999999999999986,6.593999999999994,0.05,0.004628093913197517
5122,6.399999999999993,6.599999999999994,0.05,0.04099307954311371
5123,12.899999999999974,6.779999999999996,0.05,0.414174884557724
5124,8.399999999999986,6.857999999999995,0.05,0.4511721134185791
5125,6.199999999999994,6.813999999999994,0.05,0.43165814876556396
5126,3.8999999999999986,6.7599999999999945,0.05,0.8346226215362549
5127,11.09999999999998,6.621999999999994,0.05,0.4268615245819092
5128,12.899999999999974,6.8019999999999925,0.05,0.008350768126547337
5129,3.8999999999999986,6.801999999999993,0.05,0.040849871933460236
5130,6.299999999999994,6.849999999999993,0.05,0.0012437390396371484
5131,6.499999999999993,6.901999999999995,0.05,0.4528099000453949
5132,3.8999999999999986,6.793999999999993,0.05,0.38666605949401855
5133,6.399999999999993,6.6959999999999935,0.05,0.4198441505432129
5134,6.699999999999992,6.705999999999993,0.05,1.5836642980575562
5135,6.099999999999994,6.749999999999993,0.05,0.03191215172410011
5136,3.8999999999999986,6.705999999999992,0.05,0.4463774561882019
5137,8.399999999999986,6.795999999999992,0.05,0.0033487887121737003
5138,5.999999999999995,6.747999999999993,0.05,0.7849324941635132
5139,4.699999999999996,6.763999999999993,0.05,1.19910728931427
5140,4.899999999999995,6.739999999999992,0.05,0.7542229294776917
5141,3.8999999999999986,6.733999999999993,0.05,0.37662798166275024
5142,3.8999999999999986,6.685999999999992,0.05,0.39451268315315247
5143,4.999999999999995,6.707999999999993,0.05,0.4053189158439636
5144,3.8999999999999986,6.699999999999993,0.05,0.025551825761795044
5145,3.8999999999999986,6.699999999999993,0.05,0.016299016773700714
5146,3.8999999999999986,6.649999999999993,0.05,0.41999635100364685
5147,3.8999999999999986,6.511999999999993,0.05,0.4011334776878357
5148,4.699999999999996,6.4379999999999935,0.05,0.011051874607801437
5149,4.099999999999998,6.441999999999995,0.05,0.007561239879578352
5150,3.8999999999999986,6.161999999999994,0.05,0.03457712382078171
5151,3.8999999999999986,6.1559999999999935,0.05,0.8318113088607788
5152,3.8999999999999986,6.153999999999994,0.05,0.3751557469367981
5153,6.399999999999993,6.203999999999994,0.05,0.0029244970064610243
5154,3.8999999999999986,6.201999999999994,0.05,0.8428131341934204
5155,4.599999999999996,6.215999999999995,0.05,0.008754217997193336
5156,5.999999999999995,6.257999999999995,0.05,0.7594833374023438
5157,6.099999999999994,6.203999999999994,0.05,0.004545373842120171
5158,3.8999999999999986,6.203999999999994,0.05,0.0234382264316082
5159,4.699999999999996,6.173999999999993,0.05,1.1884140968322754
5160,3.8999999999999986,6.119999999999994,0.05,0.7898890376091003
5161,3.8999999999999986,6.029999999999993,0.05,0.002539721317589283
5162,3.8999999999999986,5.987999999999994,0.05,0.4058191478252411
5163,5.999999999999995,5.981999999999994,0.05,0.0025666244328022003
5164,6.199999999999994,5.9759999999999955,0.05,1.191141128540039
5165,3.8999999999999986,5.6479999999999935,0.05,0.002698182128369808
5166,3.8999999999999986,5.467999999999993,0.05,0.43450725078582764
5167,4.999999999999995,5.433999999999994,0.05,0.8029248714447021
5168,6.099999999999994,5.477999999999995,0.05,0.0026237093843519688
5169,6.299999999999994,5.507999999999994,0.05,0.04785025864839554
5170,8.899999999999984,5.517999999999994,0.05,0.7959491014480591
5171,3.9999999999999982,5.519999999999994,0.05,0.7644252181053162
5172,8.799999999999985,5.567999999999995,0.05,0.017681172117590904
5173,8.399999999999986,5.477999999999995,0.05,0.004738645628094673
5174,4.1999999999999975,5.393999999999994,0.05,0.0021719811484217644
5175,3.8999999999999986,5.347999999999994,0.05,0.46842727065086365
5176,4.699999999999996,5.363999999999994,0.05,0.4419891834259033
5177,4.599999999999996,5.233999999999996,0.05,0.7915211915969849
5178,6.199999999999994,5.099999999999995,0.05,0.0284794382750988
5179,6.799999999999992,5.157999999999995,0.05,0.006501735653728247
5180,8.399999999999986,5.199999999999996,0.05,0.004976346623152494
5181,3.8999999999999986,5.147999999999995,0.05,0.008792524226009846
5182,3.8999999999999986,5.147999999999995,0.05,0.018841199576854706
5183,4.4999999999999964,5.109999999999996,0.05,0.43296757340431213
5184,3.9999999999999982,5.055999999999996,0.05,0.011504852212965488
5185,3.8999999999999986,5.011999999999995,0.05,0.38311323523521423
5186,3.8999999999999986,5.011999999999996,0.05,0.7345907688140869
5187,4.4999999999999964,4.933999999999996,0.05,1.577633261680603
5188,3.8999999999999986,4.891999999999997,0.05,0.7935449481010437
5189,4.4999999999999964,4.887999999999996,0.05,0.0017363959923386574
5190,12.899999999999974,5.0479999999999965,0.05,0.8254948854446411
5191,12.899999999999974,5.227999999999995,0.05,0.4049934148788452
5192,4.899999999999995,5.247999999999995,0.05,0.8207424879074097
5193,8.399999999999986,5.3159999999999945,0.05,0.3698394298553467
5194,10.499999999999982,5.447999999999995,0.05,0.008211025968194008
5195,4.999999999999995,5.469999999999994,0.05,0.3926909565925598
5196,12.899999999999974,5.649999999999994,0.05,0.7369484901428223
5197,6.099999999999994,5.693999999999994,0.05,0.014430089853703976
5198,-0.8999999999999986,5.581999999999994,0.05,0.025514934211969376
5199,4.1999999999999975,5.583999999999994,0.05,0.4340914487838745
5200,6.699999999999992,5.6399999999999935,0.05,0.41857799887657166
5201,8.399999999999986,5.729999999999993,0.05,0.43498069047927856
5202,10.699999999999982,5.865999999999993,0.05,0.43084681034088135
5203,3.8999999999999986,5.815999999999994,0.05,0.015442490577697754
5204,8.799999999999985,5.913999999999993,0.05,0.7734051942825317
5205,4.599999999999996,5.913999999999994,0.05,0.7534023523330688
5206,3.8999999999999986,5.871999999999994,0.05,1.1351068019866943
5207,12.999999999999973,6.009999999999994,0.05,0.7725661396980286
5208,3.8999999999999986,6.009999999999994,0.05,0.0023465685080736876
5209,8.599999999999985,6.087999999999991,0.05,0.40085312724113464
5210,9.399999999999983,6.1979999999999915,0.05,1.2108361721038818
5211,12.899999999999974,6.377999999999991,0.05,0.4037419855594635
5212,4.299999999999997,6.385999999999991,0.05,0.4099813997745514
5213,3.8999999999999986,6.3439999999999905,0.05,0.007295412942767143
5214,8.599999999999985,6.391999999999991,0.05,0.8006097674369812
5215,3.8999999999999986,6.391999999999991,0.05,0.006984754465520382
5216,4.1999999999999975,6.397999999999992,0.05,0.7635091543197632
5217,3.8999999999999986,6.3759999999999915,0.05,0.7703005075454712
5218,9.099999999999984,6.435999999999991,0.05,0.7547053098678589
5219,8.399999999999986,6.477999999999991,0.05,0.003311836626380682
5220,8.399999999999986,6.467999999999992,0.05,0.3979753255844116
5221,13.199999999999973,6.65199999999999,0.05,0.758350133895874
5222,10.799999999999981,6.69199999999999,0.05,0.39159542322158813
5223,13.69999999999997,6.79799999999999,0.05,0.3659452795982361
5224,22.40000000000006,7.161999999999991,0.05,0.010204683057963848
5225,20.500000000000032,7.493999999999992,0.05,0.008039960637688637
5226,3.9999999999999982,7.479999999999992,0.05,0.3838498890399933
5227,3.8999999999999986,7.465999999999992,0.05,0.7520565986633301
5228,3.8999999999999986,7.419999999999991,0.05,0.013468138873577118
5229,31.900000000000162,7.921999999999994,0.05,0.37823575735092163
5230,4.299999999999997,7.839999999999995,0.05,0.004992619156837463
5231,3.8999999999999986,7.839999999999996,0.05,0.7875723838806152
5232,17.90000000000001,8.119999999999997,0.05,1.2087774276733398
5233,18.70000000000002,8.403999999999998,0.05,0.7951353788375854
5234,3.8999999999999986,8.401999999999997,0.05,0.36349496245384216
5235,3.8999999999999986,8.401999999999996,0.05,0.00998886302113533
5236,3.8999999999999986,8.401999999999996,0.05,0.38252103328704834
5237,20.200000000000028,8.715999999999998,0.05,0.4149704873561859
5238,8.399999999999986,8.805999999999997,0.05,0.006621415726840496
5239,3.8999999999999986,8.793999999999997,0.05,0.40881919860839844
5240,8.799999999999985,8.711999999999996,0.05,0.38165581226348877
5241,3.8999999999999986,8.531999999999996,0.05,0.3921378552913666
5242,4.799999999999995,8.529999999999998,0.05,0.46017587184906006
5243,4.099999999999998,8.443999999999999,0.05,0.7750762104988098
5244,3.8999999999999986,8.311999999999998,0.05,0.363908588886261
5245,8.399999999999986,8.379999999999997,0.05,0.00740229245275259
5246,12.899999999999974,8.379999999999997,0.05,0.4079640805721283
5247,3.8999999999999986,8.335999999999999,0.05,0.36216267943382263
5248,5.999999999999995,8.473999999999998,0.05,0.3694838285446167
5249,13.79999999999997,8.665999999999997,0.05,0.037050969898700714
5250,8.599999999999985,8.703999999999997,0.05,0.40997442603111267
5251,3.8999999999999986,8.613999999999997,0.05,0.3926558494567871
5252,8.399999999999986,8.567999999999998,0.05,0.021832458674907684
5253,12.899999999999974,8.747999999999998,0.05,0.04124176502227783
5254,10.89999999999998,8.789999999999997,0.05,0.004270764533430338
5255,3.8999999999999986,8.775999999999996,0.05,0.01497630774974823
5256,8.399999999999986,8.865999999999996,0.05,0.44641461968421936
5257,3.8999999999999986,8.683999999999997,0.05,0.4039115905761719
5258,4.799999999999995,8.701999999999996,0.05,0.4132665991783142
5259,3.8999999999999986,8.607999999999997,0.05,0.00983835756778717
5260,3.8999999999999986,8.497999999999998,0.05,0.00773533945903182
5261,4.999999999999995,8.339999999999998,0.05,0.004874345846474171
5262,3.8999999999999986,8.331999999999999,0.05,0.4216129779815674
5263,12.899999999999974,8.511999999999999,0.05,0.3968805968761444
5264,6.299999999999994,8.465999999999998,0.05,0.0021418666001409292
5265,4.1999999999999975,8.471999999999998,0.05,0.009033963084220886
5266,4.599999999999996,8.479999999999999,0.05,0.018048161640763283
5267,8.399999999999986,8.569999999999999,0.05,0.37836170196533203
5268,3.8999999999999986,8.465999999999998,0.05,0.3886988162994385
5269,3.8999999999999986,8.375999999999998,0.05,0.37157323956489563
5270,3.8999999999999986,8.285999999999998,0.05,0.0073792096227407455
5271,12.899999999999974,8.279999999999998,0.05,0.00847863219678402
5272,12.899999999999974,8.322,0.05,0.708650529384613
5273,3.8999999999999986,8.126,0.05,0.012433933094143867
5274,4.1999999999999975,7.761999999999997,0.05,0.7806779146194458
5275,3.8999999999999986,7.429999999999996,0.05,0.013543980196118355
5276,3.8999999999999986,7.427999999999997,0.05,0.007434932980686426
5277,3.8999999999999986,7.427999999999997,0.05,0.7773494720458984
5278,8.399999999999986,7.517999999999996,0.05,0.007224249187856913
5279,8.399999999999986,7.047999999999993,0.05,0.7684869766235352
5280,22.40000000000006,7.409999999999994,0.05,1.1862895488739014
5281,4.1999999999999975,7.415999999999994,0.05,0.7265399694442749
5282,8.499999999999986,7.2279999999999935,0.05,0.3796393871307373
5283,3.8999999999999986,6.931999999999993,0.05,1.1066771745681763
5284,8.399999999999986,7.021999999999994,0.05,0.39549681544303894
5285,12.899999999999974,7.201999999999994,0.05,0.012101983651518822
5286,20.30000000000003,7.529999999999994,0.05,0.34250274300575256
5287,3.299999999999999,7.191999999999994,0.05,0.03290770947933197
5288,3.8999999999999986,7.101999999999993,0.05,1.1588157415390015
5289,8.399999999999986,7.191999999999992,0.05,0.77354896068573
5290,18.70000000000002,7.389999999999994,0.05,0.35955166816711426
5291,17.90000000000001,7.6699999999999955,0.05,0.409900426864624
5292,3.8999999999999986,7.651999999999995,0.05,0.0008804182871244848
5293,12.899999999999974,7.827999999999992,0.05,0.02323596365749836
5294,4.999999999999995,7.849999999999993,0.05,0.7480574250221252
5295,4.299999999999997,7.767999999999994,0.05,0.6712644696235657
5296,12.899999999999974,7.767999999999994,0.05,0.38850048184394836
5297,6.399999999999993,7.8179999999999925,0.05,0.3592550456523895
5298,4.699999999999996,7.791999999999993,0.05,0.37540870904922485
5299,4.299999999999997,7.601999999999993,0.05,0.013899974524974823
5300,6.399999999999993,7.557999999999994,0.05,0.008936882019042969
5301,3.8999999999999986,7.557999999999993,0.05,0.0076197851449251175
5302,3.8999999999999986,7.467999999999994,0.05,0.7262197732925415
5303,3.8999999999999986,7.287999999999994,0.05,0.006136740557849407
5304,4.099999999999998,7.151999999999996,0.05,0.7579705119132996
5305,8.399999999999986,7.2419999999999956,0.05,0.014621845446527004
5306,3.8999999999999986,7.151999999999995,0.05,0.002498266287147999
5307,3.9999999999999982,7.153999999999994,0.05,0.011027656495571136
5308,4.399999999999997,7.145999999999995,0.05,1.4990112781524658
5309,3.8999999999999986,7.145999999999995,0.05,0.36991453170776367
5310,8.799999999999985,7.243999999999995,0.05,0.01435772329568863
5311,3.8999999999999986,7.221999999999995,0.05,0.7392497062683105
5312,3.8999999999999986,7.221999999999993,0.05,0.35543057322502136
5313,8.399999999999986,7.131999999999994,0.05,0.009044220671057701
5314,3.8999999999999986,7.083999999999995,0.05,0.36579081416130066
5315,6.199999999999994,7.123999999999995,0.05,0.06119201332330704
5316,6.5999999999999925,7.163999999999994,0.05,0.7462230920791626
5317,22.40000000000006,7.443999999999996,0.05,0.3766012191772461
5318,4.799999999999995,7.461999999999996,0.05,0.762527585029602
5319,3.8999999999999986,7.461999999999997,0.05,0.39057955145835876
5320,3.8999999999999986,7.461999999999996,0.05,0.34878143668174744
5321,8.399999999999986,7.371999999999996,0.05,0.021433431655168533
5322,13.79999999999997,7.389999999999995,0.05,0.0008668649243190885
5323,12.899999999999974,7.569999999999997,0.05,1.0787383317947388
5324,3.8999999999999986,7.5639999999999965,0.05,0.37489569187164307
5325,3.8999999999999986,7.563999999999996,0.05,0.7575275897979736
5326,4.899999999999995,7.583999999999995,0.05,0.7384440302848816
5327,3.8999999999999986,7.583999999999996,0.05,0.3826555013656616
5328,27.80000000000012,7.971999999999998,0.05,0.8041219115257263
5329,6.399999999999993,7.9319999999999995,0.05,0.3729015588760376
5330,4.899999999999995,7.581999999999997,0.05,1.1170847415924072
5331,6.299999999999994,7.623999999999998,0.05,0.4023602306842804
5332,4.4999999999999964,7.543999999999998,0.05,0.3553121089935303
5333,9.299999999999983,7.651999999999998,0.05,0.3487502932548523
5334,6.299999999999994,7.6099999999999985,0.05,0.41893187165260315
5335,3.8999999999999986,7.429999999999999,0.05,0.36148959398269653
5336,3.9999999999999982,7.1039999999999965,0.05,0.012374131008982658
5337,3.8999999999999986,7.115999999999997,0.05,0.3913358449935913
5338,3.8999999999999986,7.115999999999997,0.05,0.7273674607276917
5339,6.699999999999992,7.081999999999997,0.05,0.003676663152873516
5340,3.8999999999999986,6.785999999999997,0.05,0.01474714558571577
5341,3.8999999999999986,6.505999999999997,0.05,0.38088157773017883
5342,8.899999999999984,6.605999999999997,0.05,0.4000982344150543
5343,6.5999999999999925,6.479999999999997,0.05,0.7456246614456177
5344,5.999999999999995,6.4999999999999964,0.05,0.3719142973423004
5345,4.099999999999998,6.495999999999999,0.05,0.3873136341571808
5346,8.399999999999986,6.405999999999997,0.05,0.7479524612426758
5347,8.399999999999986,6.445999999999997,0.05,0.0016574912006035447
5348,3.8999999999999986,6.429999999999996,0.05,0.7275683879852295
5349,6.699999999999992,6.477999999999998,0.05,0.0071825552731752396
5350,6.399999999999993,6.477999999999996,0.05,0.7057467699050903
5351,4.699999999999996,6.493999999999997,0.05,0.7207661271095276
5352,8.599999999999985,6.587999999999997,0.05,0.008872677572071552
5353,6.199999999999994,6.633999999999998,0.05,0.7497418522834778
5354,8.399999999999986,6.719999999999996,0.05,0.018082689493894577
5355,9.199999999999983,6.735999999999997,0.05,0.40481317043304443
5356,18.500000000000018,7.027999999999997,0.05,0.35144340991973877
5357,8.399999999999986,7.115999999999997,0.05,0.7153002023696899
5358,6.799999999999992,7.163999999999998,0.05,0.010914006270468235
5359,9.099999999999984,7.267999999999996,0.05,0.34702268242836
5360,4.299999999999997,7.177999999999996,0.05,0.4115959107875824
5361,11.29999999999998,7.325999999999996,0.05,0.41676953434944153
5362,6.199999999999994,7.371999999999996,0.05,0.01870689168572426
5363,13.79999999999997,7.479999999999995,0.05,0.7089493274688721
5364,9.399999999999983,7.589999999999995,0.05,0.3508526384830475
5365,8.399999999999986,7.633999999999995,0.05,0.001044725882820785
5366,3.8999999999999986,7.579999999999996,0.05,0.7079911828041077
5367,4.099999999999998,7.213999999999994,0.05,0.375700980424881
5368,8.399999999999986,7.285999999999994,0.05,0.40932413935661316
5369,3.8999999999999986,7.285999999999994,0.05,0.3714863359928131
5370,22.40000000000006,7.655999999999994,0.05,0.0066823167726397514
5371,6.299999999999994,7.613999999999995,0.05,0.7432653903961182
5372,3.8999999999999986,7.415999999999996,0.05,0.001588198123499751
5373,15.79999999999998,7.473999999999994,0.05,0.016941267997026443
5374,3.8999999999999986,7.473999999999995,0.05,1.0821740627288818
5375,8.399999999999986,7.563999999999996,0.05,0.34917911887168884
5376,8.499999999999986,7.635999999999997,0.05,0.36396828293800354
5377,3.8999999999999986,7.635999999999996,0.05,0.3715853691101074
5378,8.399999999999986,7.247999999999993,0.05,0.0006970450049266219
5379,26.90000000000011,7.657999999999995,0.05,0.0026540253311395645
5380,8.399999999999986,7.727999999999995,0.05,1.0721096992492676
5381,8.399999999999986,7.769999999999995,0.05,0.00905319582670927
5382,6.499999999999993,7.809999999999995,0.05,0.38402047753334045
5383,4.399999999999997,7.711999999999994,0.05,0.3586317002773285
5384,12.899999999999974,7.843999999999994,0.05,0.34303832054138184
5385,4.299999999999997,7.851999999999995,0.05,0.017842547968029976
5386,4.1999999999999975,7.8559999999999945,0.05,1.0333226919174194
5387,6.499999999999993,7.907999999999994,0.05,0.3695971965789795
5388,3.8999999999999986,7.907999999999994,0.05,0.6471900343894958
5389,6.199999999999994,7.8979999999999935,0.05,0.3742431700229645
5390,3.8999999999999986,7.8979999999999935,0.05,0.39067205786705017
5391,3.8999999999999986,7.897999999999993,0.05,0.0067705558612942696
5392,8.999999999999984,7.899999999999993,0.05,0.009255421347916126
5393,8.399999999999986,7.935999999999995,0.05,0.35411208868026733
5394,3.8999999999999986,7.893999999999994,0.05,0.034402526915073395
5395,4.299999999999997,7.8979999999999935,0.05,0.7146230936050415
5396,3.8999999999999986,7.807999999999994,0.05,0.37712225317955017
5397,15.699999999999978,7.953999999999995,0.05,0.002384791150689125
5398,6.799999999999992,8.011999999999995,0.05,0.0021220529451966286
5399,8.399999999999986,8.045999999999996,0.05,0.34711772203445435
5400,8.399999999999986,8.085999999999995,0.05,0.3461831510066986
5401,3.9999999999999982,8.071999999999996,0.05,0.7536302804946899
5402,4.699999999999996,7.993999999999994,0.05,0.37948372960090637
5403,3.8999999999999986,7.947999999999994,0.05,0.3913790285587311
5404,3.8999999999999986,7.857999999999995,0.05,0.007589820772409439
5405,6.399999999999993,7.801999999999993,0.05,1.0794172286987305
5406,8.399999999999986,7.599999999999993,0.05,0.7034607529640198
5407,3.0000000000000013,7.491999999999994,0.05,0.6734458208084106
