episode,return,moving_return,eps,loss
1,40.0,40.0,0.9997625,
2,40.0,40.0,0.9995250000000001,
3,40.0,40.0,0.9992875,
4,40.0,40.0,0.99905,
5,40.0,40.0,0.9988125,
6,40.0,40.0,0.9985750000000001,
7,40.0,40.0,0.9983375,
8,40.0,40.0,0.9981,
9,40.0,40.0,0.9978625,
10,40.0,40.0,0.9976250000000001,
11,40.0,40.0,0.9973875,
12,40.0,40.0,0.99715,
13,40.0,40.0,0.9969125,
14,40.0,40.0,0.9966750000000001,
15,40.0,40.0,0.9964375,
16,40.0,40.0,0.9962,
17,40.0,40.0,0.9959625,
18,40.0,40.0,0.9957250000000001,
19,40.0,40.0,0.9954875,
20,40.0,40.0,0.99525,
21,40.0,40.0,0.9950125000000001,
22,40.0,40.0,0.9947750000000001,
23,40.0,40.0,0.9945375,
24,40.0,40.0,0.9943,
25,40.0,40.0,0.9940625000000001,
26,40.0,40.0,0.9938250000000001,
27,40.0,40.0,0.9935875,
28,40.0,40.0,0.99335,
29,40.0,40.0,0.9931125000000001,
30,40.0,40.0,0.9928750000000001,
31,40.0,40.0,0.9926375,
32,40.0,40.0,0.9924,
33,40.0,40.0,0.9921625000000001,
34,40.0,40.0,0.9919250000000001,
35,40.0,40.0,0.9916874999999999,
36,40.0,40.0,0.9914499999999999,
37,40.0,40.0,0.9912125,
38,40.0,40.0,0.990975,
39,40.0,40.0,0.9907374999999999,
40,40.0,40.0,0.9905,1.6721352338790894
41,40.0,40.0,0.9902625,0.5815498232841492
42,40.0,40.0,0.990025,0.31867098808288574
43,40.0,40.0,0.9897874999999999,1.023367166519165
44,40.0,40.0,0.98955,0.2042480856180191
45,40.0,40.0,0.9893125,0.19709737598896027
46,40.0,40.0,0.989075,0.24748553335666656
47,40.0,40.0,0.9888374999999999,0.07466930150985718
48,40.0,40.0,0.9886,0.9363394975662231
49,40.0,40.0,0.9883625,0.493467777967453
50,40.0,40.0,0.988125,1.4175138473510742
51,40.0,40.0,0.9878874999999999,0.5088682770729065
52,40.0,40.0,0.98765,0.18077512085437775
53,40.0,40.0,0.9874125,0.49068623781204224
54,40.0,40.0,0.987175,0.10438407957553864
55,40.0,40.0,0.9869374999999999,0.2047659456729889
56,40.0,40.0,0.9867,0.34685105085372925
57,40.0,40.0,0.9864625,0.31742554903030396
58,40.0,40.0,0.986225,0.9583696126937866
59,40.0,40.0,0.9859875,0.6976327300071716
60,40.0,40.0,0.98575,0.37948858737945557
61,40.0,40.0,0.9855125,0.2474634349346161
62,40.0,40.0,0.985275,0.16991424560546875
63,40.0,40.0,0.9850375,0.5293774604797363
64,40.0,40.0,0.9848,0.17701266705989838
65,40.0,40.0,0.9845625,0.15366528928279877
66,40.0,40.0,0.984325,0.31259337067604065
67,40.0,40.0,0.9840875,0.5619776248931885
68,40.0,40.0,0.98385,0.2620925307273865
69,40.0,40.0,0.9836125,0.36192771792411804
70,40.0,40.0,0.983375,0.03647636994719505
71,40.0,40.0,0.9831375,0.01500752940773964
72,40.0,40.0,0.9829,0.06657928973436356
73,40.0,40.0,0.9826625,0.48371416330337524
74,40.0,40.0,0.982425,0.1987609565258026
75,40.0,40.0,0.9821875,0.5034757852554321
76,40.0,40.0,0.98195,0.3705082833766937
77,40.0,40.0,0.9817125,0.14020778238773346
78,40.0,40.0,0.981475,0.08202287554740906
79,40.0,40.0,0.9812375,0.5162791609764099
80,40.0,40.0,0.981,0.018709538504481316
81,40.0,40.0,0.9807625,0.021568533033132553
82,40.0,40.0,0.9805250000000001,0.1230124980211258
83,40.0,40.0,0.9802875,0.008996590040624142
84,40.0,40.0,0.98005,0.03394348919391632
85,40.0,40.0,0.9798125,0.004096142016351223
86,40.0,40.0,0.9795750000000001,0.5417050123214722
87,40.0,40.0,0.9793375,0.11867475509643555
88,40.0,40.0,0.9791,0.17209212481975555
89,40.0,40.0,0.9788625,0.23315009474754333
90,40.0,40.0,0.9786250000000001,0.013503508642315865
91,40.0,40.0,0.9783875,0.19543595612049103
92,40.0,40.0,0.97815,0.002504195086658001
93,40.0,40.0,0.9779125,0.10026819258928299
94,40.0,40.0,0.9776750000000001,0.003777225036174059
95,40.0,40.0,0.9774375,0.2943252921104431
96,40.0,40.0,0.9772,0.0012743663974106312
97,40.0,40.0,0.9769625,0.2410227656364441
98,40.0,40.0,0.9767250000000001,0.27496594190597534
99,40.0,40.0,0.9764875,0.15759789943695068
100,40.0,40.0,0.97625,0.2331102192401886
101,40.0,40.0,0.9760125000000001,0.10477431118488312
102,40.0,40.0,0.9757750000000001,0.003597796196117997
103,40.0,40.0,0.9755375,0.19470016658306122
104,40.0,40.0,0.9753,0.1591823548078537
105,40.0,40.0,0.9750625,0.3094756603240967
106,40.0,40.0,0.974825,0.4415585398674011
107,40.0,40.0,0.9745874999999999,0.018851395696401596
108,40.0,40.0,0.9743499999999999,0.3159446120262146
109,40.0,40.0,0.9741125,0.038476258516311646
110,40.0,40.0,0.973875,0.09306123107671738
111,40.0,40.0,0.9736374999999999,0.06619484722614288
112,40.0,40.0,0.9733999999999999,0.009235210716724396
113,40.0,40.0,0.9731625,0.052048005163669586
114,40.0,40.0,0.972925,0.03563857078552246
115,40.0,40.0,0.9726874999999999,0.0017009127186611295
116,40.0,40.0,0.9724499999999999,0.4244558811187744
117,40.0,40.0,0.9722125,0.13955995440483093
118,40.0,40.0,0.971975,0.4267864227294922
119,40.0,40.0,0.9717375,0.20284514129161835
120,40.0,40.0,0.9715,0.021139614284038544
121,40.0,40.0,0.9712625,0.004743082448840141
122,40.0,40.0,0.971025,0.005841961596161127
123,40.0,40.0,0.9707874999999999,0.39738789200782776
124,40.0,40.0,0.97055,0.005931270774453878
125,40.0,40.0,0.9703125,0.15695813298225403
126,40.0,40.0,0.970075,0.016960550099611282
127,40.0,40.0,0.9698375,0.10782859474420547
128,40.0,40.0,0.9696,0.029611259698867798
129,40.0,40.0,0.9693625,0.20264238119125366
130,40.0,40.0,0.969125,0.18966273963451385
131,40.0,40.0,0.9688874999999999,0.009590968489646912
132,40.0,40.0,0.96865,0.011913077905774117
133,40.0,40.0,0.9684125,0.1629876345396042
134,40.0,40.0,0.968175,0.35877227783203125
135,40.0,40.0,0.9679375,0.20008908212184906
136,40.0,40.0,0.9677,0.0033800117671489716
137,40.0,40.0,0.9674625,0.006651899311691523
138,40.0,40.0,0.967225,0.0017070886678993702
139,40.0,40.0,0.9669875,0.01306349691003561
140,40.0,40.0,0.96675,0.028897155076265335
141,40.0,40.0,0.9665125,0.015475990250706673
142,40.0,40.0,0.966275,0.24105072021484375
143,40.0,40.0,0.9660375000000001,0.002567451214417815
144,40.0,40.0,0.9658,0.19847683608531952
145,40.0,40.0,0.9655625,0.03555040806531906
146,40.0,40.0,0.965325,0.2578911781311035
147,40.0,40.0,0.9650875000000001,0.005607845261693001
148,40.0,40.0,0.96485,0.014661913737654686
149,40.0,40.0,0.9646125,0.012887414544820786
150,40.0,40.0,0.964375,0.01662355661392212
151,40.0,40.0,0.9641375000000001,0.10406015068292618
152,40.0,40.0,0.9639,0.0051217772997915745
153,40.0,40.0,0.9636625,0.021912580356001854
154,40.0,40.0,0.963425,0.19908654689788818
155,40.0,40.0,0.9631875000000001,0.022454747930169106
156,40.0,40.0,0.96295,0.005267009139060974
157,40.0,40.0,0.9627125,0.40644049644470215
158,40.0,40.0,0.962475,0.01613115519285202
159,40.0,40.0,0.9622375000000001,0.0034944312646985054
160,40.0,40.0,0.962,0.11801724135875702
161,40.0,40.0,0.9617625,0.10246047377586365
162,40.0,40.0,0.9615250000000001,0.015881024301052094
163,40.0,40.0,0.9612875000000001,0.0028918483294546604
164,40.0,40.0,0.96105,0.006683042272925377
165,40.0,40.0,0.9608125,0.008882647380232811
166,40.0,40.0,0.9605750000000001,0.014308124780654907
167,40.0,40.0,0.9603375000000001,0.012265837751328945
168,40.0,40.0,0.9601,0.006975805852562189
169,40.0,40.0,0.9598625,0.11340208351612091
170,40.0,40.0,0.9596250000000001,0.042324598878622055
171,40.0,40.0,0.9593875000000001,0.0028433259576559067
172,40.0,40.0,0.95915,0.005158764310181141
173,40.0,40.0,0.9589125,0.0047121536917984486
174,40.0,40.0,0.958675,0.09143507480621338
175,40.0,40.0,0.9584375,0.0029720470774918795
176,40.0,40.0,0.9581999999999999,0.004569257143884897
177,40.0,40.0,0.9579624999999999,0.004425690043717623
178,40.0,40.0,0.957725,0.005127795040607452
179,40.0,40.0,0.9574875,0.0011708347592502832
180,40.0,40.0,0.9572499999999999,0.001288982923142612
181,40.0,40.0,0.9570125,0.008213869296014309
182,40.0,40.0,0.956775,0.013323264196515083
183,40.0,40.0,0.9565375,0.006567288655787706
184,40.0,40.0,0.9562999999999999,0.005149663891643286
185,40.0,40.0,0.9560625,0.0009557554149068892
186,40.0,40.0,0.955825,0.2501915693283081
187,40.0,40.0,0.9555875,0.0029751353431493044
188,40.0,40.0,0.9553499999999999,0.0026503789704293013
189,40.0,40.0,0.9551125,0.27361634373664856
190,40.0,40.0,0.954875,0.0049603404477238655
191,40.0,40.0,0.9546375,0.0020187045447528362
192,40.0,40.0,0.9543999999999999,0.004509380552917719
193,40.0,40.0,0.9541625,0.019666455686092377
194,40.0,40.0,0.953925,0.001379660563543439
195,40.0,40.0,0.9536875,0.003372680163010955
196,40.0,40.0,0.9534499999999999,0.003610266838222742
197,40.0,40.0,0.9532125,0.0023158632684499025
198,40.0,40.0,0.952975,0.03413885831832886
199,40.0,40.0,0.9527375,0.001962105045095086
200,40.0,40.0,0.9525,0.002119466196745634
201,40.0,40.0,0.9522625,0.021980125457048416
202,40.0,40.0,0.952025,0.009752348065376282
203,40.0,40.0,0.9517875,0.0019169967854395509
204,40.0,40.0,0.95155,0.01631654053926468
205,40.0,40.0,0.9513125,0.22527295351028442
206,40.0,40.0,0.951075,0.003949185833334923
207,40.0,40.0,0.9508375,0.022264108061790466
208,40.0,40.0,0.9506,0.25561070442199707
209,40.0,40.0,0.9503625,0.5392220616340637
210,40.0,40.0,0.950125,0.008708665147423744
211,40.0,40.0,0.9498875,0.003573920112103224
212,40.0,40.0,0.94965,0.0053707025945186615
213,40.0,40.0,0.9494125,0.006284710485488176
214,40.0,40.0,0.949175,0.011283853091299534
215,40.0,40.0,0.9489375,0.004737888928502798
216,40.0,40.0,0.9487,0.0004582374240271747
217,40.0,40.0,0.9484625,0.000985743012279272
218,40.0,40.0,0.948225,0.010603073984384537
219,40.0,40.0,0.9479875,0.010549266822636127
220,40.0,40.0,0.94775,0.01581323891878128
221,40.0,40.0,0.9475125,0.008160779252648354
222,40.0,40.0,0.947275,0.007440455257892609
223,40.0,40.0,0.9470375000000001,0.008216776885092258
224,40.0,40.0,0.9468,0.008047006092965603
225,40.0,40.0,0.9465625,0.006252848543226719
226,40.0,40.0,0.946325,0.008782471530139446
227,40.0,40.0,0.9460875000000001,0.0014209926594048738
228,40.0,40.0,0.94585,0.0020938641391694546
229,40.0,40.0,0.9456125,0.005251925904303789
230,40.0,40.0,0.945375,0.0010381253669038415
231,40.0,40.0,0.9451375000000001,0.12182425707578659
232,40.0,40.0,0.9449,0.0047962842509150505
233,40.0,40.0,0.9446625,0.0012766873696818948
234,40.0,40.0,0.944425,0.0008015322964638472
235,40.0,40.0,0.9441875000000001,0.005353970918804407
236,40.0,40.0,0.9439500000000001,0.0012666217517107725
237,40.0,40.0,0.9437125,0.0021200980991125107
238,40.0,40.0,0.943475,0.24716487526893616
239,40.0,40.0,0.9432375000000001,0.002756804460659623
240,40.0,40.0,0.943,0.009874868206679821
241,40.0,40.0,0.9427625,0.004800194874405861
242,40.0,40.0,0.9425250000000001,0.0048735677264630795
243,40.0,40.0,0.9422875000000001,0.0020399405620992184
244,40.0,40.0,0.94205,0.0013461202615872025
245,40.0,40.0,0.9418124999999999,0.0014791477005928755
246,40.0,40.0,0.941575,0.014023425057530403
247,40.0,40.0,0.9413375,0.0010971854208037257
248,40.0,40.0,0.9410999999999999,0.007117609027773142
249,40.0,40.0,0.9408624999999999,0.01344365905970335
250,40.0,40.0,0.940625,0.007399208843708038
251,40.0,40.0,0.9403875,0.00319865089841187
252,40.0,40.0,0.94015,0.24193371832370758
253,40.0,40.0,0.9399124999999999,0.005630833562463522
254,40.0,40.0,0.939675,0.0032403338700532913
255,40.0,40.0,0.9394375,0.0019465284422039986
256,40.0,40.0,0.9391999999999999,0.0008860684465616941
257,40.0,40.0,0.9389624999999999,0.0013698856346309185
258,40.0,40.0,0.938725,0.0031146600376814604
259,40.0,40.0,0.9384875,0.0005789299611933529
260,40.0,40.0,0.93825,0.006366020999848843
261,40.0,40.0,0.9380125,0.02715092897415161
262,40.0,40.0,0.937775,0.002615641802549362
263,40.0,40.0,0.9375375,0.0057371738366782665
264,40.0,40.0,0.9372999999999999,0.0021383233834058046
265,40.0,40.0,0.9370625,0.011246388778090477
266,40.0,40.0,0.936825,0.04503067582845688
267,40.0,40.0,0.9365875,0.0015274484176188707
268,40.0,40.0,0.93635,0.001443072222173214
269,40.0,40.0,0.9361125,0.006790577434003353
270,40.0,40.0,0.935875,0.014093085192143917
271,40.0,40.0,0.9356375,0.004977247677743435
272,40.0,40.0,0.9353999999999999,0.002387374173849821
273,40.0,40.0,0.9351625,0.001911642961204052
274,40.0,40.0,0.934925,0.11459477245807648
275,40.0,40.0,0.9346875,0.0058181313797831535
276,40.0,40.0,0.93445,0.0035006776452064514
277,40.0,40.0,0.9342125,0.00453622592613101
278,40.0,40.0,0.933975,0.0028009158559143543
279,40.0,40.0,0.9337375,0.04067748039960861
280,40.0,40.0,0.9335,0.002428928390145302
281,40.0,40.0,0.9332625,0.004968943074345589
282,40.0,40.0,0.933025,0.0122681874781847
283,40.0,40.0,0.9327875,0.009673984721302986
284,40.0,40.0,0.9325500000000001,0.010545624420046806
285,40.0,40.0,0.9323125,0.002459683921188116
286,40.0,40.0,0.932075,0.003127066884189844
287,40.0,40.0,0.9318375,0.09629682451486588
288,40.0,40.0,0.9316000000000001,0.011621526442468166
289,40.0,40.0,0.9313625,0.014429821632802486
290,40.0,40.0,0.931125,0.2167920470237732
291,40.0,40.0,0.9308875,0.027784841135144234
292,40.0,40.0,0.9306500000000001,0.0032976672518998384
293,40.0,40.0,0.9304125,0.2429010570049286
294,40.0,40.0,0.930175,0.21621131896972656
295,40.0,40.0,0.9299375,0.009728913195431232
296,40.0,40.0,0.9297000000000001,0.005942872725427151
297,40.0,40.0,0.9294625,0.03142527863383293
298,40.0,40.0,0.929225,0.0032495795749127865
299,40.0,40.0,0.9289875,0.00927937962114811
300,40.0,40.0,0.9287500000000001,0.005832696333527565
301,40.0,40.0,0.9285125,0.005740574561059475
302,40.0,40.0,0.928275,0.002092375885695219
303,40.0,40.0,0.9280375000000001,0.007584589533507824
304,40.0,40.0,0.9278000000000001,0.004439687356352806
305,40.0,40.0,0.9275625,0.004526528064161539
306,40.0,40.0,0.927325,0.0014472249895334244
307,40.0,40.0,0.9270875000000001,0.005269430577754974
308,40.0,40.0,0.9268500000000001,0.005358961410820484
309,40.0,40.0,0.9266125,0.0030861767008900642
310,40.0,40.0,0.926375,0.007372397929430008
311,40.0,40.0,0.9261375000000001,0.002021108753979206
312,40.0,40.0,0.9259000000000001,0.004327031783759594
313,40.0,40.0,0.9256624999999999,0.007255563046783209
314,40.0,40.0,0.9254249999999999,0.005224401131272316
315,40.0,40.0,0.9251875,0.015710467472672462
316,40.0,40.0,0.92495,0.002209348836913705
317,40.0,40.0,0.9247124999999999,0.004125082865357399
318,40.0,40.0,0.9244749999999999,0.025883683934807777
319,40.0,40.0,0.9242375,0.050049927085638046
320,40.0,40.0,0.924,0.19203327596187592
321,40.0,40.0,0.9237624999999999,0.031163234263658524
322,40.0,40.0,0.923525,0.006895998492836952
323,40.0,40.0,0.9232875,0.014127098023891449
324,40.0,40.0,0.92305,0.17182140052318573
325,40.0,40.0,0.9228124999999999,0.004870547913014889
326,40.0,40.0,0.922575,0.009124565869569778
327,40.0,40.0,0.9223375,0.0175677128136158
328,40.0,40.0,0.9221,0.0065455567091703415
329,40.0,40.0,0.9218624999999999,0.009888855740427971
330,40.0,40.0,0.921625,0.015627272427082062
331,40.0,40.0,0.9213875,0.011708425357937813
332,40.0,40.0,0.92115,0.004922846332192421
333,40.0,40.0,0.9209124999999999,0.15559811890125275
334,40.0,40.0,0.920675,0.009387614205479622
335,40.0,40.0,0.9204375,0.003303554141893983
336,40.0,40.0,0.9202,0.0084524629637599
337,40.0,40.0,0.9199624999999999,0.020885447040200233
338,40.0,40.0,0.919725,0.3038710653781891
339,40.0,40.0,0.9194875,0.35490405559539795
340,40.0,40.0,0.91925,0.025369472801685333
341,40.0,40.0,0.9190125,0.007849441841244698
342,40.0,40.0,0.918775,0.1738257110118866
343,40.0,40.0,0.9185375,0.13545681536197662
344,40.0,40.0,0.9183,0.16496184468269348
345,40.0,40.0,0.9180625000000001,0.19154083728790283
346,40.0,40.0,0.917825,0.0040428126230835915
347,40.0,40.0,0.9175875,0.00442198570817709
348,40.0,40.0,0.91735,0.015194505453109741
349,40.0,40.0,0.9171125,0.01868252456188202
350,40.0,40.0,0.916875,0.012879017740488052
351,40.0,40.0,0.9166375,0.037400148808956146
352,40.0,40.0,0.9164,0.022130001336336136
353,40.0,40.0,0.9161625000000001,0.037822335958480835
354,40.0,40.0,0.915925,0.009514836594462395
355,40.0,40.0,0.9156875,0.14914774894714355
356,40.0,40.0,0.91545,0.0194243174046278
357,40.0,40.0,0.9152125,0.015360523015260696
358,40.0,40.0,0.914975,0.0446113720536232
359,40.0,40.0,0.9147375,0.009735524654388428
360,40.0,40.0,0.9145,0.03938046842813492
361,40.0,40.0,0.9142625000000001,0.21900150179862976
362,40.0,40.0,0.914025,0.2534286677837372
363,40.0,40.0,0.9137875,0.09146001189947128
364,40.0,40.0,0.9135500000000001,0.09423202276229858
365,40.0,40.0,0.9133125,0.11952953040599823
366,40.0,40.0,0.913075,0.13052570819854736
367,40.0,40.0,0.9128375,0.16453543305397034
368,40.0,40.0,0.9126000000000001,0.10108542442321777
369,40.0,40.0,0.9123625000000001,0.0671268031001091
370,40.0,40.0,0.912125,0.1504214107990265
371,40.0,40.0,0.9118875,0.12774625420570374
372,40.0,40.0,0.9116500000000001,0.060973040759563446
373,40.0,40.0,0.9114125,0.03322261571884155
374,40.0,40.0,0.911175,0.07607747614383698
375,40.0,40.0,0.9109375,0.05761206895112991
376,40.0,40.0,0.9107000000000001,0.004457221366465092
377,40.0,40.0,0.9104625000000001,0.20987090468406677
378,40.0,40.0,0.910225,0.1469220072031021
379,40.0,40.0,0.9099875,0.08110159635543823
380,40.0,40.0,0.9097500000000001,0.12599678337574005
381,40.0,40.0,0.9095125,0.14035797119140625
382,40.0,40.0,0.9092749999999999,0.019384246319532394
383,40.0,40.0,0.9090375,0.03689204901456833
384,40.0,40.0,0.9088,0.030226966366171837
385,40.0,40.0,0.9085625,0.017697177827358246
386,40.0,40.0,0.9083249999999999,0.10643711686134338
387,40.0,40.0,0.9080875,0.08726482093334198
388,40.0,40.0,0.90785,0.12815731763839722
389,40.0,40.0,0.9076124999999999,0.12128263711929321
390,40.0,40.0,0.9073749999999999,0.09078817069530487
391,40.0,40.0,0.9071375,0.03794389218091965
392,40.0,40.0,0.9069,0.02116251550614834
393,40.0,40.0,0.9066625,0.024265415966510773
394,40.0,40.0,0.9064249999999999,0.07402835041284561
395,40.0,40.0,0.9061875,0.17169615626335144
396,40.0,40.0,0.90595,0.03764338046312332
397,40.0,40.0,0.9057124999999999,0.08854033797979355
398,40.0,40.0,0.9054749999999999,0.011658195406198502
399,40.0,40.0,0.9052375,0.027752429246902466
400,40.0,40.0,0.905,0.05888831615447998
401,40.0,40.0,0.9047625,0.06653423607349396
402,40.0,40.0,0.904525,0.010324601083993912
403,40.0,40.0,0.9042875,0.05546184629201889
404,40.0,40.0,0.90405,0.04528094828128815
405,40.0,40.0,0.9038124999999999,0.07465143501758575
406,40.0,40.0,0.903575,0.06142732873558998
407,40.0,40.0,0.9033375,0.11094358563423157
408,40.0,40.0,0.9031,0.027643956243991852
409,40.0,40.0,0.9028625,0.016225362196564674
410,40.0,40.0,0.902625,0.08665645122528076
411,40.0,40.0,0.9023875,0.03221160173416138
412,40.0,40.0,0.90215,0.025172768160700798
413,40.0,40.0,0.9019125,0.06713706254959106
414,40.0,40.0,0.901675,0.03333991765975952
415,40.0,40.0,0.9014375,0.055743008852005005
416,40.0,40.0,0.9012,0.03572596609592438
417,40.0,40.0,0.9009625,0.00599916186183691
418,40.0,40.0,0.900725,0.009002989158034325
419,40.0,40.0,0.9004875,0.015576600097119808
420,40.0,40.0,0.90025,0.09050382673740387
421,40.0,40.0,0.9000125,0.024292755872011185
422,40.0,40.0,0.899775,0.02039836347103119
423,40.0,40.0,0.8995375,0.016751302406191826
424,40.0,40.0,0.8993,0.04214836657047272
425,40.0,40.0,0.8990625000000001,0.014491438865661621
426,40.0,40.0,0.898825,0.06462500989437103
427,40.0,40.0,0.8985875,0.06655792891979218
428,40.0,40.0,0.89835,0.02598951943218708
429,40.0,40.0,0.8981125000000001,0.028161432594060898
430,40.0,40.0,0.897875,0.013154957443475723
431,40.0,40.0,0.8976375,0.009095396846532822
432,40.0,40.0,0.8974,0.009715905413031578
433,40.0,40.0,0.8971625000000001,0.01067839190363884
434,40.0,40.0,0.896925,0.03450556844472885
435,40.0,40.0,0.8966875,0.12163195013999939
436,40.0,40.0,0.89645,0.014691794291138649
437,40.0,40.0,0.8962125000000001,0.02186259999871254
438,40.0,40.0,0.895975,0.06637275964021683
439,40.0,40.0,0.8957375,0.012214390560984612
440,40.0,40.0,0.8955,0.023578841239213943
441,40.0,40.0,0.8952625000000001,0.009801074862480164
442,40.0,40.0,0.895025,0.01783660613000393
443,40.0,40.0,0.8947875,0.046607695519924164
444,40.0,40.0,0.8945500000000001,0.01939930021762848
445,40.0,40.0,0.8943125000000001,0.010723431594669819
446,40.0,40.0,0.894075,0.025742042809724808
447,40.0,40.0,0.8938375,0.015060683712363243
448,40.0,40.0,0.8936000000000001,0.0131320646032691
449,40.0,40.0,0.8933625000000001,0.015241066925227642
450,40.0,40.0,0.893125,0.044791363179683685
451,40.0,40.0,0.8928875,0.009273078292608261
452,40.0,40.0,0.89265,0.010536685585975647
453,40.0,40.0,0.8924125,0.02969924360513687
454,40.0,40.0,0.8921749999999999,0.014016581699252129
455,40.0,40.0,0.8919374999999999,0.014996988698840141
456,40.0,40.0,0.8917,0.013840192928910255
457,40.0,40.0,0.8914625,0.02267993800342083
458,40.0,40.0,0.8912249999999999,0.009585224092006683
459,40.0,40.0,0.8909874999999999,0.013287807814776897
460,40.0,40.0,0.89075,0.03156010061502457
461,40.0,40.0,0.8905125,0.03665085881948471
462,40.0,40.0,0.8902749999999999,0.009387483820319176
463,40.0,40.0,0.8900375,0.011008292436599731
464,40.0,40.0,0.8898,0.01721114292740822
465,40.0,40.0,0.8895625,0.008378876373171806
466,40.0,40.0,0.8893249999999999,0.04272058233618736
467,40.0,40.0,0.8890875,0.012726989574730396
468,40.0,40.0,0.88885,0.010090748779475689
469,40.0,40.0,0.8886125,0.021914824843406677
470,40.0,40.0,0.888375,0.005885942839086056
471,40.0,40.0,0.8881375,0.0065510994754731655
472,40.0,40.0,0.8879,0.008253227919340134
473,40.0,40.0,0.8876625,0.010620194487273693
474,40.0,40.0,0.8874249999999999,0.007781886961311102
475,40.0,40.0,0.8871875,0.013565911911427975
476,40.0,40.0,0.88695,0.002319107996299863
477,40.0,40.0,0.8867125,0.0070547666400671005
478,40.0,40.0,0.886475,0.0088114058598876
479,40.0,40.0,0.8862375,0.008485177531838417
480,40.0,40.0,0.886,0.004758902825415134
481,40.0,40.0,0.8857625,0.032446663826704025
482,40.0,40.0,0.885525,0.017484497278928757
483,40.0,40.0,0.8852875,0.009779760614037514
484,40.0,40.0,0.88505,0.018047360703349113
485,40.0,40.0,0.8848125,0.026081589981913567
486,40.0,40.0,0.8845750000000001,0.007752883248031139
487,40.0,40.0,0.8843375,0.016146710142493248
488,40.0,40.0,0.8841,0.02407204732298851
489,40.0,40.0,0.8838625,0.0055578602477908134
490,40.0,40.0,0.883625,0.006305716000497341
491,40.0,40.0,0.8833875,0.03295015171170235
492,40.0,40.0,0.88315,0.005681929644197226
493,40.0,40.0,0.8829125,0.005936216562986374
494,40.0,40.0,0.8826750000000001,0.009843423031270504
495,40.0,40.0,0.8824375,0.004689665976911783
496,40.0,40.0,0.8822,0.005013465881347656
497,40.0,40.0,0.8819625,0.009590279310941696
498,40.0,40.0,0.881725,0.018710926175117493
499,40.0,40.0,0.8814875,0.019941434264183044
500,40.0,40.0,0.88125,0.022185783833265305
501,40.0,40.0,0.8810125000000001,0.012212278321385384
502,40.0,40.0,0.8807750000000001,0.009201250970363617
503,40.0,40.0,0.8805375,0.008077860809862614
504,40.0,40.0,0.8803,0.005552001763135195
505,40.0,40.0,0.8800625000000001,0.025646839290857315
506,40.0,40.0,0.879825,0.01768597960472107
507,40.0,40.0,0.8795875,0.010126248002052307
508,40.0,40.0,0.87935,0.013585332781076431
509,40.0,40.0,0.8791125000000001,0.005946612451225519
510,40.0,40.0,0.8788750000000001,0.005680523347109556
511,40.0,40.0,0.8786375,0.004827434662729502
512,40.0,40.0,0.8784,0.004501781426370144
513,40.0,40.0,0.8781625000000001,0.006423885002732277
514,40.0,40.0,0.877925,0.005668817088007927
515,40.0,40.0,0.8776875,0.004943338688462973
516,40.0,40.0,0.87745,0.011522517539560795
517,40.0,40.0,0.8772125000000001,0.005462454166263342
518,40.0,40.0,0.8769750000000001,0.0030287832487374544
519,40.0,40.0,0.8767375,0.00559601467102766
520,40.0,40.0,0.8765000000000001,0.004291422199457884
521,40.0,40.0,0.8762625,0.024663258343935013
522,40.0,40.0,0.8760249999999999,0.003034457564353943
523,40.0,40.0,0.8757874999999999,0.004515073262155056
524,40.0,40.0,0.87555,0.004022655542939901
525,40.0,40.0,0.8753125,0.00950442161411047
526,40.0,40.0,0.875075,0.010976109653711319
527,40.0,40.0,0.8748374999999999,0.007629601284861565
528,40.0,40.0,0.8746,0.0056472839787602425
529,40.0,40.0,0.8743625,0.0031904270872473717
530,40.0,40.0,0.8741249999999999,0.009613730944693089
531,40.0,40.0,0.8738874999999999,0.013188395649194717
532,40.0,40.0,0.87365,0.011072205379605293
533,40.0,40.0,0.8734125,0.009719574823975563
534,40.0,40.0,0.873175,0.005993986502289772
535,40.0,40.0,0.8729374999999999,0.008338895626366138
536,40.0,40.0,0.8727,0.00519724702462554
537,40.0,40.0,0.8724625,0.0017297565937042236
538,40.0,40.0,0.8722249999999999,0.006442385725677013
539,40.0,40.0,0.8719875,0.0028682658448815346
540,40.0,40.0,0.87175,0.007548735477030277
541,40.0,40.0,0.8715125,0.01732746884226799
542,40.0,40.0,0.871275,0.009476857259869576
543,40.0,40.0,0.8710375,0.0031202638056129217
544,40.0,40.0,0.8708,0.005125919356942177
545,40.0,40.0,0.8705625,0.007340770214796066
546,40.0,40.0,0.8703249999999999,0.008361347950994968
547,40.0,40.0,0.8700875,0.014305857941508293
548,40.0,40.0,0.86985,0.0026861936785280704
549,40.0,40.0,0.8696125,0.01024048775434494
550,40.0,40.0,0.869375,0.006114708725363016
551,40.0,40.0,0.8691375,0.0025597186759114265
552,40.0,40.0,0.8689,0.0037241706158965826
553,40.0,40.0,0.8686625,0.010784009471535683
554,40.0,40.0,0.8684249999999999,0.010494298301637173
555,40.0,40.0,0.8681875,0.009116456843912601
556,40.0,40.0,0.86795,0.010211065411567688
557,40.0,40.0,0.8677125,0.011924427933990955
558,40.0,40.0,0.867475,0.004207494203001261
559,40.0,40.0,0.8672375,0.010147616267204285
560,40.0,40.0,0.867,0.009201396256685257
561,40.0,40.0,0.8667625,0.010034405626356602
562,40.0,40.0,0.866525,0.0034270198084414005
563,40.0,40.0,0.8662875000000001,0.001886140089482069
564,40.0,40.0,0.86605,0.0031456896103918552
565,40.0,40.0,0.8658125,0.0061272187158465385
566,40.0,40.0,0.8655750000000001,0.0064014047384262085
567,40.0,40.0,0.8653375,0.003752263728529215
568,40.0,40.0,0.8651,0.009277451783418655
569,40.0,40.0,0.8648625,0.008993671275675297
570,40.0,40.0,0.8646250000000001,0.008900407701730728
571,40.0,40.0,0.8643875000000001,0.0023121521808207035
572,40.0,40.0,0.86415,0.004173356108367443
573,40.0,40.0,0.8639125,0.012317903339862823
574,40.0,40.0,0.8636750000000001,0.028837207704782486
575,40.0,40.0,0.8634375,0.007941458374261856
576,40.0,40.0,0.8632,0.008973507210612297
577,40.0,40.0,0.8629625,0.004386059008538723
578,40.0,40.0,0.8627250000000001,0.009760269895195961
579,40.0,40.0,0.8624875000000001,0.006269923411309719
580,40.0,40.0,0.86225,0.009740639477968216
581,40.0,40.0,0.8620125000000001,0.012534229084849358
582,40.0,40.0,0.8617750000000001,0.008853546343743801
583,40.0,40.0,0.8615375,0.005941196344792843
584,40.0,40.0,0.8613,0.007295085117220879
585,40.0,40.0,0.8610625000000001,0.016334522515535355
586,40.0,40.0,0.8608250000000001,0.006262238137423992
587,40.0,40.0,0.8605875000000001,0.011196615174412727
588,40.0,40.0,0.86035,0.006083657033741474
589,40.0,40.0,0.8601125000000001,0.005973776802420616
590,40.0,40.0,0.8598750000000001,0.002113892463967204
591,40.0,40.0,0.8596374999999999,0.00903237983584404
592,40.0,40.0,0.8593999999999999,0.005166606977581978
593,40.0,40.0,0.8591625,0.017295192927122116
594,40.0,40.0,0.858925,0.008190448395907879
595,40.0,40.0,0.8586875,0.012803483754396439
596,40.0,40.0,0.8584499999999999,0.014759820885956287
597,40.0,40.0,0.8582125,0.007427276112139225
598,40.0,40.0,0.857975,0.010642921552062035
599,40.0,40.0,0.8577374999999999,0.006689858622848988
600,40.0,40.0,0.8575,0.004203998949378729
601,40.0,40.0,0.8572625,0.01105707511305809
602,40.0,40.0,0.857025,0.005341644398868084
603,40.0,40.0,0.8567875,0.01180698536336422
604,40.0,40.0,0.85655,0.016749631613492966
605,40.0,40.0,0.8563125,0.004928296897560358
606,40.0,40.0,0.856075,0.010514536872506142
607,40.0,40.0,0.8558374999999999,0.005871239118278027
608,40.0,40.0,0.8556,0.00462324870750308
609,40.0,40.0,0.8553625,0.01947159133851528
610,40.0,40.0,0.855125,0.005080119241029024
611,40.0,40.0,0.8548875,0.00869646668434143
612,40.0,40.0,0.85465,0.0050986940041184425
613,40.0,40.0,0.8544125,0.01682213321328163
614,40.0,40.0,0.854175,0.005791623145341873
615,40.0,40.0,0.8539374999999999,0.006317748688161373
616,40.0,40.0,0.8537,0.012251595966517925
617,40.0,40.0,0.8534625,0.0030131512321531773
618,40.0,40.0,0.853225,0.005550893489271402
619,40.0,40.0,0.8529875,0.005198042374104261
620,40.0,40.0,0.85275,0.00549031188711524
621,40.0,40.0,0.8525125,0.026485156267881393
622,40.0,40.0,0.852275,0.020300015807151794
623,40.0,40.0,0.8520375,0.013563578017055988
624,40.0,40.0,0.8518,0.00974402017891407
625,40.0,40.0,0.8515625,0.005743342451751232
626,40.0,40.0,0.851325,0.017969923093914986
627,40.0,40.0,0.8510875000000001,0.014551824890077114
628,40.0,40.0,0.85085,0.007649564649909735
629,40.0,40.0,0.8506125,0.01540118083357811
630,40.0,40.0,0.850375,0.01578788086771965
631,40.0,40.0,0.8501375,0.0035190912894904613
632,40.0,40.0,0.8499,0.006915478501468897
633,40.0,40.0,0.8496625,0.005991410464048386
634,40.0,40.0,0.849425,0.006762026809155941
635,40.0,40.0,0.8491875000000001,0.0036882206331938505
636,40.0,40.0,0.84895,0.012304821982979774
637,40.0,40.0,0.8487125,0.02753569558262825
638,40.0,40.0,0.848475,0.005660133436322212
639,40.0,40.0,0.8482375,0.008395249955356121
640,40.0,40.0,0.848,0.013055390678346157
641,40.0,40.0,0.8477625,0.008843988180160522
642,40.0,40.0,0.8475250000000001,0.010437809862196445
643,40.0,40.0,0.8472875000000001,0.014860626310110092
644,40.0,40.0,0.84705,0.01096779853105545
645,40.0,40.0,0.8468125,0.005503236316144466
646,40.0,40.0,0.8465750000000001,0.009102564305067062
647,40.0,40.0,0.8463375,0.005613712593913078
648,40.0,40.0,0.8461,0.008767448365688324
649,40.0,40.0,0.8458625,0.003709494136273861
650,40.0,40.0,0.8456250000000001,0.00741491187363863
651,40.0,40.0,0.8453875000000001,0.01085902564227581
652,40.0,40.0,0.84515,0.010846384800970554
653,40.0,40.0,0.8449125,0.011219519190490246
654,40.0,40.0,0.8446750000000001,0.013289270922541618
655,40.0,40.0,0.8444375,0.0026717043947428465
656,40.0,40.0,0.8442,0.004568854812532663
657,40.0,40.0,0.8439625,0.0035148984752595425
658,40.0,40.0,0.8437250000000001,0.014226607978343964
659,40.0,40.0,0.8434875000000001,0.0036741490475833416
660,40.0,40.0,0.8432499999999999,0.0034784311428666115
661,40.0,40.0,0.8430125,0.013006556779146194
662,40.0,40.0,0.842775,0.004569103941321373
663,40.0,40.0,0.8425374999999999,0.003908360376954079
664,40.0,40.0,0.8422999999999999,0.016634728759527206
665,40.0,40.0,0.8420625,0.005560389719903469
666,40.0,40.0,0.841825,0.0034732799977064133
667,40.0,40.0,0.8415875,0.0065021514892578125
668,40.0,40.0,0.8413499999999999,0.0020988844335079193
669,40.0,40.0,0.8411125,0.005945728160440922
670,40.0,40.0,0.840875,0.010266385972499847
671,40.0,40.0,0.8406374999999999,0.01586904376745224
672,40.0,40.0,0.8403999999999999,0.009621850214898586
673,40.0,40.0,0.8401625,0.005604960024356842
674,40.0,40.0,0.839925,0.005425749346613884
675,40.0,40.0,0.8396875,0.002318422310054302
676,40.0,40.0,0.8394499999999999,0.005462932866066694
677,40.0,40.0,0.8392125,0.0023448735009878874
678,40.0,40.0,0.838975,0.012645901180803776
679,40.0,40.0,0.8387374999999999,0.006039027590304613
680,40.0,40.0,0.8385,0.003528936766088009
681,40.0,40.0,0.8382625,0.003965670242905617
682,40.0,40.0,0.838025,0.006462634541094303
683,40.0,40.0,0.8377875,0.005285473074764013
684,40.0,40.0,0.83755,0.006599784828722477
685,40.0,40.0,0.8373125,0.004602997563779354
686,40.0,40.0,0.837075,0.0068627311848104
687,40.0,40.0,0.8368374999999999,0.004679967649281025
688,40.0,40.0,0.8366000000000001,0.005076730623841286
689,40.0,40.0,0.8363625,0.0045595308765769005
690,40.0,40.0,0.836125,0.011251534335315228
691,40.0,40.0,0.8358875,0.0031852563843131065
692,40.0,40.0,0.83565,0.006266720127314329
693,40.0,40.0,0.8354125,0.006997963413596153
694,40.0,40.0,0.835175,0.009068051353096962
695,40.0,40.0,0.8349375,0.002537157852202654
696,40.0,40.0,0.8347000000000001,0.006844993680715561
697,40.0,40.0,0.8344625,0.004150649067014456
698,40.0,40.0,0.834225,0.007930262945592403
699,40.0,40.0,0.8339875,0.005076320841908455
700,40.0,40.0,0.83375,0.002834268379956484
701,40.0,40.0,0.8335125,0.008166476152837276
702,40.0,40.0,0.833275,0.002876599319279194
703,40.0,40.0,0.8330375000000001,0.0033045511227101088
704,40.0,40.0,0.8328000000000001,0.01521657221019268
705,40.0,40.0,0.8325625,0.0034163817763328552
706,40.0,40.0,0.832325,0.008140917867422104
707,40.0,40.0,0.8320875000000001,0.002789845457300544
708,40.0,40.0,0.83185,0.003879206720739603
709,40.0,40.0,0.8316125,0.005579710938036442
710,40.0,40.0,0.831375,0.00754507165402174
711,40.0,40.0,0.8311375000000001,0.0060065328143537045
712,40.0,40.0,0.8309000000000001,0.0030785652343183756
713,40.0,40.0,0.8306625,0.006801894400268793
714,40.0,40.0,0.830425,0.008081808686256409
715,40.0,40.0,0.8301875000000001,0.00426061823964119
716,40.0,40.0,0.82995,0.003658468369394541
717,40.0,40.0,0.8297125,0.002120652236044407
718,40.0,40.0,0.829475,0.00348741770721972
719,40.0,40.0,0.8292375000000001,0.0033894130028784275
720,40.0,40.0,0.8290000000000001,0.012368123978376389
721,40.0,40.0,0.8287625,0.010894987732172012
722,40.0,40.0,0.8285250000000001,0.007487723603844643
723,40.0,40.0,0.8282875000000001,0.0023582391440868378
724,40.0,40.0,0.82805,0.0042906254529953
725,40.0,40.0,0.8278125,0.03677396476268768
726,40.0,40.0,0.8275750000000001,0.0046862149611115456
727,40.0,40.0,0.8273375000000001,0.0023383409716188908
728,40.0,40.0,0.8271000000000001,0.003668183460831642
729,40.0,40.0,0.8268625,0.0023248367942869663
730,40.0,40.0,0.826625,0.0021799185778945684
731,40.0,40.0,0.8263875,0.00412406213581562
732,40.0,40.0,0.8261499999999999,0.004858681000769138
733,40.0,40.0,0.8259124999999999,0.00618667621165514
734,40.0,40.0,0.825675,0.009410545229911804
735,40.0,40.0,0.8254375,0.002443145029246807
736,40.0,40.0,0.8252,0.004309619311243296
737,40.0,40.0,0.8249624999999999,0.0032150684855878353
738,40.0,40.0,0.824725,0.0031761638820171356
739,40.0,40.0,0.8244875,0.003973378334194422
740,40.0,40.0,0.8242499999999999,0.0031568114645779133
741,40.0,40.0,0.8240125,0.006822257302701473
742,40.0,40.0,0.823775,0.011362483724951744
743,40.0,40.0,0.8235375,0.0033374661579728127
744,40.0,40.0,0.8233,0.004704874008893967
745,40.0,40.0,0.8230625,0.0054947431199252605
746,40.0,40.0,0.822825,0.0019016193691641092
747,40.0,40.0,0.8225875,0.009196054190397263
748,40.0,40.0,0.8223499999999999,0.0055288211442530155
749,40.0,40.0,0.8221125,0.007648046128451824
750,40.0,40.0,0.821875,0.016596373170614243
751,40.0,40.0,0.8216375,0.0055058738216757774
752,40.0,40.0,0.8214,0.016765255481004715
753,40.0,40.0,0.8211625,0.011794592253863811
754,40.0,40.0,0.820925,0.005382265895605087
755,40.0,40.0,0.8206875,0.0016103973612189293
756,40.0,40.0,0.8204499999999999,0.006510565523058176
757,40.0,40.0,0.8202125,0.004746608901768923
758,40.0,40.0,0.819975,0.0022679525427520275
759,40.0,40.0,0.8197375,0.013221221044659615
760,40.0,40.0,0.8195,0.0034621332306414843
761,40.0,40.0,0.8192625,0.06561335176229477
762,40.0,40.0,0.819025,0.01028594933450222
763,40.0,40.0,0.8187875,0.016977496445178986
764,40.0,40.0,0.81855,0.009163763374090195
765,40.0,40.0,0.8183125,0.0020290238317102194
766,40.0,40.0,0.818075,0.0020146952010691166
767,40.0,40.0,0.8178375,0.0028693433851003647
768,40.0,40.0,0.8176000000000001,0.0037907790392637253
769,40.0,40.0,0.8173625,0.003244064748287201
770,40.0,40.0,0.817125,0.003728054231032729
771,40.0,40.0,0.8168875,0.002905806992202997
772,40.0,40.0,0.81665,0.0018874917877838016
773,40.0,40.0,0.8164125,0.017932822927832603
774,40.0,40.0,0.816175,0.003025997197255492
775,40.0,40.0,0.8159375,0.0020843292586505413
776,40.0,40.0,0.8157000000000001,0.003242671489715576
777,40.0,40.0,0.8154625,0.0063378941267728806
778,40.0,40.0,0.815225,0.02072698436677456
779,40.0,40.0,0.8149875,0.0028150170110166073
780,40.0,40.0,0.81475,0.002710414119064808
781,40.0,40.0,0.8145125,0.004245561081916094
782,40.0,40.0,0.814275,0.005748813506215811
783,40.0,40.0,0.8140375000000001,0.007802280131727457
784,40.0,40.0,0.8138000000000001,0.013790048658847809
785,40.0,40.0,0.8135625,0.011781089007854462
786,40.0,40.0,0.813325,0.003555995412170887
787,40.0,40.0,0.8130875000000001,0.009154964238405228
788,40.0,40.0,0.81285,0.013242905028164387
789,40.0,40.0,0.8126125,0.008570738136768341
790,40.0,40.0,0.812375,0.0025947410613298416
791,40.0,40.0,0.8121375000000001,0.0038590566255152225
792,40.0,40.0,0.8119000000000001,0.001995192840695381
793,40.0,40.0,0.8116625,0.024351593106985092
794,40.0,40.0,0.811425,0.005643443204462528
795,40.0,40.0,0.8111875000000001,0.0018589186947792768
796,40.0,40.0,0.81095,0.0037302756682038307
797,40.0,40.0,0.8107125,0.0019322688458487391
798,40.0,40.0,0.810475,0.00470579881221056
799,40.0,40.0,0.8102375,0.03896510601043701
800,40.0,40.0,0.81,0.0071480656042695045
801,40.0,40.0,0.8097624999999999,0.044020697474479675
802,40.0,40.0,0.809525,0.010395735502243042
803,40.0,40.0,0.8092875,0.015608023852109909
804,40.0,40.0,0.8090499999999999,0.004188903607428074
805,40.0,40.0,0.8088124999999999,0.006373370997607708
806,40.0,40.0,0.808575,0.02752099558711052
807,40.0,40.0,0.8083375,0.024733588099479675
808,40.0,40.0,0.8081,0.0036683231592178345
809,40.0,40.0,0.8078624999999999,0.00878959521651268
810,40.0,40.0,0.807625,0.0035080527886748314
811,40.0,40.0,0.8073875,0.004880729131400585
812,40.0,40.0,0.8071499999999999,0.00282992422580719
813,40.0,40.0,0.8069125,0.0013328378554433584
814,40.0,40.0,0.806675,0.00508882338181138
815,40.0,40.0,0.8064375,0.012650687247514725
816,40.0,40.0,0.8062,0.0033906721509993076
817,40.0,40.0,0.8059624999999999,0.0025781511794775724
818,40.0,40.0,0.805725,0.0031431978568434715
819,40.0,40.0,0.8054875,0.013250554911792278
820,40.0,40.0,0.80525,0.00864174123853445
821,40.0,40.0,0.8050125,0.004673453979194164
822,40.0,40.0,0.804775,0.024491410702466965
823,40.0,40.0,0.8045375,0.005458270199596882
824,40.0,40.0,0.8043,0.005229223519563675
825,40.0,40.0,0.8040625,0.006973539479076862
826,40.0,40.0,0.803825,0.006528538651764393
827,40.0,40.0,0.8035875,0.004871342331171036
828,40.0,40.0,0.80335,0.0037194150499999523
829,40.0,40.0,0.8031125000000001,0.0033726394176483154
830,40.0,40.0,0.802875,0.0032725310884416103
831,40.0,40.0,0.8026375,0.004063182510435581
832,40.0,40.0,0.8024,0.013575080782175064
833,40.0,40.0,0.8021625,0.0029049161821603775
834,40.0,40.0,0.801925,0.01407921314239502
835,40.0,40.0,0.8016875,0.0011006558779627085
836,40.0,40.0,0.80145,0.006047104485332966
837,40.0,40.0,0.8012125000000001,0.002501770853996277
838,40.0,40.0,0.800975,0.005901091732084751
839,40.0,40.0,0.8007375,0.00968077965080738
840,40.0,40.0,0.8005,0.005104192532598972
841,40.0,40.0,0.8002625,0.015103488229215145
842,40.0,40.0,0.800025,0.009313032031059265
843,40.0,40.0,0.7997875,0.013845833018422127
844,40.0,40.0,0.7995500000000001,0.0025580076035112143
845,40.0,40.0,0.7993125000000001,0.0024955475237220526
846,40.0,40.0,0.799075,0.010213225148618221
847,40.0,40.0,0.7988375,0.015619129873812199
848,40.0,40.0,0.7986000000000001,0.016792763024568558
849,40.0,40.0,0.7983625,0.0028088768012821674
850,40.0,40.0,0.798125,0.0041730995289981365
851,40.0,40.0,0.7978875,0.002900337800383568
852,40.0,40.0,0.7976500000000001,0.00527600385248661
853,40.0,40.0,0.7974125000000001,0.014614691957831383
854,40.0,40.0,0.797175,0.0048887175507843494
855,40.0,40.0,0.7969375,0.0061145443469285965
856,40.0,40.0,0.7967000000000001,0.004735328257083893
857,40.0,40.0,0.7964625,0.005035454407334328
858,40.0,40.0,0.796225,0.018882542848587036
859,40.0,40.0,0.7959875,0.0032948427833616734
860,40.0,40.0,0.7957500000000001,0.016667399555444717
861,40.0,40.0,0.7955125000000001,0.005021007265895605
862,40.0,40.0,0.795275,0.003890634747222066
863,40.0,40.0,0.7950375000000001,0.004095107316970825
864,40.0,40.0,0.7948000000000001,0.007227791007608175
865,40.0,40.0,0.7945625,0.00864618830382824
866,40.0,40.0,0.794325,0.002024315530434251
867,40.0,40.0,0.7940875000000001,0.008955538272857666
868,40.0,40.0,0.7938500000000001,0.002919798716902733
869,40.0,40.0,0.7936125,0.0027728979475796223
870,40.0,40.0,0.7933749999999999,0.009849393740296364
871,40.0,40.0,0.7931375,0.005653150379657745
872,40.0,40.0,0.7929,0.012620082125067711
873,40.0,40.0,0.7926624999999999,0.005891643464565277
874,40.0,40.0,0.7924249999999999,0.005787206813693047
875,40.0,40.0,0.7921875,0.004385368432849646
876,40.0,40.0,0.79195,0.0037730527110397816
877,40.0,40.0,0.7917125,0.004542401526123285
878,40.0,40.0,0.7914749999999999,0.001124099362641573
879,40.0,40.0,0.7912375,0.010382920503616333
880,40.0,40.0,0.791,0.006030888296663761
881,40.0,40.0,0.7907624999999999,0.006310490425676107
882,40.0,40.0,0.790525,0.0034458283334970474
883,40.0,40.0,0.7902875,0.003687744028866291
884,40.0,40.0,0.79005,0.055109359323978424
885,40.0,40.0,0.7898125,0.002705714199692011
886,40.0,40.0,0.789575,0.0026222108863294125
887,40.0,40.0,0.7893375,0.016571715474128723
888,40.0,40.0,0.7891,0.0021037713158875704
889,40.0,40.0,0.7888624999999999,0.046808116137981415
890,40.0,40.0,0.788625,0.0021436596289277077
891,40.0,40.0,0.7883875,0.005654898472130299
892,40.0,40.0,0.78815,0.011367504484951496
893,40.0,40.0,0.7879125,0.01600315049290657
894,40.0,40.0,0.787675,0.005732397083193064
895,40.0,40.0,0.7874375,0.0026948004961013794
896,40.0,40.0,0.7872,0.006389798130840063
897,40.0,40.0,0.7869624999999999,0.009111203253269196
898,40.0,40.0,0.786725,0.012147173285484314
899,40.0,40.0,0.7864875,0.0027216169983148575
900,40.0,40.0,0.78625,0.0030451370403170586
901,40.0,40.0,0.7860125,0.016293108463287354
902,40.0,40.0,0.785775,0.008021565154194832
903,40.0,40.0,0.7855375,0.011290468275547028
904,40.0,40.0,0.7853,0.014529882930219173
905,40.0,40.0,0.7850625,0.0019382084719836712
906,40.0,40.0,0.784825,0.001792185241356492
907,40.0,40.0,0.7845875,0.02548130974173546
908,40.0,40.0,0.78435,0.03162112832069397
909,40.0,40.0,0.7841125000000001,0.023291239514946938
910,40.0,40.0,0.783875,0.0031563148368149996
911,40.0,40.0,0.7836375,0.003944584634155035
912,40.0,40.0,0.7834,0.0022199752274900675
913,40.0,40.0,0.7831625,0.0034547075629234314
914,40.0,40.0,0.782925,0.18339860439300537
915,40.0,40.0,0.7826875,0.01569369249045849
916,40.0,40.0,0.78245,0.021496228873729706
917,40.0,40.0,0.7822125000000001,0.0014000199735164642
918,40.0,40.0,0.781975,0.0025857083965092897
919,40.0,40.0,0.7817375,0.0028380840085446835
920,40.0,40.0,0.7815,0.003504374297335744
921,40.0,40.0,0.7812625,0.004349560011178255
922,40.0,40.0,0.781025,0.0029099667444825172
923,40.0,40.0,0.7807875,0.001722568180412054
924,40.0,40.0,0.7805500000000001,0.005921558011323214
925,40.0,40.0,0.7803125000000001,0.010790567845106125
926,40.0,40.0,0.780075,0.003421247471123934
927,40.0,40.0,0.7798375,0.0012615984305739403
928,40.0,40.0,0.7796000000000001,0.0022826213389635086
929,40.0,40.0,0.7793625,0.002758784219622612
930,40.0,40.0,0.779125,0.005754857324063778
931,40.0,40.0,0.7788875,0.005107170902192593
932,40.0,40.0,0.7786500000000001,0.0009728290024213493
933,40.0,40.0,0.7784125000000001,0.002703152596950531
934,40.0,40.0,0.778175,0.009666173718869686
935,40.0,40.0,0.7779375,0.0031723962165415287
936,40.0,40.0,0.7777000000000001,0.0028004611376672983
937,40.0,40.0,0.7774625,0.008491655811667442
938,40.0,40.0,0.777225,0.01630844548344612
939,40.0,40.0,0.7769874999999999,0.005353772081434727
940,40.0,40.0,0.77675,0.0032845884561538696
941,40.0,40.0,0.7765125,0.006077696569263935
942,40.0,40.0,0.7762749999999999,0.006228049285709858
943,40.0,40.0,0.7760375,0.0032249358482658863
944,40.0,40.0,0.7758,0.0058668688870966434
945,40.0,40.0,0.7755625,0.023809615522623062
946,40.0,40.0,0.775325,0.027041006833314896
947,40.0,40.0,0.7750875,0.014587460085749626
948,40.0,40.0,0.77485,0.008649062365293503
949,40.0,40.0,0.7746125,0.0068604908883571625
950,40.0,40.0,0.7743749999999999,0.01403337623924017
951,40.0,40.0,0.7741375,0.004468244966119528
952,40.0,40.0,0.7739,0.016273193061351776
953,40.0,40.0,0.7736625,0.0024549472145736217
954,40.0,40.0,0.773425,0.0019411173416301608
955,40.0,40.0,0.7731875,0.004798476584255695
956,40.0,40.0,0.77295,0.006812100298702717
957,40.0,40.0,0.7727125,0.007965152151882648
958,40.0,40.0,0.7724749999999999,0.008268392644822598
959,40.0,40.0,0.7722375,0.028828976675868034
960,40.0,40.0,0.772,0.018875863403081894
961,40.0,40.0,0.7717625,0.004087352193892002
962,40.0,40.0,0.771525,0.0022399139124900103
963,40.0,40.0,0.7712875,0.0034224390983581543
964,40.0,40.0,0.77105,0.006644506007432938
965,40.0,40.0,0.7708125,0.014377433806657791
966,40.0,40.0,0.770575,0.007600575219839811
967,40.0,40.0,0.7703375,0.0016892432468011975
968,40.0,40.0,0.7701,0.009310930967330933
969,40.0,40.0,0.7698625,0.0029185153543949127
970,40.0,40.0,0.7696250000000001,0.010998129844665527
971,40.0,40.0,0.7693875,0.005140248686075211
972,40.0,40.0,0.76915,0.0023988797329366207
973,40.0,40.0,0.7689125,0.006109831389039755
974,40.0,40.0,0.768675,0.004845346324145794
975,40.0,40.0,0.7684375,0.001887042773887515
976,40.0,40.0,0.7682,0.0016582723474130034
977,40.0,40.0,0.7679625,0.0015506658237427473
978,40.0,40.0,0.7677250000000001,0.0012286086566746235
979,40.0,40.0,0.7674875,0.0015246616676449776
980,40.0,40.0,0.76725,0.0016507187392562628
981,40.0,40.0,0.7670125,0.012831564992666245
982,40.0,40.0,0.766775,0.010128895752131939
983,40.0,40.0,0.7665375,0.003451927565038204
984,40.0,40.0,0.7663,0.006494082976132631
985,40.0,40.0,0.7660625000000001,0.010754022747278214
986,40.0,40.0,0.7658250000000001,0.002743350574746728
987,40.0,40.0,0.7655875,0.007471281103789806
988,40.0,40.0,0.76535,0.0014874122571200132
989,40.0,40.0,0.7651125000000001,0.004531768150627613
990,40.0,40.0,0.764875,0.0014088251627981663
991,40.0,40.0,0.7646375,0.001815041876398027
992,40.0,40.0,0.7644,0.0018411758355796337
993,40.0,40.0,0.7641625000000001,0.011697329580783844
994,40.0,40.0,0.7639250000000001,0.0062503213994205
995,40.0,40.0,0.7636875,0.0708441436290741
996,40.0,40.0,0.76345,0.024293655529618263
997,40.0,40.0,0.7632125000000001,0.008540783077478409
998,40.0,40.0,0.762975,0.0044332933612167835
999,40.0,40.0,0.7627375,0.02745186910033226
1000,40.0,40.0,0.7625,0.004147507715970278
1001,40.0,40.0,0.7622625000000001,0.013098298572003841
1002,40.0,40.0,0.7620250000000001,0.006605618167668581
1003,40.0,40.0,0.7617875,0.007253565359860659
1004,40.0,40.0,0.7615500000000001,0.06137625873088837
1005,40.0,40.0,0.7613125000000001,0.006513514555990696
1006,40.0,40.0,0.761075,0.0017464032862335443
1007,40.0,40.0,0.7608375,0.0026448406279087067
1008,40.0,40.0,0.7606,0.0021890830248594284
1009,40.0,40.0,0.7603625,0.0012170341797173023
1010,40.0,40.0,0.760125,0.0018705849070101976
1011,40.0,40.0,0.7598874999999999,0.0012833301443606615
1012,40.0,40.0,0.75965,0.005544375628232956
1013,40.0,40.0,0.7594125,0.007926097139716148
1014,40.0,40.0,0.7591749999999999,0.027859721332788467
1015,40.0,40.0,0.7589375,0.01523631438612938
1016,40.0,40.0,0.7587,0.0211920328438282
1017,40.0,40.0,0.7584625,0.004757957067340612
1018,40.0,40.0,0.758225,0.005331140011548996
1019,40.0,40.0,0.7579875,0.010624989867210388
1020,40.0,40.0,0.75775,0.006511826533824205
1021,40.0,40.0,0.7575125,0.012384391389787197
1022,40.0,40.0,0.7572749999999999,0.005549082066863775
1023,40.0,40.0,0.7570375000000001,0.004360750317573547
1024,40.0,40.0,0.7568,0.002283114241436124
1025,40.0,40.0,0.7565625,0.002351603703573346
1026,40.0,40.0,0.756325,0.0059378729201853275
1027,40.0,40.0,0.7560875,0.0020554489456117153
1028,40.0,40.0,0.75585,0.0037645776756107807
1029,40.0,40.0,0.7556125,0.0029999003745615482
1030,40.0,40.0,0.7553749999999999,0.0054842568933963776
1031,40.0,40.0,0.7551375000000001,0.004989368375390768
1032,40.0,40.0,0.7549,0.0029943687841296196
1033,40.0,40.0,0.7546625,0.0032238438725471497
1034,40.0,40.0,0.754425,0.00509942090138793
1035,40.0,40.0,0.7541875,0.0028177176136523485
1036,40.0,40.0,0.75395,0.011152606457471848
1037,40.0,40.0,0.7537125,0.007480273023247719
1038,40.0,40.0,0.753475,0.0026910435408353806
1039,40.0,40.0,0.7532375000000001,0.013400866650044918
1040,40.0,40.0,0.753,0.0031539322808384895
1041,40.0,40.0,0.7527625,0.0044499412178993225
1042,40.0,40.0,0.7525250000000001,0.03481810539960861
1043,40.0,40.0,0.7522875,0.00549563392996788
1044,40.0,40.0,0.75205,0.006646294146776199
1045,40.0,40.0,0.7518125,0.0036234366707503796
1046,40.0,40.0,0.751575,0.00369919091463089
1047,40.0,40.0,0.7513375000000001,0.03432324901223183
1048,40.0,40.0,0.7511,0.026483576744794846
1049,40.0,40.0,0.7508625,0.03539150208234787
1050,40.0,40.0,0.7506250000000001,0.03286337852478027
1051,40.0,40.0,0.7503875,0.011940648779273033
1052,40.0,40.0,0.75015,0.00170516362413764
1053,40.0,40.0,0.7499125,0.003986085299402475
1054,40.0,40.0,0.749675,0.0013394110137596726
1055,40.0,40.0,0.7494375000000001,0.004235176369547844
1056,40.0,40.0,0.7492,0.0021939759608358145
1057,40.0,40.0,0.7489625,0.029309993609786034
1058,40.0,40.0,0.7487250000000001,0.015493159182369709
1059,40.0,40.0,0.7484875,0.007253160234540701
1060,40.0,40.0,0.74825,0.00409892899915576
1061,40.0,40.0,0.7480125000000001,0.010906843468546867
1062,40.0,40.0,0.747775,0.0022233116906136274
1063,40.0,40.0,0.7475375000000001,0.00236217281781137
1064,40.0,40.0,0.7473,0.002359118778258562
1065,40.0,40.0,0.7470625000000001,0.0015579585451632738
1066,40.0,40.0,0.7468250000000001,0.001731462893076241
1067,40.0,40.0,0.7465875,0.007900815457105637
1068,40.0,40.0,0.74635,0.03820103034377098
1069,40.0,40.0,0.7461125000000001,0.009272029623389244
1070,40.0,40.0,0.745875,0.036462221294641495
1071,40.0,40.0,0.7456375000000001,0.018513139337301254
1072,40.0,40.0,0.7454,0.014116976410150528
1073,40.0,40.0,0.7451625000000001,0.00803990475833416
1074,40.0,40.0,0.7449250000000001,0.0020874012261629105
1075,40.0,40.0,0.7446875,0.001078948494978249
1076,40.0,40.0,0.74445,0.0015615472802892327
1077,40.0,40.0,0.7442125,0.002693032380193472
1078,40.0,40.0,0.7439749999999999,0.004388705361634493
1079,40.0,40.0,0.7437375,0.0013489013072103262
1080,40.0,40.0,0.7435,0.0036607026122510433
1081,40.0,40.0,0.7432625,0.005675258114933968
1082,40.0,40.0,0.743025,0.02603485807776451
1083,40.0,40.0,0.7427874999999999,0.010394543409347534
1084,40.0,40.0,0.74255,0.0418899729847908
1085,40.0,40.0,0.7423125,0.0016769361682236195
1086,40.0,40.0,0.7420749999999999,0.003947682213038206
1087,40.0,40.0,0.7418375,0.005747014656662941
1088,40.0,40.0,0.7416,0.010022740811109543
1089,40.0,40.0,0.7413625,0.04852292686700821
1090,40.0,40.0,0.741125,0.0041655926033854485
1091,40.0,40.0,0.7408874999999999,0.02073158696293831
1092,40.0,40.0,0.74065,0.0022915599402040243
1093,40.0,40.0,0.7404125,0.046597663313150406
1094,40.0,40.0,0.7401749999999999,0.013257471844553947
1095,40.0,40.0,0.7399375,0.012380823493003845
1096,40.0,40.0,0.7397,0.029240649193525314
1097,40.0,40.0,0.7394625,0.02125711739063263
1098,40.0,40.0,0.739225,0.0019476448651403189
1099,40.0,40.0,0.7389875,0.0046602413058280945
1100,40.0,40.0,0.73875,0.0014018140500411391
1101,40.0,40.0,0.7385125,0.004672275390475988
1102,40.0,40.0,0.7382749999999999,0.06128433719277382
1103,40.0,40.0,0.7380375000000001,0.02579837292432785
1104,40.0,40.0,0.7378,0.0015313518233597279
1105,40.0,40.0,0.7375625,0.013506770133972168
1106,40.0,40.0,0.737325,0.019570758566260338
1107,40.0,40.0,0.7370875,0.0016397533472627401
1108,40.0,40.0,0.73685,0.0047709746286273
1109,40.0,40.0,0.7366125,0.00987236388027668
1110,40.0,40.0,0.7363749999999999,0.00669326726347208
1111,40.0,40.0,0.7361375000000001,0.003998280968517065
1112,40.0,40.0,0.7359,0.022347498685121536
1113,40.0,40.0,0.7356625,0.0111751239746809
1114,40.0,40.0,0.735425,0.0011764377122744918
1115,40.0,40.0,0.7351875,0.0010816541034728289
1116,40.0,40.0,0.73495,0.003446804126724601
1117,40.0,40.0,0.7347125,0.002560775028541684
1118,40.0,40.0,0.734475,0.0011101937852799892
1119,40.0,40.0,0.7342375000000001,0.001596185495145619
1120,40.0,40.0,0.734,0.03428872302174568
1121,40.0,40.0,0.7337625,0.04491545632481575
1122,40.0,40.0,0.7335250000000001,0.014714967459440231
1123,40.0,40.0,0.7332875,0.002357812598347664
1124,40.0,40.0,0.73305,0.0023075654171407223
1125,40.0,40.0,0.7328125,0.0017310624243691564
1126,40.0,40.0,0.7325750000000001,0.002355714561417699
1127,40.0,40.0,0.7323375000000001,0.007607636041939259
1128,40.0,40.0,0.7321,0.008018453605473042
1129,40.0,40.0,0.7318625,0.02461925894021988
1130,40.0,40.0,0.7316250000000001,0.004099080339074135
1131,40.0,40.0,0.7313875,0.0034011858515441418
1132,40.0,40.0,0.7311500000000001,0.0062516918405890465
1133,40.0,40.0,0.7309125,0.0009317561634816229
1134,40.0,40.0,0.7306750000000001,0.0041249217465519905
1135,40.0,40.0,0.7304375000000001,0.0077835796400904655
1136,40.0,40.0,0.7302,0.006767190061509609
1137,40.0,40.0,0.7299625,0.07523686438798904
1138,40.0,40.0,0.7297250000000001,0.010486124083399773
1139,40.0,40.0,0.7294875,0.09247294813394547
1140,40.0,40.0,0.7292500000000001,0.00879498478025198
1141,40.0,40.0,0.7290125000000001,0.004325352609157562
1142,40.0,40.0,0.7287750000000001,0.011525560170412064
1143,40.0,40.0,0.7285375000000001,0.004938520956784487
1144,40.0,40.0,0.7283,0.002729277592152357
1145,40.0,40.0,0.7280625000000001,0.005176016129553318
1146,40.0,40.0,0.727825,0.014949547126889229
1147,40.0,40.0,0.7275874999999999,0.0033657976891845465
1148,40.0,40.0,0.72735,0.0028477744199335575
1149,40.0,40.0,0.7271125,0.008595013990998268
1150,40.0,40.0,0.726875,0.029582493007183075
1151,40.0,40.0,0.7266375,0.11553603410720825
1152,40.0,40.0,0.7263999999999999,0.027781765908002853
1153,40.0,40.0,0.7261625,0.008842811919748783
1154,40.0,40.0,0.725925,0.0038362618070095778
1155,40.0,40.0,0.7256874999999999,0.022746197879314423
1156,40.0,40.0,0.72545,0.003508863039314747
1157,40.0,40.0,0.7252125,0.0024493280798196793
1158,40.0,40.0,0.724975,0.08053439855575562
1159,40.0,40.0,0.7247375,0.004169608000665903
1160,40.0,40.0,0.7245,0.003736736485734582
1161,40.0,40.0,0.7242625,0.001838661264628172
1162,40.0,40.0,0.724025,0.005830487702041864
1163,40.0,40.0,0.7237874999999999,0.014583391137421131
1164,40.0,40.0,0.7235500000000001,0.005253814160823822
1165,40.0,40.0,0.7233125,0.02053746208548546
1166,40.0,40.0,0.723075,0.007805271074175835
1167,40.0,40.0,0.7228375,0.04676135256886482
1168,40.0,40.0,0.7226,0.005366101861000061
1169,40.0,40.0,0.7223625,0.0010973010212182999
1170,40.0,40.0,0.722125,0.006647683680057526
1171,40.0,40.0,0.7218874999999999,0.005742102861404419
1172,40.0,40.0,0.7216500000000001,0.03825090080499649
1173,40.0,40.0,0.7214125,0.015239769592881203
1174,40.0,40.0,0.721175,0.008492233231663704
1175,40.0,40.0,0.7209375,0.002742954296991229
1176,40.0,40.0,0.7207,0.0021016935352236032
1177,40.0,40.0,0.7204625,0.003256985917687416
1178,40.0,40.0,0.720225,0.0013142412062734365
1179,40.0,40.0,0.7199875,0.02428511343896389
1180,40.0,40.0,0.7197500000000001,0.014276154339313507
1181,40.0,40.0,0.7195125,0.004340344108641148
1182,40.0,40.0,0.719275,0.0016266225138679147
1183,40.0,40.0,0.7190375000000001,0.007966568693518639
1184,40.0,40.0,0.7188,0.005549242720007896
1185,40.0,40.0,0.7185625,0.008967412635684013
1186,40.0,40.0,0.718325,0.049936443567276
1187,40.0,40.0,0.7180875,0.01885545812547207
1188,40.0,40.0,0.7178500000000001,0.006350596901029348
1189,40.0,40.0,0.7176125,0.0030802180990576744
1190,40.0,40.0,0.717375,0.011617569252848625
1191,40.0,40.0,0.7171375000000001,0.004131460562348366
1192,40.0,40.0,0.7169,0.0023629984352737665
1193,40.0,40.0,0.7166625,0.013271375559270382
1194,40.0,40.0,0.716425,0.003975957166403532
1195,40.0,40.0,0.7161875,0.04719674587249756
1196,40.0,40.0,0.7159500000000001,0.008662501350045204
1197,40.0,40.0,0.7157125,0.0013317886041477323
1198,40.0,40.0,0.715475,0.0028097671456635
1199,40.0,40.0,0.7152375000000001,0.00677485903725028
1200,40.0,40.0,0.715,0.0031444744672626257
1201,40.0,40.0,0.7147625,0.03596268594264984
1202,40.0,40.0,0.7145250000000001,0.02736828848719597
1203,40.0,40.0,0.7142875,0.003038326045498252
1204,40.0,40.0,0.7140500000000001,0.005690211430191994
1205,40.0,40.0,0.7138125,0.004819770809262991
1206,40.0,40.0,0.7135750000000001,0.001784536987543106
1207,40.0,40.0,0.7133375000000001,0.0023757503367960453
1208,40.0,40.0,0.7131,0.002793318359181285
1209,40.0,40.0,0.7128625,0.0068077570758759975
1210,40.0,40.0,0.7126250000000001,0.001951511949300766
1211,40.0,40.0,0.7123875,0.003719985019415617
1212,40.0,40.0,0.7121500000000001,0.004923641681671143
1213,40.0,40.0,0.7119125,0.005948075093328953
1214,40.0,40.0,0.7116750000000001,0.004513593856245279
1215,40.0,40.0,0.7114375000000001,0.017218176275491714
1216,40.0,40.0,0.7111999999999999,0.01801062747836113
1217,40.0,40.0,0.7109624999999999,0.03917936980724335
1218,40.0,40.0,0.710725,0.00671769306063652
1219,40.0,40.0,0.7104874999999999,0.0028930786065757275
1220,40.0,40.0,0.71025,0.005340792238712311
1221,40.0,40.0,0.7100125,0.01347262877970934
1222,40.0,40.0,0.709775,0.040111999958753586
1223,40.0,40.0,0.7095375,0.04897736385464668
1224,40.0,40.0,0.7092999999999999,0.003336552530527115
1225,40.0,40.0,0.7090625,0.00207331171259284
1226,40.0,40.0,0.708825,0.0029239794239401817
1227,40.0,40.0,0.7085874999999999,0.006383896805346012
1228,40.0,40.0,0.70835,0.009293771348893642
1229,40.0,40.0,0.7081125,0.0037303417921066284
1230,40.0,40.0,0.707875,0.0401807501912117
1231,40.0,40.0,0.7076375,0.007524189539253712
1232,40.0,40.0,0.7073999999999999,0.043332986533641815
1233,40.0,40.0,0.7071625,0.0027511990629136562
1234,40.0,40.0,0.706925,0.0035413613077253103
1235,40.0,40.0,0.7066874999999999,0.0021220764610916376
1236,40.0,40.0,0.70645,0.0029368093237280846
1237,40.0,40.0,0.7062125,0.0012654643505811691
1238,40.0,40.0,0.705975,0.003116041887551546
1239,40.0,40.0,0.7057375,0.03717893362045288
1240,40.0,40.0,0.7055,0.02413077838718891
1241,40.0,40.0,0.7052625,0.0030243685469031334
1242,40.0,40.0,0.705025,0.09616600722074509
1243,40.0,40.0,0.7047874999999999,0.004250869620591402
1244,40.0,40.0,0.7045500000000001,0.025415465235710144
1245,40.0,40.0,0.7043125,0.019091837108135223
1246,40.0,40.0,0.704075,0.009594213217496872
1247,40.0,40.0,0.7038375,0.005119770765304565
1248,40.0,40.0,0.7036,0.010566135868430138
1249,40.0,40.0,0.7033625,0.018770890310406685
1250,40.0,40.0,0.703125,0.045804463326931
1251,40.0,40.0,0.7028875,0.03913825750350952
1252,40.0,40.0,0.7026500000000001,0.01582958549261093
1253,40.0,40.0,0.7024125,0.021795565262436867
1254,40.0,40.0,0.702175,0.00666839350014925
1255,40.0,40.0,0.7019375,0.014348102733492851
1256,40.0,40.0,0.7017,0.0030803196132183075
1257,40.0,40.0,0.7014625000000001,0.002283528447151184
1258,40.0,40.0,0.701225,0.0013450554106384516
1259,40.0,40.0,0.7009875,0.008498483337461948
1260,40.0,40.0,0.7007500000000001,0.0022472222335636616
1261,40.0,40.0,0.7005125,0.0038396460004150867
1262,40.0,40.0,0.700275,0.0056563070975244045
1263,40.0,40.0,0.7000375000000001,0.005469664931297302
1264,40.0,40.0,0.6998,0.006471421103924513
1265,40.0,40.0,0.6995625000000001,0.0073249246925115585
1266,40.0,40.0,0.699325,0.013148847967386246
1267,40.0,40.0,0.6990875000000001,0.01186588779091835
1268,40.0,40.0,0.6988500000000001,0.004502738825976849
1269,40.0,40.0,0.6986125,0.001717977924272418
1270,40.0,40.0,0.698375,0.002590724267065525
1271,40.0,40.0,0.6981375000000001,0.0077202217653393745
1272,40.0,40.0,0.6979,0.004268582910299301
1273,40.0,40.0,0.6976625000000001,0.015078989788889885
1274,40.0,40.0,0.697425,0.010292476043105125
1275,40.0,40.0,0.6971875000000001,0.05162952467799187
1276,40.0,40.0,0.6969500000000001,0.010794803500175476
1277,40.0,40.0,0.6967125,0.011411341838538647
1278,40.0,40.0,0.696475,0.0381377637386322
1279,40.0,40.0,0.6962375000000001,0.01807432435452938
1280,40.0,40.0,0.696,0.013911185786128044
1281,40.0,40.0,0.6957625000000001,0.004509781952947378
1282,40.0,40.0,0.6955250000000001,0.004541382193565369
1283,40.0,40.0,0.6952875000000001,0.0035589197650551796
1284,40.0,40.0,0.6950500000000001,0.008294392377138138
1285,40.0,40.0,0.6948124999999999,0.006049485877156258
1286,40.0,40.0,0.694575,0.01093362458050251
1287,40.0,40.0,0.6943375,0.0016623856499791145
1288,40.0,40.0,0.6940999999999999,0.0013922457583248615
1289,40.0,40.0,0.6938625,0.004424269311130047
1290,40.0,40.0,0.693625,0.002177296206355095
1291,40.0,40.0,0.6933875,0.010692075826227665
1292,40.0,40.0,0.69315,0.004478949587792158
1293,40.0,40.0,0.6929124999999999,0.002551144454628229
1294,40.0,40.0,0.692675,0.0176292322576046
1295,40.0,40.0,0.6924375,0.02856081910431385
1296,40.0,40.0,0.6921999999999999,0.02006908878684044
1297,40.0,40.0,0.6919625,0.01707318052649498
1298,40.0,40.0,0.691725,0.025410357862710953
1299,40.0,40.0,0.6914875,0.03414785861968994
1300,40.0,40.0,0.69125,0.0070593347772955894
1301,40.0,40.0,0.6910125,0.025737158954143524
1302,40.0,40.0,0.690775,0.006134257651865482
1303,40.0,40.0,0.6905375,0.00542776845395565
1304,40.0,40.0,0.6902999999999999,0.012418510392308235
1305,40.0,40.0,0.6900625000000001,0.0031332385260611773
1306,40.0,40.0,0.689825,0.006676490418612957
1307,40.0,40.0,0.6895875,0.006318807601928711
1308,40.0,40.0,0.68935,0.004258568864315748
1309,40.0,40.0,0.6891125,0.005888532381504774
1310,40.0,40.0,0.688875,0.04669332504272461
1311,40.0,40.0,0.6886375,0.03572232276201248
1312,40.0,40.0,0.6883999999999999,0.019196225330233574
1313,40.0,40.0,0.6881625000000001,0.03768610209226608
1314,40.0,40.0,0.687925,0.0027610445395112038
1315,40.0,40.0,0.6876875,0.01037916075438261
1316,40.0,40.0,0.68745,0.008631652221083641
1317,40.0,40.0,0.6872125,0.006343746557831764
1318,40.0,40.0,0.686975,0.010739201679825783
1319,40.0,40.0,0.6867375,0.05334682762622833
1320,40.0,40.0,0.6865,0.02363218553364277
1321,40.0,40.0,0.6862625000000001,0.005565776489675045
1322,40.0,40.0,0.686025,0.007846644148230553
1323,40.0,40.0,0.6857875,0.007691424340009689
1324,40.0,40.0,0.6855500000000001,0.0019613432232290506
1325,40.0,40.0,0.6853125,0.012365296483039856
1326,40.0,40.0,0.685075,0.007347951643168926
1327,40.0,40.0,0.6848375,0.006447046063840389
1328,40.0,40.0,0.6846,0.006845738738775253
1329,40.0,40.0,0.6843625000000001,0.0021101562306284904
1330,40.0,40.0,0.684125,0.0014980793930590153
1331,40.0,40.0,0.6838875,0.007729788310825825
1332,40.0,40.0,0.6836500000000001,0.002867729403078556
1333,40.0,40.0,0.6834125,0.0037505626678466797
1334,40.0,40.0,0.683175,0.0027851099148392677
1335,40.0,40.0,0.6829375,0.00559525890275836
1336,40.0,40.0,0.6827,0.012783914804458618
1337,40.0,40.0,0.6824625000000001,0.006540078669786453
1338,40.0,40.0,0.682225,0.016021642833948135
1339,40.0,40.0,0.6819875,0.03846362978219986
1340,40.0,40.0,0.6817500000000001,0.013315650634467602
1341,40.0,40.0,0.6815125,0.009778125211596489
1342,40.0,40.0,0.681275,0.004285995848476887
1343,40.0,40.0,0.6810375000000001,0.02376212179660797
1344,40.0,40.0,0.6808,0.0023358375765383244
1345,40.0,40.0,0.6805625000000001,0.027171488851308823
1346,40.0,40.0,0.680325,0.013619006611406803
1347,40.0,40.0,0.6800875000000001,0.03645846247673035
1348,40.0,40.0,0.6798500000000001,0.011496162042021751
1349,40.0,40.0,0.6796125,0.015032857656478882
1350,40.0,40.0,0.679375,0.007439460139721632
1351,40.0,40.0,0.6791375000000001,0.052003972232341766
1352,40.0,40.0,0.6789,0.009447678923606873
1353,40.0,40.0,0.6786625000000001,0.0074350000359117985
1354,40.0,40.0,0.678425,0.0019414747366681695
1355,40.0,40.0,0.6781875,0.0037840204313397408
1356,40.0,40.0,0.67795,0.005538498982787132
1357,40.0,40.0,0.6777124999999999,0.005014382768422365
1358,40.0,40.0,0.6774749999999999,0.024928156286478043
1359,40.0,40.0,0.6772375,0.006358002312481403
1360,40.0,40.0,0.6769999999999999,0.012833666056394577
1361,40.0,40.0,0.6767625,0.004569724667817354
1362,40.0,40.0,0.676525,0.0032925403211265802
1363,40.0,40.0,0.6762875,0.007906676270067692
1364,40.0,40.0,0.67605,0.0061815520748496056
1365,40.0,40.0,0.6758124999999999,0.005518362391740084
1366,40.0,40.0,0.675575,0.010149793699383736
1367,40.0,40.0,0.6753375,0.012791255488991737
1368,40.0,40.0,0.6750999999999999,0.004738642834126949
1369,40.0,40.0,0.6748625,0.0033487752079963684
1370,40.0,40.0,0.674625,0.003309272462502122
1371,40.0,40.0,0.6743875,0.010856812819838524
1372,40.0,40.0,0.67415,0.005078449845314026
1373,40.0,40.0,0.6739124999999999,0.00873243622481823
1374,40.0,40.0,0.673675,0.012138139456510544
1375,40.0,40.0,0.6734375,0.016528118401765823
1376,40.0,40.0,0.6732,0.014484910294413567
1377,40.0,40.0,0.6729625,0.010532062500715256
1378,40.0,40.0,0.672725,0.0015068325446918607
1379,40.0,40.0,0.6724875,0.0051462771371006966
1380,40.0,40.0,0.67225,0.003224968444555998
1381,40.0,40.0,0.6720125,0.0034637199714779854
1382,40.0,40.0,0.6717750000000001,0.003482942469418049
1383,40.0,40.0,0.6715375,0.0019610142335295677
1384,40.0,40.0,0.6713,0.0022253410425037146
1385,40.0,40.0,0.6710625000000001,0.0023473724722862244
1386,40.0,40.0,0.670825,0.061078086495399475
1387,40.0,40.0,0.6705875,0.014079498127102852
1388,40.0,40.0,0.67035,0.013475404120981693
1389,40.0,40.0,0.6701125,0.0012107155052945018
1390,40.0,40.0,0.6698750000000001,0.004454076290130615
1391,40.0,40.0,0.6696375,0.008999585174024105
1392,40.0,40.0,0.6694,0.0017474383348599076
1393,40.0,40.0,0.6691625000000001,0.0008727326057851315
1394,40.0,40.0,0.668925,0.004969549365341663
1395,40.0,40.0,0.6686875,0.0010311543010175228
1396,40.0,40.0,0.66845,0.008093238808214664
1397,40.0,40.0,0.6682125,0.1761936992406845
1398,40.0,40.0,0.6679750000000001,0.019923711195588112
1399,40.0,40.0,0.6677375,0.002096701879054308
1400,40.0,40.0,0.6675,0.0023279315792024136
1401,40.0,40.0,0.6672625000000001,0.017626728862524033
1402,40.0,40.0,0.667025,0.005435519851744175
1403,40.0,40.0,0.6667875,0.007069302257150412
1404,40.0,40.0,0.6665500000000001,0.005401724949479103
1405,40.0,40.0,0.6663125,0.009261581115424633
1406,40.0,40.0,0.6660750000000001,0.013470804318785667
1407,40.0,40.0,0.6658375,0.0019146355334669352
1408,40.0,40.0,0.6656000000000001,0.0044988784939050674
1409,40.0,40.0,0.6653625000000001,0.0029581941198557615
1410,40.0,40.0,0.665125,0.0009111796971410513
1411,40.0,40.0,0.6648875,0.004552199970930815
1412,40.0,40.0,0.6646500000000001,0.008364291861653328
1413,40.0,40.0,0.6644125,0.025912156328558922
1414,40.0,40.0,0.6641750000000001,0.009162088856101036
1415,40.0,40.0,0.6639375,0.003494902513921261
1416,40.0,40.0,0.6637000000000001,0.005599617026746273
1417,40.0,40.0,0.6634625000000001,0.0017524762079119682
1418,40.0,40.0,0.663225,0.005131789017468691
1419,40.0,40.0,0.6629875,0.00968913733959198
1420,40.0,40.0,0.6627500000000001,0.003172535914927721
1421,40.0,40.0,0.6625125,0.00207505002617836
1422,40.0,40.0,0.6622750000000001,0.004934518598020077
1423,40.0,40.0,0.6620375000000001,0.0034965008962899446
1424,40.0,40.0,0.6618,0.010787690058350563
1425,40.0,40.0,0.6615625,0.01697651296854019
1426,40.0,40.0,0.6613249999999999,0.0028508836403489113
1427,40.0,40.0,0.6610875,0.0031610080040991306
1428,40.0,40.0,0.66085,0.02095254510641098
1429,40.0,40.0,0.6606124999999999,0.0025426072534173727
1430,40.0,40.0,0.660375,0.0009472167585045099
1431,40.0,40.0,0.6601375,0.053459085524082184
1432,40.0,40.0,0.6599,0.12852507829666138
1433,40.0,40.0,0.6596625,0.015882913023233414
1434,40.0,40.0,0.6594249999999999,0.08172519505023956
1435,40.0,40.0,0.6591875,0.02147863060235977
1436,40.0,40.0,0.65895,0.11699139326810837
1437,40.0,40.0,0.6587124999999999,0.015644097700715065
1438,40.0,40.0,0.658475,0.08406835794448853
1439,40.0,40.0,0.6582375,0.0189113337546587
1440,40.0,40.0,0.658,0.1199253648519516
1441,40.0,40.0,0.6577625,0.03187461197376251
1442,40.0,40.0,0.657525,0.020386990159749985
1443,40.0,40.0,0.6572875,0.01877196505665779
1444,40.0,40.0,0.65705,0.004951663315296173
1445,40.0,40.0,0.6568124999999999,0.0027115631382912397
1446,40.0,40.0,0.6565750000000001,0.005711257457733154
1447,40.0,40.0,0.6563375,0.001223329221829772
1448,40.0,40.0,0.6561,0.0029570991173386574
1449,40.0,40.0,0.6558625,0.0019820132292807102
1450,40.0,40.0,0.655625,0.03822924196720123
1451,40.0,40.0,0.6553875,0.0077270567417144775
1452,40.0,40.0,0.65515,0.0008027153089642525
1453,40.0,40.0,0.6549124999999999,0.003095851745456457
1454,40.0,40.0,0.6546750000000001,0.01869027502834797
1455,40.0,40.0,0.6544375,0.0015023553278297186
1456,40.0,40.0,0.6542,0.0009787804447114468
1457,40.0,40.0,0.6539625,0.0017033019103109837
1458,40.0,40.0,0.653725,0.04008264094591141
1459,40.0,40.0,0.6534875,0.015589174814522266
1460,40.0,40.0,0.65325,0.008223745971918106
1461,40.0,40.0,0.6530125,0.023837141692638397
1462,40.0,40.0,0.6527750000000001,0.0057615842670202255
1463,40.0,40.0,0.6525375,0.038847990334033966
1464,40.0,40.0,0.6523,0.0017887811409309506
1465,40.0,40.0,0.6520625000000001,0.0025200664531439543
1466,40.0,40.0,0.651825,0.005085558630526066
1467,40.0,40.0,0.6515875,0.04667387902736664
1468,40.0,40.0,0.65135,0.01235270220786333
1469,40.0,40.0,0.6511125,0.009886442683637142
1470,40.0,40.0,0.6508750000000001,0.008499305695295334
1471,40.0,40.0,0.6506375,0.010750820860266685
1472,40.0,40.0,0.6504,0.0036104400642216206
1473,40.0,40.0,0.6501625000000001,0.0030626661609858274
1474,40.0,40.0,0.649925,0.005398436449468136
1475,40.0,40.0,0.6496875,0.0035605099983513355
1476,40.0,40.0,0.64945,0.0021392102353274822
1477,40.0,40.0,0.6492125,0.004803376737982035
1478,40.0,40.0,0.6489750000000001,0.0009840981801971793
1479,40.0,40.0,0.6487375,0.005807725712656975
1480,40.0,40.0,0.6485,0.0028347091283649206
1481,40.0,40.0,0.6482625000000001,0.004869004711508751
1482,40.0,40.0,0.648025,0.0012519460869953036
1483,40.0,40.0,0.6477875,0.010962073691189289
1484,40.0,40.0,0.6475500000000001,0.006354562006890774
1485,40.0,40.0,0.6473125,0.012186801061034203
1486,40.0,40.0,0.6470750000000001,0.0019814358092844486
1487,40.0,40.0,0.6468375,0.008317716419696808
1488,40.0,40.0,0.6466000000000001,0.006234414875507355
1489,40.0,40.0,0.6463625000000001,0.04998837038874626
1490,40.0,40.0,0.646125,0.02073296345770359
1491,40.0,40.0,0.6458875,0.009398788213729858
1492,40.0,40.0,0.6456500000000001,0.038493987172842026
1493,40.0,40.0,0.6454125,0.03379098325967789
1494,40.0,40.0,0.645175,0.017603326588869095
1495,40.0,40.0,0.6449374999999999,0.0008187309722416103
1496,40.0,40.0,0.6447,0.0014986579772084951
1497,40.0,40.0,0.6444625,0.00255396100692451
1498,40.0,40.0,0.6442249999999999,0.0038037868216633797
1499,40.0,40.0,0.6439874999999999,0.001999604981392622
1500,40.0,40.0,0.64375,0.00234942976385355
1501,40.0,40.0,0.6435125,0.0012845551827922463
1502,40.0,40.0,0.643275,0.00588315911591053
1503,40.0,40.0,0.6430375,0.007133111357688904
1504,40.0,40.0,0.6428,0.005314468406140804
1505,40.0,40.0,0.6425625,0.005592918023467064
1506,40.0,40.0,0.6423249999999999,0.001608503982424736
1507,40.0,40.0,0.6420875000000001,0.0017185756005346775
1508,40.0,40.0,0.64185,0.001741672633215785
1509,40.0,40.0,0.6416125,0.0025664279237389565
1510,40.0,40.0,0.641375,0.014629174023866653
1511,40.0,40.0,0.6411375,0.007683960720896721
1512,40.0,40.0,0.6409,0.0038715917617082596
1513,40.0,40.0,0.6406625,0.0008876213105395436
1514,40.0,40.0,0.6404249999999999,0.0007883039070293307
1515,40.0,40.0,0.6401875000000001,0.002234413754194975
1516,40.0,40.0,0.63995,0.008969580754637718
1517,40.0,40.0,0.6397125,0.010172738693654537
1518,40.0,40.0,0.639475,0.0025078197941184044
1519,40.0,40.0,0.6392375,0.015057294629514217
1520,40.0,40.0,0.639,0.020612318068742752
1521,40.0,40.0,0.6387625,0.007422104012221098
1522,40.0,40.0,0.638525,0.001973390346392989
1523,40.0,40.0,0.6382875000000001,0.02507023699581623
1524,40.0,40.0,0.63805,0.006841624155640602
1525,40.0,40.0,0.6378125,0.012435493990778923
1526,40.0,40.0,0.6375750000000001,0.010763110592961311
1527,40.0,40.0,0.6373375,0.0037961865309625864
1528,40.0,40.0,0.6371,0.019185198470950127
1529,40.0,40.0,0.6368625,0.0063911667093634605
1530,40.0,40.0,0.636625,0.027368562296032906
1531,40.0,40.0,0.6363875000000001,0.008644426241517067
1532,40.0,40.0,0.63615,0.002138923155143857
1533,40.0,40.0,0.6359125,0.0006884426111355424
1534,40.0,40.0,0.6356750000000001,0.04356537386775017
1535,40.0,40.0,0.6354375,0.004875382408499718
1536,40.0,40.0,0.6352,0.0012546514626592398
1537,40.0,40.0,0.6349625,0.02312181144952774
1538,40.0,40.0,0.634725,0.010488998144865036
1539,40.0,40.0,0.6344875000000001,0.008279513567686081
1540,40.0,40.0,0.63425,0.003917242866009474
1541,40.0,40.0,0.6340125000000001,0.008469108492136002
1542,40.0,40.0,0.6337750000000001,0.010218565352261066
1543,40.0,40.0,0.6335375,0.013254016637802124
1544,40.0,40.0,0.6333,0.007696148939430714
1545,40.0,40.0,0.6330625000000001,0.0017014766344800591
1546,40.0,40.0,0.632825,0.002916658530011773
1547,40.0,40.0,0.6325875000000001,0.0037502185441553593
1548,40.0,40.0,0.63235,0.0016674355138093233
1549,40.0,40.0,0.6321125000000001,0.11502508819103241
1550,40.0,40.0,0.6318750000000001,0.01598936691880226
1551,40.0,40.0,0.6316375,0.08457840979099274
1552,40.0,40.0,0.6314,0.02320101484656334
1553,40.0,40.0,0.6311625000000001,0.0912976786494255
1554,40.0,40.0,0.630925,0.013006116263568401
1555,40.0,40.0,0.6306875000000001,0.1050771027803421
1556,40.0,40.0,0.63045,0.007048420608043671
1557,40.0,40.0,0.6302125000000001,0.006627511233091354
1558,40.0,40.0,0.6299750000000001,0.01982654631137848
1559,40.0,40.0,0.6297375,0.004210891202092171
1560,40.0,40.0,0.6295000000000001,0.012283741496503353
1561,40.0,40.0,0.6292625000000001,0.012017982080578804
1562,40.0,40.0,0.629025,0.10648774355649948
1563,40.0,40.0,0.6287875,0.014362144283950329
1564,40.0,40.0,0.62855,0.0743519589304924
1565,40.0,40.0,0.6283125,0.024748418480157852
1566,40.0,40.0,0.628075,0.006228484213352203
1567,40.0,40.0,0.6278374999999999,0.0026191850192844868
1568,40.0,40.0,0.6276,0.006170292384922504
1569,40.0,40.0,0.6273625,0.005015470087528229
1570,40.0,40.0,0.6271249999999999,0.0035025139804929495
1571,40.0,40.0,0.6268875,0.008602354675531387
1572,40.0,40.0,0.62665,0.001733145909383893
1573,40.0,40.0,0.6264125,0.003212267067283392
1574,40.0,40.0,0.626175,0.0174269862473011
1575,40.0,40.0,0.6259374999999999,0.007131218910217285
1576,40.0,40.0,0.6257,0.002258047927170992
1577,40.0,40.0,0.6254625,0.002877691760659218
1578,40.0,40.0,0.6252249999999999,0.020934922620654106
1579,40.0,40.0,0.6249875,0.010539604350924492
1580,40.0,40.0,0.62475,0.00852835364639759
1581,40.0,40.0,0.6245125,0.01890132576227188
1582,40.0,40.0,0.624275,0.031189817935228348
1583,40.0,40.0,0.6240375,0.019321884959936142
1584,40.0,40.0,0.6238,0.03160082921385765
1585,40.0,40.0,0.6235625,0.010307097807526588
1586,40.0,40.0,0.6233249999999999,0.004008806310594082
1587,40.0,40.0,0.6230875000000001,0.002202700125053525
1588,40.0,40.0,0.62285,0.0024697715416550636
1589,40.0,40.0,0.6226125,0.011335764080286026
1590,40.0,40.0,0.622375,0.017940111458301544
1591,40.0,40.0,0.6221375,0.018816623836755753
1592,40.0,40.0,0.6219,0.021337103098630905
1593,40.0,40.0,0.6216625,0.040044013410806656
1594,40.0,40.0,0.6214249999999999,0.004446985200047493
1595,40.0,40.0,0.6211875000000001,0.001965197501704097
1596,40.0,40.0,0.62095,0.0024633845314383507
1597,40.0,40.0,0.6207125,0.003311422187834978
1598,40.0,40.0,0.620475,0.004495847038924694
1599,40.0,40.0,0.6202375,0.038013018667697906
1600,40.0,40.0,0.62,0.0022427369840443134
1601,40.0,40.0,0.6197625,0.0018920630682259798
1602,40.0,40.0,0.619525,0.08585859090089798
1603,40.0,40.0,0.6192875000000001,0.004008568823337555
1604,40.0,40.0,0.61905,0.0012816430535167456
1605,40.0,40.0,0.6188125,0.0014555307570844889
1606,40.0,40.0,0.6185750000000001,0.0021184885408729315
1607,40.0,40.0,0.6183375,0.007209259085357189
1608,40.0,40.0,0.6181,0.002818252192810178
1609,40.0,40.0,0.6178625,0.0009593822178430855
1610,40.0,40.0,0.617625,0.0026084380224347115
1611,40.0,40.0,0.6173875000000001,0.004362157080322504
1612,40.0,40.0,0.61715,0.0018765190616250038
1613,40.0,40.0,0.6169125,0.0022193354088813066
1614,40.0,40.0,0.6166750000000001,0.014154138043522835
1615,40.0,40.0,0.6164375,0.0024631270207464695
1616,40.0,40.0,0.6162,0.005247856955975294
1617,40.0,40.0,0.6159625,0.007765436079353094
1618,40.0,40.0,0.615725,0.008381052874028683
1619,40.0,40.0,0.6154875000000001,0.04283805936574936
1620,40.0,40.0,0.61525,0.025735948234796524
1621,40.0,40.0,0.6150125000000001,0.008403681218624115
1622,40.0,40.0,0.6147750000000001,0.03838922455906868
1623,40.0,40.0,0.6145375,0.013838199898600578
1624,40.0,40.0,0.6143,0.009282496757805347
1625,40.0,40.0,0.6140625000000001,0.0035322927869856358
1626,40.0,40.0,0.6138250000000001,0.01782955788075924
1627,40.0,40.0,0.6135875000000001,0.0010760653531178832
1628,40.0,40.0,0.61335,0.008416039869189262
1629,40.0,40.0,0.6131125000000001,0.027579866349697113
1630,40.0,40.0,0.6128750000000001,0.002871870528906584
1631,40.0,40.0,0.6126375,0.004277057480067015
1632,40.0,40.0,0.6124,0.004441365599632263
1633,40.0,40.0,0.6121625,0.0014229995431378484
1634,40.0,40.0,0.611925,0.00849522091448307
1635,40.0,40.0,0.6116875,0.0026475563645362854
1636,40.0,40.0,0.6114499999999999,0.002923455322161317
1637,40.0,40.0,0.6112125,0.0018586749210953712
1638,40.0,40.0,0.610975,0.012937841936945915
1639,40.0,40.0,0.6107374999999999,0.015191826038062572
1640,40.0,40.0,0.6105,0.009011687710881233
1641,40.0,40.0,0.6102625,0.031695615500211716
1642,40.0,40.0,0.610025,0.019965652376413345
1643,40.0,40.0,0.6097875,0.017859460785984993
1644,40.0,40.0,0.60955,0.04471138119697571
1645,40.0,40.0,0.6093125,0.016557328402996063
1646,40.0,40.0,0.609075,0.022730041295289993
1647,40.0,40.0,0.6088374999999999,0.035592980682849884
1648,40.0,40.0,0.6086000000000001,0.012235406786203384
1649,40.0,40.0,0.6083625,0.020594701170921326
1650,40.0,40.0,0.608125,0.018815286457538605
1651,40.0,40.0,0.6078875,0.008638464845716953
1652,40.0,40.0,0.60765,0.027730554342269897
1653,40.0,40.0,0.6074125,0.0019257478415966034
1654,40.0,40.0,0.607175,0.027240652590990067
1655,40.0,40.0,0.6069374999999999,0.0026385204400867224
1656,40.0,40.0,0.6067000000000001,0.005166645161807537
1657,40.0,40.0,0.6064625,0.005534496158361435
1658,40.0,40.0,0.606225,0.01649765484035015
1659,40.0,40.0,0.6059875,0.07004594802856445
1660,40.0,40.0,0.60575,0.0019056916935369372
1661,40.0,40.0,0.6055125,0.011397776193916798
1662,40.0,40.0,0.605275,0.00185013294685632
1663,40.0,40.0,0.6050375,0.0022620277013629675
1664,40.0,40.0,0.6048000000000001,0.00486344750970602
1665,40.0,40.0,0.6045625,0.009238125756382942
1666,40.0,40.0,0.604325,0.011770080775022507
1667,40.0,40.0,0.6040875000000001,0.012010743841528893
1668,40.0,40.0,0.60385,0.0013256445527076721
1669,40.0,40.0,0.6036125,0.026818744838237762
1670,40.0,40.0,0.603375,0.011090829037129879
1671,46.0,40.12,0.603109,0.05389826372265816
1672,40.0,40.12,0.6028715,0.018236935138702393
1673,40.0,40.12,0.602634,0.006067952606827021
1674,40.0,40.12,0.6023965,0.043043024837970734
1675,40.0,40.12,0.6021590000000001,0.018896961584687233
1676,40.0,40.12,0.6019215,0.009484117850661278
1677,40.0,40.12,0.601684,0.0011683977209031582
1678,40.0,40.12,0.6014465000000001,0.004963807761669159
1679,40.0,40.12,0.601209,0.0040107714012265205
1680,40.0,40.12,0.6009715,0.005205222871154547
1681,40.0,40.12,0.600734,0.006711690686643124
1682,40.0,40.12,0.6004965,0.0018538804724812508
1683,40.0,40.12,0.6002590000000001,0.00501358462497592
1684,40.0,40.12,0.6000215,0.037708401679992676
1685,40.0,40.12,0.599784,0.01445883046835661
1686,40.0,40.12,0.5995465000000001,0.010584758594632149
1687,40.0,40.12,0.599309,0.0035765464417636395
1688,40.0,40.12,0.5990715,0.003721433924511075
1689,40.0,40.12,0.598834,0.014245356433093548
1690,40.0,40.12,0.5985965,0.0022586346603929996
1691,40.0,40.12,0.5983590000000001,0.00172287633176893
1692,40.0,40.12,0.5981215,0.0032495595514774323
1693,40.0,40.12,0.5978840000000001,0.01784886233508587
1694,40.0,40.12,0.5976465000000001,0.0018427319591864944
1695,40.0,40.12,0.597409,0.031327079981565475
1696,40.0,40.12,0.5971715,0.001851609325967729
1697,40.0,40.12,0.5969340000000001,0.0033939266577363014
1698,40.0,40.12,0.5966965,0.004043762572109699
1699,40.0,40.12,0.5964590000000001,0.008175148628652096
1700,40.0,40.12,0.5962215,0.03110184520483017
1701,40.0,40.12,0.5959840000000001,0.04120401293039322
1702,40.0,40.12,0.5957465000000001,0.017071127891540527
1703,40.0,40.12,0.595509,0.011080881580710411
1704,40.0,40.12,0.5952715,0.03354118764400482
1705,40.0,40.12,0.5950340000000001,0.0037362652365118265
1706,40.0,40.12,0.5947965,0.0028250738978385925
1707,40.0,40.12,0.5945590000000001,0.057995934039354324
1708,40.0,40.12,0.5943215,0.002183284144848585
1709,40.0,40.12,0.5940840000000001,0.021570736542344093
1710,40.0,40.12,0.5938465,0.00878235325217247
1711,40.0,40.12,0.5936089999999999,0.016372187063097954
1712,40.0,40.12,0.5933715,0.0024690849240869284
1713,40.0,40.12,0.593134,0.007186370901763439
1714,40.0,40.12,0.5928964999999999,0.003533034585416317
1715,40.0,40.12,0.592659,0.016378849744796753
1716,40.0,40.12,0.5924215,0.020043212920427322
1717,40.0,40.12,0.592184,0.0027121827006340027
1718,40.0,40.12,0.5919465,0.002083650790154934
1719,40.0,40.12,0.5917089999999999,0.0023939483799040318
1720,40.0,40.12,0.5914715,0.01156032457947731
1721,40.0,40.0,0.591234,0.006987047381699085
1722,40.0,40.0,0.5909964999999999,0.10135382413864136
1723,40.0,40.0,0.590759,0.0219133198261261
1724,40.0,40.0,0.5905215,0.15724915266036987
1725,40.0,40.0,0.590284,0.010114097967743874
1726,40.0,40.0,0.5900465,0.012578574009239674
1727,40.0,40.0,0.5898089999999999,0.0015070941299200058
1728,40.0,40.0,0.5895715,0.0048025017604231834
1729,40.0,40.0,0.589334,0.00371377682313323
1730,40.0,40.0,0.5890964999999999,0.02255324274301529
1731,40.0,40.0,0.588859,0.01398608647286892
1732,40.0,40.0,0.5886215,0.0009135332657024264
1733,40.0,40.0,0.588384,0.00997941568493843
1734,40.0,40.0,0.5881465,0.006885134615004063
1735,40.0,40.0,0.587909,0.026847627013921738
1736,40.0,40.0,0.5876715,0.001695399172604084
1737,40.0,40.0,0.587434,0.014434084296226501
1738,40.0,40.0,0.5871964999999999,0.0016997895436361432
1739,40.0,40.0,0.5869590000000001,0.002141691045835614
1740,40.0,40.0,0.5867215,0.013033510185778141
1741,40.0,40.0,0.586484,0.005505016073584557
1742,40.0,40.0,0.5862465,0.005496124271303415
1743,40.0,40.0,0.586009,0.0034676846116781235
1744,40.0,40.0,0.5857715000000001,0.0015032347291707993
1745,40.0,40.0,0.585534,0.09986173361539841
1746,40.0,40.0,0.5852965,0.02768595702946186
1747,40.0,40.0,0.5850590000000001,0.012120597064495087
1748,40.0,40.0,0.5848215,0.1058686226606369
1749,40.0,40.0,0.584584,0.013258766382932663
1750,40.0,40.0,0.5843465,0.028382448479533195
1751,40.0,40.0,0.584109,0.041250359266996384
1752,40.0,40.0,0.5838715000000001,0.009707074612379074
1753,40.0,40.0,0.583634,0.00568208284676075
1754,40.0,40.0,0.5833965000000001,0.008977096527814865
1755,40.0,40.0,0.5831590000000001,0.010124686174094677
1756,40.0,40.0,0.5829215,0.03389795124530792
1757,40.0,40.0,0.582684,0.01796027272939682
1758,40.0,40.0,0.5824465000000001,0.018190894275903702
1759,40.0,40.0,0.582209,0.03315788134932518
1760,40.0,40.0,0.5819715000000001,0.010409053415060043
1761,40.0,40.0,0.581734,0.00699030002579093
1762,40.0,40.0,0.5814965000000001,0.004327883943915367
1763,40.0,40.0,0.5812590000000001,0.011190246790647507
1764,40.0,40.0,0.5810215,0.0058797914534807205
1765,40.0,40.0,0.580784,0.0015908608911558986
1766,40.0,40.0,0.5805465000000001,0.003264862112700939
1767,40.0,40.0,0.580309,0.006657733116298914
1768,40.0,40.0,0.5800715000000001,0.002609929535537958
1769,40.0,40.0,0.579834,0.003534211777150631
1770,40.0,40.0,0.5795965000000001,0.002110024681314826
1771,40.0,40.0,0.5793590000000001,0.0027439864352345467
1772,40.0,40.0,0.5791215,0.008062130771577358
1773,40.0,40.0,0.5788840000000001,0.008427131921052933
1774,40.0,40.0,0.5786465000000001,0.07391504943370819
1775,40.0,40.0,0.578409,0.04521479085087776
1776,40.0,40.0,0.5781715000000001,0.026875682175159454
1777,40.0,40.0,0.5779340000000001,0.006931812968105078
1778,40.0,40.0,0.5776965000000001,0.005746772512793541
1779,40.0,40.0,0.5774590000000001,0.010929184034466743
1780,40.0,40.0,0.5772214999999999,0.021518386900424957
1781,40.0,40.0,0.576984,0.04161197692155838
1782,40.0,40.0,0.5767465,0.004018682986497879
1783,40.0,40.0,0.5765089999999999,0.0022454168647527695
1784,40.0,40.0,0.5762715,0.005293193273246288
1785,40.0,40.0,0.576034,0.0039985282346606255
1786,40.0,40.0,0.5757965,0.02796274982392788
1787,40.0,40.0,0.575559,0.014263641089200974
1788,40.0,40.0,0.5753214999999999,0.02142162434756756
1789,40.0,40.0,0.575084,0.00348937651142478
1790,40.0,40.0,0.5748465,0.028844822198152542
1791,40.0,40.0,0.5746089999999999,0.014785723760724068
1792,40.0,40.0,0.5743715,0.020014232024550438
1793,40.0,40.0,0.574134,0.03603439778089523
1794,40.0,40.0,0.5738965,0.01141433883458376
1795,40.0,40.0,0.573659,0.007112730760127306
1796,40.0,40.0,0.5734215,0.054597094655036926
1797,40.0,40.0,0.573184,0.021732566878199577
1798,40.0,40.0,0.5729465,0.004673976916819811
1799,40.0,40.0,0.5727089999999999,0.03198210150003433
1800,40.0,40.0,0.5724715000000001,0.01308049913495779
1801,40.0,40.0,0.572234,0.004172046668827534
1802,40.0,40.0,0.5719965,0.010807784274220467
1803,40.0,40.0,0.571759,0.0036713373847305775
1804,40.0,40.0,0.5715215,0.0064568715170025826
1805,40.0,40.0,0.571284,0.004074272699654102
1806,40.0,40.0,0.5710465,0.0032385983504354954
1807,40.0,40.0,0.5708089999999999,0.0019273117650300264
1808,40.0,40.0,0.5705715000000001,0.0026093185879290104
1809,40.0,40.0,0.570334,0.004914051853120327
1810,40.0,40.0,0.5700965,0.0024337044451385736
1811,40.0,40.0,0.569859,0.0015202475478872657
1812,40.0,40.0,0.5696215,0.0016770859947428107
1813,40.0,40.0,0.569384,0.007657852955162525
1814,40.0,40.0,0.5691465,0.004088394343852997
1815,40.0,40.0,0.568909,0.024101920425891876
1816,40.0,40.0,0.5686715000000001,0.009753594174981117
1817,40.0,40.0,0.568434,0.07067835330963135
1818,40.0,40.0,0.5681965,0.0026302440091967583
1819,40.0,40.0,0.5679590000000001,0.004185350611805916
1820,40.0,40.0,0.5677215,0.0059044249355793
1821,40.0,40.0,0.567484,0.009866910986602306
1822,40.0,40.0,0.5672465,0.0016444784123450518
1823,40.0,40.0,0.567009,0.013524799607694149
1824,40.0,40.0,0.5667715000000001,0.0024144898634403944
1825,40.0,40.0,0.566534,0.002865889109671116
1826,40.0,40.0,0.5662965,0.0013656822266057134
1827,40.0,40.0,0.5660590000000001,0.0013951812870800495
1828,40.0,40.0,0.5658215,0.008833742700517178
1829,40.0,40.0,0.565584,0.008043631911277771
1830,40.0,40.0,0.5653465,0.011963032186031342
1831,40.0,40.0,0.565109,0.012768580578267574
1832,40.0,40.0,0.5648715000000001,0.0467185452580452
1833,40.0,40.0,0.564634,0.0327090360224247
1834,40.0,40.0,0.5643965000000001,0.007808353751897812
1835,40.0,40.0,0.5641590000000001,0.02541958913207054
1836,40.0,40.0,0.5639215,0.01636532135307789
1837,40.0,40.0,0.563684,0.012439941987395287
1838,40.0,40.0,0.5634465000000001,0.0016252860659733415
1839,40.0,40.0,0.563209,0.001377984182909131
1840,40.0,40.0,0.5629715000000001,0.02077757567167282
1841,40.0,40.0,0.562734,0.012791154906153679
1842,40.0,40.0,0.5624965000000001,0.025185953825712204
1843,40.0,40.0,0.5622590000000001,0.0054486896842718124
1844,40.0,40.0,0.5620215,0.013985268771648407
1845,40.0,40.0,0.561784,0.005795746110379696
1846,40.0,40.0,0.5615465000000001,0.007927726954221725
1847,40.0,40.0,0.561309,0.0028309286572039127
1848,40.0,40.0,0.5610715000000001,0.001974067185074091
1849,40.0,40.0,0.5608339999999999,0.003953765146434307
1850,40.0,40.0,0.5605965,0.03619168698787689
1851,40.0,40.0,0.560359,0.02294502779841423
1852,40.0,40.0,0.5601214999999999,0.01222299225628376
1853,40.0,40.0,0.559884,0.04646419733762741
1854,40.0,40.0,0.5596465,0.017071496695280075
1855,40.0,40.0,0.5594089999999999,0.006753694266080856
1856,40.0,40.0,0.5591715,0.03406995162367821
1857,40.0,40.0,0.558934,0.0145594272762537
1858,40.0,40.0,0.5586965,0.01360446959733963
1859,40.0,40.0,0.558459,0.028708338737487793
1860,40.0,40.0,0.5582214999999999,0.034395501017570496
1861,40.0,40.0,0.557984,0.010227734223008156
1862,40.0,40.0,0.5577465,0.03880631923675537
1863,40.0,40.0,0.5575089999999999,0.011504915542900562
1864,40.0,40.0,0.5572715,0.009461084380745888
1865,40.0,40.0,0.557034,0.03004208207130432
1866,40.0,40.0,0.5567965,0.027133457362651825
1867,40.0,40.0,0.556559,0.009188500232994556
1868,40.0,40.0,0.5563214999999999,0.003851464716717601
1869,40.0,40.0,0.5560840000000001,0.005876197945326567
1870,40.0,40.0,0.5558465,0.004554828628897667
1871,40.0,40.0,0.555609,0.011741585098206997
1872,40.0,40.0,0.5553715,0.008534997701644897
1873,40.0,40.0,0.555134,0.004396015778183937
1874,40.0,40.0,0.5548965,0.006882025394588709
1875,40.0,40.0,0.554659,0.0034383463207632303
1876,40.0,40.0,0.5544215,0.009627318941056728
1877,40.0,40.0,0.5541840000000001,0.002775202039629221
1878,40.0,40.0,0.5539465,0.013827432878315449
1879,40.0,40.0,0.553709,0.02249312959611416
1880,40.0,40.0,0.5534715000000001,0.009224114008247852
1881,40.0,40.0,0.553234,0.004597926512360573
1882,40.0,40.0,0.5529965,0.009580967016518116
1883,40.0,40.0,0.552759,0.010619470849633217
1884,40.0,40.0,0.5525215,0.034540776163339615
1885,40.0,40.0,0.5522840000000001,0.08379935473203659
1886,40.0,40.0,0.5520465,0.023835770785808563
1887,40.0,40.0,0.551809,0.008554534986615181
1888,40.0,40.0,0.5515715000000001,0.0008868087315931916
1889,40.0,40.0,0.551334,0.010939548723399639
1890,40.0,40.0,0.5510965,0.010117124766111374
1891,40.0,40.0,0.550859,0.002061053179204464
1892,40.0,40.0,0.5506215,0.0066048093140125275
1893,40.0,40.0,0.5503840000000001,0.002730216830968857
1894,40.0,40.0,0.5501465,0.001741910818964243
1895,40.0,40.0,0.549909,0.007257172837853432
1896,40.0,40.0,0.5496715000000001,0.010280366986989975
1897,40.0,40.0,0.549434,0.038834743201732635
1898,40.0,40.0,0.5491965,0.021664392203092575
1899,40.0,40.0,0.548959,0.009953310713171959
1900,40.0,40.0,0.5487215,0.04944729059934616
1901,40.0,40.0,0.5484840000000001,0.010729135014116764
1902,40.0,40.0,0.5482465,0.00301083130761981
1903,40.0,40.0,0.548009,0.0013811251847073436
1904,40.0,40.0,0.5477715000000001,0.00743849715217948
1905,40.0,40.0,0.547534,0.012623987160623074
1906,40.0,40.0,0.5472965,0.022732215002179146
1907,40.0,40.0,0.547059,0.08628532290458679
1908,40.0,40.0,0.5468215,0.022077715024352074
1909,40.0,40.0,0.5465840000000001,0.11311525106430054
1910,40.0,40.0,0.5463465,0.02240811660885811
1911,40.0,40.0,0.546109,0.08869953453540802
1912,40.0,40.0,0.5458715000000001,0.02641039341688156
1913,40.0,40.0,0.545634,0.0941840410232544
1914,40.0,40.0,0.5453965,0.02087932452559471
1915,40.0,40.0,0.5451590000000001,0.10173358023166656
1916,40.0,40.0,0.5449215,0.012941892258822918
1917,40.0,40.0,0.5446840000000001,0.10063253343105316
1918,40.0,40.0,0.5444464999999999,0.023208217695355415
1919,40.0,40.0,0.544209,0.08493037521839142
1920,40.0,40.0,0.5439715,0.009167002514004707
1921,40.0,40.0,0.5437339999999999,0.005776579491794109
1922,40.0,40.0,0.5434964999999999,0.0035837318282574415
1923,40.0,40.0,0.543259,0.006052560172975063
1924,40.0,40.0,0.5430214999999999,0.002668636152520776
1925,40.0,40.0,0.542784,0.003373553976416588
1926,40.0,40.0,0.5425464999999999,0.006926535628736019
1927,40.0,40.0,0.542309,0.004025766626000404
1928,40.0,40.0,0.5420715,0.008993420749902725
1929,40.0,40.0,0.5418339999999999,0.04712021350860596
1930,40.0,40.0,0.5415964999999999,0.010240794159471989
1931,40.0,40.0,0.541359,0.00859908014535904
1932,40.0,40.0,0.5411214999999999,0.009719114750623703
1933,40.0,40.0,0.540884,0.008037719875574112
1934,40.0,40.0,0.5406465,0.004797108005732298
1935,40.0,40.0,0.540409,0.012078048661351204
1936,40.0,40.0,0.5401715,0.0119707603007555
1937,40.0,40.0,0.5399339999999999,0.0015196941094473004
1938,40.0,40.0,0.5396965,0.024939145892858505
1939,40.0,40.0,0.539459,0.007590466178953648
1940,40.0,40.0,0.5392214999999999,0.028191786259412766
1941,40.0,40.0,0.538984,0.0016060441266745329
1942,40.0,40.0,0.5387465,0.002902246080338955
1943,40.0,40.0,0.538509,0.0011691168183460832
1944,40.0,40.0,0.5382715,0.004387499764561653
1945,40.0,40.0,0.5380339999999999,0.006425713188946247
1946,40.0,40.0,0.5377965,0.0030926840845495462
1947,40.0,40.0,0.537559,0.002291787415742874
1948,40.0,40.0,0.5373214999999999,0.01712804101407528
1949,40.0,40.0,0.537084,0.0021090314257889986
1950,40.0,40.0,0.5368465,0.005681957118213177
1951,40.0,40.0,0.536609,0.0016390718519687653
1952,40.0,40.0,0.5363715,0.0031073105055838823
1953,40.0,40.0,0.536134,0.013821383006870747
1954,40.0,40.0,0.5358965,0.0019334856187924743
1955,40.0,40.0,0.535659,0.006277881097048521
1956,40.0,40.0,0.5354214999999999,0.01040682289749384
1957,40.0,40.0,0.5351840000000001,0.008353691548109055
1958,40.0,40.0,0.5349465,0.010360012762248516
1959,40.0,40.0,0.534709,0.008885432034730911
1960,40.0,40.0,0.5344715,0.012685885652899742
1961,40.0,40.0,0.534234,0.022081879898905754
1962,40.0,40.0,0.5339965,0.05139729380607605
1963,40.0,40.0,0.533759,0.010636062361299992
1964,40.0,40.0,0.5335214999999999,0.0206557996571064
1965,40.0,40.0,0.5332840000000001,0.003727087751030922
1966,40.0,40.0,0.5330465,0.0145485270768404
1967,40.0,40.0,0.532809,0.0537773035466671
1968,40.0,40.0,0.5325715,0.003909232094883919
1969,40.0,40.0,0.532334,0.00888337753713131
1970,40.0,40.0,0.5320965,0.0021995864808559418
1971,40.0,40.0,0.531859,0.005873178597539663
1972,40.0,40.0,0.5316215,0.007765535730868578
1973,40.0,40.0,0.5313840000000001,0.008382885716855526
1974,40.0,40.0,0.5311465,0.008510351181030273
1975,40.0,40.0,0.530909,0.00886533223092556
1976,40.0,40.0,0.5306715000000001,0.006440617144107819
1977,40.0,40.0,0.530434,0.0027961593586951494
1978,40.0,40.0,0.5301965,0.00335318292491138
1979,40.0,40.0,0.529959,0.0048868004232645035
1980,40.0,40.0,0.5297215,0.04125669598579407
1981,40.0,40.0,0.5294840000000001,0.009473377838730812
1982,40.0,40.0,0.5292465,0.001932887127622962
1983,40.0,40.0,0.529009,0.009355710819363594
1984,40.0,40.0,0.5287715000000001,0.00888469722121954
1985,40.0,40.0,0.528534,0.0328739657998085
1986,40.0,40.0,0.5282965,0.011611931025981903
1987,40.0,40.0,0.528059,0.015766389667987823
1988,40.0,40.0,0.5278214999999999,0.08144180476665497
1989,40.0,40.0,0.527584,0.016027335077524185
1990,40.0,40.0,0.5273464999999999,0.009535292163491249
1991,40.0,40.0,0.5271089999999999,0.056967899203300476
1992,40.0,40.0,0.5268715,0.01145070232450962
1993,40.0,40.0,0.5266339999999999,0.008532717823982239
1994,40.0,40.0,0.5263965,0.0220005065202713
1995,40.0,40.0,0.526159,0.005797977093607187
1996,40.0,40.0,0.5259215,0.013201577588915825
1997,40.0,40.0,0.525684,0.014923153445124626
1998,40.0,40.0,0.5254464999999999,0.012795554473996162
1999,40.0,40.0,0.525209,0.029020916670560837
2000,40.0,40.0,0.5249715,0.019693652167916298
2001,40.0,40.0,0.524734,0.005230436101555824
2002,40.0,40.0,0.5244964999999999,0.004940731450915337
2003,40.0,40.0,0.524259,0.002920710016041994
2004,40.0,40.0,0.5240215,0.0024117911234498024
2005,40.0,40.0,0.523784,0.005766400136053562
2006,40.0,40.0,0.5235464999999999,0.014432767406105995
2007,40.0,40.0,0.523309,0.011637936346232891
2008,40.0,40.0,0.5230715,0.1073836088180542
2009,40.0,40.0,0.522834,0.03717419505119324
2010,40.0,40.0,0.5225965,0.006150980480015278
2011,40.0,40.0,0.522359,0.016525402665138245
2012,40.0,40.0,0.5221215,0.004449350293725729
2013,40.0,40.0,0.521884,0.005761005915701389
2014,40.0,40.0,0.5216465,0.016389064490795135
2015,40.0,40.0,0.521409,0.12662570178508759
2016,40.0,40.0,0.5211715,0.02700881101191044
2017,40.0,40.0,0.520934,0.05876840651035309
2018,40.0,40.0,0.5206965,0.03160477802157402
2019,40.0,40.0,0.520459,0.073328897356987
2020,40.0,40.0,0.5202215,0.14406101405620575
2021,40.0,40.0,0.519984,0.016646770760416985
2022,40.0,40.0,0.5197465,0.028279703110456467
2023,40.0,40.0,0.519509,0.019084185361862183
2024,40.0,40.0,0.5192715,0.009106816723942757
2025,40.0,40.0,0.519034,0.005101374350488186
2026,40.0,40.0,0.5187965,0.008904832415282726
2027,40.0,40.0,0.518559,0.02502061426639557
2028,40.0,40.0,0.5183215,0.014384070411324501
2029,40.0,40.0,0.518084,0.004122057463973761
2030,40.0,40.0,0.5178465,0.008172749541699886
2031,40.0,40.0,0.517609,0.027501825243234634
2032,40.0,40.0,0.5173715,0.005759730003774166
2033,40.0,40.0,0.5171340000000001,0.002927418565377593
2034,40.0,40.0,0.5168965,0.009020717814564705
2035,40.0,40.0,0.516659,0.06497009098529816
2036,40.0,40.0,0.5164215,0.016805777326226234
2037,40.0,40.0,0.5161840000000001,0.021172069013118744
2038,40.0,40.0,0.5159465,0.027418827638030052
2039,40.0,40.0,0.515709,0.02684010937809944
2040,40.0,40.0,0.5154715,0.008464337326586246
2041,40.0,40.0,0.5152340000000001,0.0510091558098793
2042,40.0,40.0,0.5149965,0.003696596948429942
2043,40.0,40.0,0.514759,0.00826241448521614
2044,40.0,40.0,0.5145215,0.016707714647054672
2045,40.0,40.0,0.5142840000000001,0.012371497228741646
2046,40.0,40.0,0.5140465,0.10220092535018921
2047,40.0,40.0,0.513809,0.020944807678461075
2048,40.0,40.0,0.5135715,0.08003069460391998
2049,40.0,40.0,0.5133340000000001,0.011152605526149273
2050,40.0,40.0,0.5130965,0.07397648692131042
2051,40.0,40.0,0.512859,0.01945320889353752
2052,40.0,40.0,0.5126215000000001,0.002511725528165698
2053,40.0,40.0,0.5123840000000001,0.011430958285927773
2054,40.0,40.0,0.5121465,0.036726322025060654
2055,40.0,40.0,0.511909,0.009511617943644524
2056,40.0,40.0,0.5116715000000001,0.011289171874523163
2057,40.0,40.0,0.511434,0.01921216957271099
2058,40.0,40.0,0.5111964999999999,0.007204842288047075
2059,40.0,40.0,0.5109589999999999,0.003079415298998356
2060,40.0,40.0,0.5107215,0.02953348308801651
2061,40.0,40.0,0.510484,0.10581802576780319
2062,40.0,40.0,0.5102464999999999,0.03292446956038475
2063,40.0,40.0,0.5100089999999999,0.022411419078707695
2064,40.0,40.0,0.5097715,0.007813980802893639
2065,40.0,40.0,0.509534,0.023323800414800644
2066,40.0,40.0,0.5092964999999999,0.05670624598860741
2067,40.0,40.0,0.5090589999999999,0.01749594137072563
2068,40.0,40.0,0.5088215,0.0344456322491169
2069,40.0,40.0,0.508584,0.02285246178507805
2070,40.0,40.0,0.5083464999999999,0.008768144994974136
2071,40.0,40.0,0.508109,0.0058652497828006744
2072,40.0,40.0,0.5078715,0.04023372754454613
2073,40.0,40.0,0.507634,0.06429528445005417
2074,40.0,40.0,0.5073964999999999,0.004179604817181826
2075,40.0,40.0,0.507159,0.009903229773044586
2076,40.0,40.0,0.5069215,0.04352011904120445
2077,40.0,40.0,0.506684,0.012933121994137764
2078,40.0,40.0,0.5064464999999999,0.002698911353945732
2079,40.0,40.0,0.506209,0.005002649500966072
2080,40.0,40.0,0.5059715,0.06131724268198013
2081,40.0,40.0,0.505734,0.0054284436628222466
2082,40.0,40.0,0.5054964999999999,0.01740230992436409
2083,40.0,40.0,0.505259,0.0043257297948002815
2084,40.0,40.0,0.5050215,0.012193707749247551
2085,40.0,40.0,0.504784,0.00817192904651165
2086,40.0,40.0,0.5045464999999999,0.02053115703165531
2087,40.0,40.0,0.504309,0.011996844783425331
2088,40.0,40.0,0.5040715,0.0037490844260901213
2089,40.0,40.0,0.503834,0.03507165610790253
2090,40.0,40.0,0.5035965,0.01558296475559473
2091,40.0,40.0,0.503359,0.005587165243923664
2092,40.0,40.0,0.5031215,0.040959667414426804
2093,40.0,40.0,0.502884,0.014859000220894814
2094,40.0,40.0,0.5026465,0.05297692120075226
2095,40.0,40.0,0.502409,0.003951993305236101
2096,40.0,40.0,0.5021715,0.0025722060818225145
2097,40.0,40.0,0.501934,0.006490413099527359
2098,40.0,40.0,0.5016965,0.003930667880922556
2099,40.0,40.0,0.501459,0.0062848846428096294
2100,40.0,40.0,0.5012215,0.02689414657652378
2101,40.0,40.0,0.500984,0.013994934037327766
2102,40.0,40.0,0.5007465,0.026014408096671104
2103,40.0,40.0,0.500509,0.00918894074857235
2104,40.0,40.0,0.5002715,0.032642513513565063
2105,40.0,40.0,0.500034,0.0022914556320756674
2106,40.0,40.0,0.4997964999999999,0.011416653171181679
2107,40.0,40.0,0.4995589999999999,0.0056737265549600124
2108,40.0,40.0,0.4993215,0.058008063584566116
2109,40.0,40.0,0.49908399999999997,0.055449631065130234
2110,40.0,40.0,0.4988464999999999,0.07065173983573914
2111,40.0,40.0,0.49860899999999997,0.015416887588799
2112,40.0,40.0,0.49837149999999997,0.0021534892730414867
2113,40.0,40.0,0.498134,0.02891717478632927
2114,40.0,40.0,0.4978964999999999,0.012496132403612137
2115,40.0,40.0,0.49765899999999996,0.00878818891942501
2116,40.0,40.0,0.49742149999999996,0.0039017763920128345
2117,40.0,40.0,0.497184,0.0034492542035877705
2118,40.0,40.0,0.4969465,0.0051435986533761024
2119,40.0,40.0,0.49670899999999996,0.007238481193780899
2120,40.0,40.0,0.49647149999999995,0.05790749192237854
2121,40.0,40.0,0.496234,0.05541248247027397
2122,40.0,40.0,0.4959965,0.009787938557565212
2123,40.0,40.0,0.49575899999999995,0.025786656886339188
2124,40.0,40.0,0.49552149999999995,0.06357067078351974
2125,40.0,40.0,0.495284,0.015285110101103783
2126,40.0,40.0,0.4950465,0.026787951588630676
2127,40.0,40.0,0.49480899999999994,0.021157627925276756
2128,40.0,40.0,0.49457149999999994,0.015875406563282013
2129,40.0,40.0,0.494334,0.006159606855362654
2130,40.0,40.0,0.4940965,0.042208556085824966
2131,40.0,40.0,0.49385899999999994,0.04896251857280731
2132,40.0,40.0,0.4936215,0.01664081960916519
2133,40.0,40.0,0.493384,0.012716603465378284
2134,40.0,40.0,0.49314650000000004,0.021395394578576088
2135,40.0,40.0,0.49290899999999993,0.007375211454927921
2136,40.0,40.0,0.4926715,0.041191864758729935
2137,40.0,40.0,0.492434,0.0072575947269797325
2138,40.0,40.0,0.49219650000000004,0.013166191056370735
2139,40.0,40.0,0.4919589999999999,0.01485626120120287
2140,40.0,40.0,0.4917215,0.22984232008457184
2141,40.0,40.0,0.491484,0.17496980726718903
2142,40.0,40.0,0.49124650000000003,0.05394420400261879
2143,40.0,40.0,0.4910089999999999,0.00589262368157506
2144,40.0,40.0,0.49077149999999997,0.0064564840868115425
2145,40.0,40.0,0.49053399999999997,0.0067470138892531395
2146,40.0,40.0,0.4902965,0.010270530357956886
2147,40.0,40.0,0.4900589999999999,0.0290717501193285
2148,40.0,40.0,0.48982149999999997,0.015872210264205933
2149,40.0,40.0,0.48958399999999996,0.013924172148108482
2150,40.0,40.0,0.4893465,0.07341017574071884
2151,40.0,40.0,0.48910899999999996,0.03540452569723129
2152,40.0,40.0,0.48887149999999996,0.12527859210968018
2153,40.0,40.0,0.488634,0.020705584436655045
2154,40.0,40.0,0.4883965,0.11067415773868561
2155,40.0,40.0,0.48815899999999995,0.02192038670182228
2156,40.0,40.0,0.48792149999999995,0.11672163009643555
2157,40.0,40.0,0.487684,0.04443434625864029
2158,40.0,40.0,0.4874465,0.09128686040639877
2159,40.0,40.0,0.48720899999999995,0.03035178780555725
2160,40.0,40.0,0.48697149999999995,0.24158871173858643
2161,40.0,40.0,0.486734,0.1942940652370453
2162,40.0,40.0,0.4864965,0.21548977494239807
2163,40.0,40.0,0.48625899999999994,0.18844322860240936
2164,40.0,40.0,0.48602149999999994,0.010260079056024551
2165,40.0,40.0,0.485784,0.04619556665420532
2166,40.0,40.0,0.4855465,0.03379439562559128
2167,40.0,40.0,0.48530899999999993,0.04917857050895691
2168,40.0,40.0,0.48507149999999993,0.014371476136147976
2169,40.0,40.0,0.484834,0.029297426342964172
2170,40.0,40.0,0.4845965,0.021668611094355583
2171,40.0,40.0,0.48435899999999993,0.02147606573998928
2172,40.0,40.0,0.4841215,0.04859139770269394
2173,40.0,40.0,0.483884,0.014085741713643074
2174,40.0,40.0,0.48364650000000003,0.025655843317508698
2175,40.0,40.0,0.4834089999999999,0.005966120399534702
2176,40.0,40.0,0.4831715,0.017361603677272797
2177,40.0,40.0,0.482934,0.012584751471877098
2178,40.0,40.0,0.48269650000000003,0.04444171115756035
2179,40.0,40.0,0.4824589999999999,0.04472583532333374
2180,40.0,40.0,0.48222149999999997,0.26161110401153564
2181,40.0,40.0,0.48198399999999997,0.041555847972631454
2182,40.0,40.0,0.4817465,0.018876127898693085
2183,40.0,40.0,0.4815089999999999,0.0069326963275671005
2184,40.0,40.0,0.48127149999999996,0.053072862327098846
2185,40.0,40.0,0.48103399999999996,0.008192764595150948
2186,40.0,40.0,0.4807965,0.018033156171441078
2187,40.0,40.0,0.4805589999999999,0.017244337126612663
2188,40.0,40.0,0.48032149999999996,0.007018477655947208
2189,40.0,40.0,0.48008399999999996,0.022161735221743584
2190,40.0,40.0,0.4798465,0.03155352175235748
2191,40.0,40.0,0.47960899999999995,0.08863216638565063
2192,40.0,40.0,0.47937149999999995,0.027726858854293823
2193,40.0,40.0,0.479134,0.04843886196613312
2194,40.0,40.0,0.4788965,0.0663226991891861
2195,40.0,40.0,0.47865899999999995,0.018596051260828972
2196,40.0,40.0,0.47842149999999994,0.1468658149242401
2197,40.0,40.0,0.478184,0.007950741797685623
2198,40.0,40.0,0.4779465,0.021456891670823097
2199,40.0,40.0,0.47770899999999994,0.06379058212041855
2200,40.0,40.0,0.47747149999999994,0.14055372774600983
2201,40.0,40.0,0.477234,0.09884583204984665
2202,40.0,40.0,0.4769965,0.0121791772544384
2203,40.0,40.0,0.47675899999999993,0.009435474872589111
2204,40.0,40.0,0.47652149999999993,0.006708052940666676
2205,40.0,40.0,0.476284,0.019106367602944374
2206,40.0,40.0,0.4760465,0.06334448605775833
2207,40.0,40.0,0.4758089999999999,0.0355033315718174
2208,40.0,40.0,0.4755714999999999,0.01419105939567089
2209,40.0,40.0,0.475334,0.018578873947262764
2210,40.0,40.0,0.4750965,0.020233141258358955
2211,40.0,40.0,0.4748589999999999,0.010155010037124157
2212,40.0,40.0,0.4746215,0.09697222709655762
2213,40.0,40.0,0.474384,0.07589311897754669
2214,40.0,40.0,0.4741465,0.12342439591884613
2215,40.0,40.0,0.4739089999999999,0.029439611360430717
2216,40.0,40.0,0.47367149999999997,0.02052789181470871
2217,40.0,40.0,0.47343399999999997,0.04078996554017067
2218,40.0,40.0,0.4731965,0.03410884737968445
2219,40.0,40.0,0.4729589999999999,0.03214627876877785
2220,40.0,40.0,0.47272149999999996,0.3553319573402405
2221,40.0,40.0,0.47248399999999996,0.009843802079558372
2222,40.0,40.0,0.4722465,0.06931054592132568
2223,40.0,40.0,0.4720089999999999,0.032480157911777496
2224,40.0,40.0,0.47177149999999995,0.03728527948260307
2225,40.0,40.0,0.47153399999999995,0.03459372743964195
2226,40.0,40.0,0.4712965,0.014357302337884903
2227,40.0,40.0,0.4710589999999999,0.006792897824198008
2228,40.0,40.0,0.47082149999999995,0.04392431303858757
2229,40.0,40.0,0.47058399999999995,0.06176692247390747
2230,40.0,40.0,0.4703465,0.023596178740262985
2231,40.0,40.0,0.47010899999999994,0.00472102127969265
2232,40.0,40.0,0.46987149999999994,0.025132479146122932
2233,40.0,40.0,0.469634,0.005657123867422342
2234,40.0,40.0,0.4693965,0.04185491055250168
2235,40.0,40.0,0.46915899999999994,0.02854684740304947
2236,40.0,40.0,0.46892149999999994,0.03298231214284897
2237,40.0,40.0,0.468684,0.09741540998220444
2238,40.0,40.0,0.4684465,0.0026359697803854942
2239,40.0,40.0,0.46820899999999993,0.04015381634235382
2240,40.0,40.0,0.46797149999999993,0.017413346096873283
2241,40.0,40.0,0.467734,0.04150139540433884
2242,40.0,40.0,0.4674965,0.061203859746456146
2243,40.0,40.0,0.46725900000000004,0.037139829248189926
2244,40.0,40.0,0.4670214999999999,0.05002100020647049
2245,40.0,40.0,0.466784,0.03635506331920624
2246,40.0,40.0,0.4665465,0.004381749778985977
2247,40.0,40.0,0.46630900000000003,0.00960597861558199
2248,40.0,40.0,0.4660714999999999,0.012019059620797634
2249,40.0,40.0,0.46583399999999997,0.009777160361409187
2250,40.0,40.0,0.46559649999999997,0.007812905125319958
2251,40.0,40.0,0.465359,0.02664623036980629
2252,40.0,40.0,0.46512149999999997,0.0403745211660862
2253,40.0,40.0,0.46488399999999996,0.12604068219661713
2254,40.0,40.0,0.4646465,0.023352328687906265
2255,40.0,40.0,0.464409,0.12100604176521301
2256,40.0,40.0,0.46417149999999996,0.017144588753581047
2257,40.0,40.0,0.46393399999999996,0.14629070460796356
2258,40.0,40.0,0.4636965,0.014343654736876488
2259,40.0,40.0,0.463459,0.07677862048149109
2260,40.0,40.0,0.46322149999999995,0.04783617705106735
2261,40.0,40.0,0.46298399999999995,0.026034442707896233
2262,40.0,40.0,0.4627465,0.052283644676208496
2263,40.0,40.0,0.462509,0.017195122316479683
2264,40.0,40.0,0.46227149999999995,0.011502876877784729
2265,40.0,40.0,0.46203399999999994,0.04681161046028137
2266,40.0,40.0,0.4617965,0.017318062484264374
2267,40.0,40.0,0.461559,0.02292031981050968
2268,40.0,40.0,0.46132149999999994,0.039356157183647156
2269,40.0,40.0,0.46108399999999994,0.004545710980892181
2270,40.0,40.0,0.4608465,0.029436441138386726
2271,40.0,40.0,0.460609,0.035510145127773285
2272,40.0,40.0,0.46037149999999993,0.007782305125147104
2273,40.0,40.0,0.460134,0.031241998076438904
2274,40.0,40.0,0.4598965,0.03537716716527939
2275,40.0,40.0,0.45965900000000004,0.00837069470435381
2276,40.0,40.0,0.4594214999999999,0.0062573752366006374
2277,40.0,40.0,0.459184,0.03805039823055267
2278,43.0,40.06,0.45893225,0.026002300903201103
2279,40.0,40.06,0.45869474999999993,0.01558740809559822
2280,40.0,40.06,0.4584572499999999,0.056293971836566925
2281,40.0,40.06,0.45821975,0.017883693799376488
2282,40.0,40.06,0.45798225,0.008424468338489532
2283,40.0,40.06,0.4577447499999999,0.02190341055393219
2284,40.0,40.06,0.4575072499999999,0.008418083190917969
2285,40.0,40.06,0.45726975,0.023908400908112526
2286,40.0,40.06,0.45703225,0.025034764781594276
2287,40.0,40.06,0.4567947499999999,0.005907222628593445
2288,40.0,40.06,0.45655724999999997,0.10078787058591843
2289,40.0,40.06,0.45631974999999997,0.02940363809466362
2290,40.0,40.06,0.45608225,0.09254538267850876
2291,40.0,40.06,0.4558447499999999,0.07381372153759003
2292,40.0,40.06,0.45560724999999996,0.010716893710196018
2293,40.0,40.06,0.45536974999999996,0.07008159160614014
2294,40.0,40.06,0.45513225,0.009377623908221722
2295,40.0,40.06,0.4548947499999999,0.032027311623096466
2296,40.0,40.06,0.45465724999999996,0.00801384449005127
2297,40.0,40.06,0.45441974999999996,0.052955564111471176
2298,40.0,40.06,0.45418225,0.009462893009185791
2299,40.0,40.06,0.45394475,0.015427058562636375
2300,40.0,40.06,0.45370724999999995,0.09426729381084442
2301,40.0,40.06,0.45346974999999995,0.01623700000345707
2302,40.0,40.06,0.45323225,0.027262035757303238
2303,40.0,40.06,0.45299475,0.07498171925544739
2304,40.0,40.06,0.45275724999999994,0.05958625674247742
2305,40.0,40.06,0.45251974999999994,0.02715381607413292
2306,40.0,40.06,0.45228225,0.02566518262028694
2307,40.0,40.06,0.45204475,0.0597548708319664
2308,40.0,40.06,0.45180724999999994,0.007955522276461124
2309,40.0,40.06,0.45156975,0.011025195941329002
2310,40.0,40.06,0.45133225,0.042900197207927704
2311,40.0,40.06,0.45109475000000004,0.026635687798261642
2312,40.0,40.06,0.45085724999999993,0.015198285691440105
2313,40.0,40.06,0.45061975,0.029751185327768326
2314,40.0,40.06,0.45038225,0.024216508492827415
2315,40.0,40.06,0.45014475000000004,0.008349573239684105
2316,40.0,40.06,0.4499072499999999,0.040360573679208755
2317,40.0,40.06,0.44966975,0.008710650727152824
2318,40.0,40.06,0.44943225,0.023099521175026894
2319,40.0,40.06,0.44919475000000003,0.030743617564439774
2320,40.0,40.06,0.4489572499999999,0.03778161481022835
2321,40.0,40.06,0.44871975,0.04427443817257881
2322,40.0,40.06,0.44848224999999997,0.05647703632712364
2323,40.0,40.06,0.44824475,0.029450858011841774
2324,40.0,40.06,0.4480072499999999,0.01638977974653244
2325,40.0,40.06,0.44776974999999997,0.13247036933898926
2326,40.0,40.06,0.44753224999999996,0.013134334236383438
2327,40.0,40.06,0.44729475,0.025188632309436798
2328,40.0,40.0,0.44705724999999996,0.015069883316755295
2329,40.0,40.0,0.44681974999999996,0.06363256275653839
2330,40.0,40.0,0.44658225,0.028466949239373207
2331,40.0,40.0,0.44634475,0.015408373437821865
2332,40.0,40.0,0.44610724999999996,0.04685226082801819
2333,40.0,40.0,0.44586974999999995,0.03478974103927612
2334,40.0,40.0,0.44563225,0.03545407950878143
2335,40.0,40.0,0.44539475,0.05011415109038353
2336,40.0,40.0,0.44515724999999995,0.016754891723394394
2337,40.0,40.0,0.44491974999999995,0.040742699056863785
2338,40.0,40.0,0.44468225,0.00988735817372799
2339,40.0,40.0,0.44444475,0.024110179394483566
2340,40.0,40.0,0.44420724999999994,0.08274225890636444
2341,40.0,40.0,0.44396974999999994,0.009727452881634235
2342,40.0,40.0,0.44373225,0.30566349625587463
2343,40.0,40.0,0.44349475,0.01623915508389473
2344,40.0,40.0,0.44325724999999994,0.011678156442940235
2345,40.0,40.0,0.44301974999999993,0.015515940263867378
2346,40.0,40.0,0.44278225,0.017772601917386055
2347,40.0,40.0,0.44254475,0.052978985011577606
2348,40.0,40.0,0.44230724999999993,0.018821559846401215
2349,40.0,40.0,0.44206975,0.3105422854423523
2350,40.0,40.0,0.44183225,0.013392068445682526
2351,40.0,40.0,0.44159475000000004,0.00900493748486042
2352,40.0,40.0,0.4413572499999999,0.010901782661676407
2353,40.0,40.0,0.44111975,0.0757250040769577
2354,40.0,40.0,0.44088225,0.005138528533279896
2355,40.0,40.0,0.44064475000000003,0.031412672251462936
2356,40.0,40.0,0.4404072499999999,0.030244555324316025
2357,40.0,40.0,0.44016974999999997,0.02728433907032013
2358,40.0,40.0,0.43993224999999997,0.0075545404106378555
2359,40.0,40.0,0.43969475,0.00663193641230464
2360,40.0,40.0,0.4394572499999999,0.12611986696720123
2361,40.0,40.0,0.43921974999999996,0.027654556557536125
2362,40.0,40.0,0.43898224999999996,0.11418282985687256
2363,40.0,40.0,0.43874475,0.0434538833796978
2364,40.0,40.0,0.4385072499999999,0.12243269383907318
2365,40.0,40.0,0.43826974999999996,0.02523741126060486
2366,40.0,40.0,0.43803224999999996,0.11939708888530731
2367,40.0,40.0,0.43779475,0.013980903662741184
2368,40.0,40.0,0.43755724999999995,0.012387508526444435
2369,40.0,40.0,0.43731974999999995,0.013070042245090008
2370,40.0,40.0,0.43708225,0.016707230359315872
2371,40.0,40.0,0.43684475,0.0220470130443573
2372,40.0,40.0,0.43660724999999995,0.014224552549421787
2373,61.0,40.42,0.4363174999999999,0.028858687728643417
2374,40.0,40.42,0.43607999999999997,0.04031514376401901
2375,40.0,40.42,0.43584249999999997,0.02191506326198578
2376,40.0,40.42,0.435605,0.00933215394616127
2377,40.0,40.42,0.4353674999999999,0.053572967648506165
2378,40.0,40.42,0.43512999999999996,0.02775992453098297
2379,40.0,40.42,0.43489249999999996,0.053522899746894836
2380,40.0,40.42,0.434655,0.009961705654859543
2381,40.0,40.42,0.4344174999999999,0.016477305442094803
2382,40.0,40.42,0.43417999999999995,0.012661334127187729
2383,40.0,40.42,0.43394249999999995,0.014791442081332207
2384,40.0,40.42,0.433705,0.024322185665369034
2385,48.0,40.58,0.43342949999999997,0.016220640391111374
2386,40.0,40.58,0.433192,0.007803218439221382
2387,40.0,40.58,0.43295449999999996,0.015713589265942574
2388,40.0,40.58,0.43271699999999996,0.027640193700790405
2389,40.0,40.58,0.4324795,0.028463201597332954
2390,40.0,40.58,0.432242,0.017880350351333618
2391,40.0,40.58,0.43200449999999996,0.06991828233003616
2392,40.0,40.58,0.43176699999999996,0.007106593810021877
2393,40.0,40.58,0.4315295,0.15654213726520538
2394,40.0,40.58,0.431292,0.053492046892642975
2395,40.0,40.58,0.43105449999999995,0.019065381959080696
2396,40.0,40.58,0.43081699999999995,0.05142588168382645
2397,40.0,40.58,0.4305795,0.022480279207229614
2398,40.0,40.58,0.430342,0.03215772658586502
2399,40.0,40.58,0.43010449999999995,0.008088460192084312
2400,40.0,40.58,0.42986699999999994,0.018673881888389587
2401,40.0,40.58,0.4296295,0.03284353390336037
2402,40.0,40.58,0.429392,0.006048514042049646
2403,40.0,40.58,0.42915449999999994,0.043163761496543884
2404,40.0,40.58,0.42891699999999994,0.03458778187632561
2405,40.0,40.58,0.4286795,0.020975008606910706
2406,40.0,40.58,0.428442,0.02135792188346386
2407,40.0,40.58,0.42820449999999993,0.05727196857333183
2408,40.0,40.58,0.427967,0.012299099005758762
2409,40.0,40.58,0.4277295,0.007930586114525795
2410,40.0,40.58,0.42749200000000004,0.005510767921805382
2411,40.0,40.58,0.4272544999999999,0.06425753235816956
2412,40.0,40.58,0.427017,0.013662937097251415
2413,40.0,40.58,0.4267795,0.035510092973709106
2414,40.0,40.58,0.42654200000000003,0.08570349961519241
2415,40.0,40.58,0.4263044999999999,0.038251183927059174
2416,40.0,40.58,0.426067,0.0557054728269577
2417,40.0,40.58,0.42582949999999997,0.010334517806768417
2418,40.0,40.58,0.425592,0.02415510080754757
2419,40.0,40.58,0.4253544999999999,0.08240585029125214
2420,40.0,40.58,0.42511699999999997,0.032002467662096024
2421,40.0,40.58,0.42487949999999997,0.007258737459778786
2422,40.0,40.58,0.424642,0.023534145206212997
2423,40.0,40.16,0.4244044999999999,0.0076914140954613686
2424,40.0,40.16,0.42416699999999996,0.02031339332461357
2425,40.0,40.16,0.42392949999999996,0.022311212494969368
2426,40.0,40.16,0.423692,0.017188817262649536
2427,40.0,40.16,0.42345449999999996,0.055477336049079895
2428,40.0,40.16,0.42321699999999995,0.0170288048684597
2429,40.0,40.16,0.4229795,0.018242061138153076
2430,40.0,40.16,0.422742,0.029741795733571053
2431,40.0,40.16,0.42250449999999995,0.014805857092142105
2432,40.0,40.16,0.42226699999999995,0.06453566998243332
2433,40.0,40.16,0.4220295,0.029166430234909058
2434,40.0,40.16,0.421792,0.029940275475382805
2435,40.0,40.0,0.42155449999999994,0.006761140190064907
2436,40.0,40.0,0.42131699999999994,0.05046524852514267
2437,40.0,40.0,0.4210795,0.07921060174703598
2438,40.0,40.0,0.420842,0.014806164428591728
2439,40.0,40.0,0.42060449999999994,0.03698781877756119
2440,40.0,40.0,0.42036699999999994,0.022044509649276733
2441,40.0,40.0,0.4201295,0.055789388716220856
2442,40.0,40.0,0.419892,0.049163784831762314
2443,40.0,40.0,0.41965449999999993,0.035609953105449677
2444,40.0,40.0,0.41941699999999993,0.024249963462352753
2445,40.0,40.0,0.4191795,0.06432384252548218
2446,40.0,40.0,0.418942,0.031022939831018448
2447,40.0,40.0,0.4187044999999999,0.040793709456920624
2448,40.0,40.0,0.418467,0.020439887419342995
2449,40.0,40.0,0.4182295,0.1365511566400528
2450,40.0,40.0,0.41799200000000003,0.008564665913581848
2451,40.0,40.0,0.4177544999999999,0.02349708415567875
2452,40.0,40.0,0.41751699999999997,0.008553694933652878
2453,40.0,40.0,0.41727949999999997,0.05973801016807556
2454,40.0,40.0,0.417042,0.023690737783908844
2455,40.0,40.0,0.4168044999999999,0.014946231618523598
2456,40.0,40.0,0.41656699999999997,0.027206093072891235
2457,40.0,40.0,0.41632949999999996,0.023948103189468384
2458,40.0,40.0,0.416092,0.03653254359960556
2459,40.0,40.0,0.4158544999999999,0.07050023972988129
2460,44.0,40.08,0.4155979999999999,0.010171866044402122
2461,40.0,40.08,0.41536049999999997,0.034416139125823975
2462,40.0,40.08,0.41512299999999996,0.03322114422917366
2463,40.0,40.08,0.4148855,0.09063290804624557
2464,40.0,40.08,0.4146479999999999,0.04879990965127945
2465,40.0,40.08,0.41441049999999996,0.06554597616195679
2466,40.0,40.08,0.41417299999999996,0.033150337636470795
2467,40.0,40.08,0.4139355,0.006414949428290129
2468,40.0,40.08,0.41369799999999995,0.013015009462833405
2469,40.0,40.08,0.41346049999999995,0.007544339634478092
2470,40.0,40.08,0.413223,0.027597567066550255
2471,40.0,40.08,0.4129855,0.08251866698265076
2472,40.0,40.08,0.41274799999999995,0.02166258543729782
2473,40.0,40.08,0.41251049999999995,0.009177369065582752
2474,40.0,40.08,0.412273,0.06433940678834915
2475,40.0,40.08,0.4120355,0.0339634008705616
2476,40.0,40.08,0.41179799999999994,0.014469214715063572
2477,40.0,40.08,0.41156049999999994,0.05879605561494827
2478,40.0,40.08,0.411323,0.020849617198109627
2479,40.0,40.08,0.4110855,0.012815493158996105
2480,40.0,40.08,0.41084799999999994,0.031188104301691055
2481,40.0,40.08,0.41061049999999993,0.02854054607450962
2482,40.0,40.08,0.410373,0.027509693056344986
2483,40.0,40.08,0.4101355,0.05155020207166672
2484,40.0,40.08,0.40989799999999993,0.010220879688858986
2485,40.0,40.08,0.4096604999999999,0.011972544714808464
2486,40.0,40.08,0.409423,0.012151423841714859
2487,40.0,40.08,0.4091855,0.013344865292310715
2488,40.0,40.08,0.4089479999999999,0.01094484981149435
2489,40.0,40.08,0.4087105,0.03560832142829895
2490,40.0,40.08,0.408473,0.03829406946897507
2491,40.0,40.08,0.40823550000000003,0.03099796175956726
2492,40.0,40.08,0.4079979999999999,0.009765027090907097
2493,40.0,40.08,0.40776049999999997,0.04502737522125244
2494,40.0,40.08,0.40752299999999997,0.01683001220226288
2495,40.0,40.08,0.4072855,0.04178641736507416
2496,40.0,40.08,0.4070479999999999,0.017211386933922768
2497,40.0,40.08,0.40681049999999996,0.07529474049806595
2498,40.0,40.08,0.40657299999999996,0.011337069794535637
2499,40.0,40.08,0.4063355,0.010416271165013313
2500,40.0,40.08,0.4060979999999999,0.06898424029350281
2501,40.0,40.08,0.40586049999999996,0.010683627799153328
2502,40.0,40.08,0.40562299999999996,0.012302055954933167
2503,40.0,40.08,0.4053855,0.01615729369223118
2504,40.0,40.08,0.40514799999999995,0.029172852635383606
2505,40.0,40.08,0.40491049999999995,0.014048253186047077
2506,40.0,40.08,0.404673,0.006176219321787357
2507,40.0,40.08,0.4044355,0.08912786841392517
2508,40.0,40.08,0.40419799999999995,0.03558490425348282
2509,40.0,40.08,0.40396049999999994,0.016483329236507416
2510,40.0,40.0,0.403723,0.04632694274187088
2511,40.0,40.0,0.4034855,0.020794961601495743
2512,40.0,40.0,0.40324799999999994,0.05316561460494995
2513,40.0,40.0,0.40301049999999994,0.017921267077326775
2514,40.0,40.0,0.402773,0.03927328437566757
2515,43.0,40.06,0.40252125,0.020870646461844444
2516,40.0,40.06,0.40228374999999994,0.015394977293908596
2517,40.0,40.06,0.40204624999999994,0.08943149447441101
2518,40.0,40.06,0.40180875,0.07575995475053787
2519,40.0,40.06,0.40157125,0.01915634423494339
2520,40.0,40.06,0.40133374999999993,0.009358451701700687
2521,40.0,40.06,0.40109625,0.012673795223236084
2522,40.0,40.06,0.40085875,0.010959834791719913
2523,40.0,40.06,0.40062125000000004,0.04432158172130585
2524,40.0,40.06,0.4003837499999999,0.05221168324351311
2525,40.0,40.06,0.40014625,0.04425707086920738
2526,40.0,40.06,0.39990875,0.019107326865196228
2527,40.0,40.06,0.39967125000000003,0.02196556143462658
2528,40.0,40.06,0.3994337499999999,0.011863015592098236
2529,40.0,40.06,0.39919625,0.011562795378267765
2530,40.0,40.06,0.39895875,0.045126013457775116
2531,40.0,40.06,0.39872125,0.028804205358028412
2532,40.0,40.06,0.3984837499999999,0.010803459212183952
2533,40.0,40.06,0.39824624999999997,0.06047702580690384
2534,40.0,40.06,0.39800874999999997,0.037665653973817825
2535,40.0,40.06,0.39777125,0.011716287583112717
2536,40.0,40.06,0.3975337499999999,0.0474143847823143
2537,40.0,40.06,0.39729624999999996,0.034102149307727814
2538,40.0,40.06,0.39705874999999996,0.014758341014385223
2539,40.0,40.06,0.39682125,0.038853809237480164
2540,40.0,40.06,0.39658374999999996,0.00485225161537528
2541,40.0,40.06,0.39634624999999996,0.012471877969801426
2542,40.0,40.06,0.39610875,0.023342017084360123
2543,40.0,40.06,0.39587125,0.03452649712562561
2544,40.0,40.06,0.39563374999999995,0.0030188667587935925
2545,40.0,40.06,0.39539624999999995,0.029072068631649017
2546,40.0,40.06,0.39515875,0.0029756727162748575
2547,40.0,40.06,0.39492125,0.03677111864089966
2548,40.0,40.06,0.39468374999999994,0.0363452322781086
2549,40.0,40.06,0.39444624999999994,0.028597300872206688
2550,40.0,40.06,0.39420875,0.031162139028310776
2551,40.0,40.06,0.39397125,0.02911759912967682
2552,40.0,40.06,0.39373374999999994,0.018674258142709732
2553,40.0,40.06,0.39349624999999994,0.07125717401504517
2554,40.0,40.06,0.39325875,0.026119554415345192
2555,40.0,40.06,0.39302125,0.002235353458672762
2556,40.0,40.06,0.39278374999999993,0.017240243032574654
2557,40.0,40.06,0.39254624999999993,0.010212637484073639
2558,40.0,40.06,0.39230875,0.05737445130944252
2559,61.0,40.48,0.392019,0.022756293416023254
2560,40.0,40.48,0.3917815,0.004500182345509529
2561,40.0,40.48,0.39154399999999995,0.0827341303229332
2562,40.0,40.48,0.39130649999999995,0.021633855998516083
2563,40.0,40.48,0.391069,0.04394526034593582
2564,40.0,40.48,0.3908315,0.05811373516917229
2565,40.0,40.42,0.39059399999999994,0.044712133705616
2566,40.0,40.42,0.39035649999999994,0.02164066955447197
2567,40.0,40.42,0.390119,0.002974380739033222
2568,40.0,40.42,0.3898815,0.01302877627313137
2569,40.0,40.42,0.38964399999999993,0.037715546786785126
2570,40.0,40.42,0.38940649999999993,0.09885735809803009
2571,40.0,40.42,0.389169,0.04402335733175278
2572,40.0,40.42,0.3889315,0.08989620208740234
2573,25.0,40.12,0.38876524999999995,0.08968161046504974
2574,40.0,40.12,0.38852775,0.01122748851776123
2575,40.0,40.12,0.38829025,0.11379379779100418
2576,40.0,40.12,0.38805274999999995,0.020275980234146118
2577,40.0,40.12,0.38781524999999994,0.09762413799762726
2578,40.0,40.12,0.38757775,0.012778053991496563
2579,40.0,40.12,0.38734025,0.12888842821121216
2580,40.0,40.12,0.38710274999999994,0.02356439270079136
2581,40.0,40.12,0.38686525,0.005914540495723486
2582,40.0,40.12,0.38662775,0.021689174696803093
2583,40.0,40.12,0.38639025000000005,0.0163434948772192
2584,40.0,40.12,0.38615274999999993,0.015076651237905025
2585,40.0,40.12,0.38591525,0.004505310207605362
2586,40.0,40.12,0.38567775,0.013361526653170586
2587,40.0,40.12,0.38544025000000004,0.1349157840013504
2588,40.0,40.12,0.3852027499999999,0.027520647272467613
2589,40.0,40.12,0.38496525,0.05939513444900513
2590,40.0,40.12,0.38472775,0.05598510056734085
2591,40.0,40.12,0.38449025000000003,0.021465975791215897
2592,40.0,40.12,0.3842527499999999,0.024630367755889893
2593,40.0,40.12,0.38401525,0.03141384199261665
2594,40.0,40.12,0.38377775,0.0443815216422081
2595,40.0,40.12,0.38354025,0.19481398165225983
2596,40.0,40.12,0.3833027499999999,0.0056240139529109
2597,40.0,40.12,0.38306524999999997,0.013603698462247849
2598,40.0,40.12,0.38282774999999997,0.010324010625481606
2599,40.0,40.12,0.38259025,0.036139823496341705
2600,40.0,40.12,0.38235274999999996,0.014520810917019844
2601,47.0,40.26,0.382082,0.010252438485622406
2602,40.0,40.26,0.3818445,0.023142192512750626
2603,40.0,40.26,0.38160700000000003,0.014856863766908646
2604,40.0,40.26,0.3813694999999999,0.005842876620590687
2605,40.0,40.26,0.38113199999999997,0.08082886040210724
2606,40.0,40.26,0.38089449999999997,0.03401452302932739
2607,40.0,40.26,0.380657,0.08872054517269135
2608,48.0,40.42,0.3803815,0.04209143668413162
2609,40.0,40.0,0.38014400000000004,0.0829358696937561
2610,40.0,40.0,0.3799064999999999,0.04315156489610672
2611,40.0,40.0,0.379669,0.1391323357820511
2612,40.0,40.0,0.3794315,0.004821097478270531
2613,40.0,40.0,0.37919400000000003,0.03380388021469116
2614,40.0,40.0,0.3789564999999999,0.009671405889093876
2615,40.0,40.0,0.378719,0.061463288962841034
2616,40.0,40.0,0.37848149999999997,0.014502419158816338
2617,43.0,40.06,0.3782297499999999,0.009329572319984436
2618,40.0,40.06,0.37799225,0.04647646099328995
2619,40.0,40.06,0.37775475,0.0176370982080698
2620,40.0,40.06,0.37751725,0.011885754764080048
2621,40.0,40.06,0.3772797499999999,0.03266371041536331
2622,40.0,40.06,0.37704224999999997,0.05161913484334946
2623,40.0,40.36,0.37680474999999997,0.026470284909009933
2624,40.0,40.36,0.37656725,0.028895454481244087
2625,40.0,40.36,0.3763297499999999,0.0171918086707592
2626,40.0,40.36,0.37609224999999996,0.031173327937722206
2627,40.0,40.36,0.37585474999999996,0.007560751400887966
2628,40.0,40.36,0.37561725,0.01051737368106842
2629,40.0,40.36,0.3753797499999999,0.018534287810325623
2630,40.0,40.36,0.37514224999999995,0.017638832330703735
2631,40.0,40.36,0.37490474999999995,0.05309910327196121
2632,40.0,40.36,0.37466725,0.018587134778499603
2633,40.0,40.36,0.37442974999999995,0.003751711454242468
2634,40.0,40.36,0.37419224999999995,0.015539743937551975
2635,40.0,40.36,0.37395475,0.023634862154722214
2636,40.0,40.36,0.37371725,0.01126602292060852
2637,40.0,40.36,0.37347974999999994,0.03631945699453354
2638,40.0,40.36,0.37324224999999994,0.025446150451898575
2639,40.0,40.36,0.37300475,0.017614034935832024
2640,40.0,40.36,0.37276725,0.02007480524480343
2641,40.0,40.36,0.37252974999999994,0.040443889796733856
2642,40.0,40.36,0.37229224999999994,0.033620685338974
2643,40.0,40.36,0.37205475,0.04815298318862915
2644,40.0,40.36,0.37181725,0.032871052622795105
2645,40.0,40.36,0.37157974999999993,0.009221797809004784
2646,40.0,40.36,0.37134224999999993,0.03606535121798515
2647,40.0,40.36,0.37110475,0.02161245420575142
2648,40.0,40.36,0.37086725,0.01051644328981638
2649,40.0,40.36,0.37062975000000004,0.013655404560267925
2650,44.0,40.44,0.37037324999999993,0.02973267063498497
2651,40.0,40.3,0.37013574999999993,0.02576831355690956
2652,40.0,40.3,0.36989825,0.01172180287539959
2653,40.0,40.3,0.36966075,0.007138748653233051
2654,40.0,40.3,0.3694232499999999,0.008247559890151024
2655,40.0,40.3,0.36918575,0.015103751793503761
2656,40.0,40.3,0.36894825,0.02159534953534603
2657,40.0,40.3,0.36871075000000003,0.026391498744487762
2658,40.0,40.14,0.3684732499999999,0.04554654657840729
2659,40.0,40.14,0.36823575,0.026584604755043983
2660,40.0,40.14,0.36799824999999997,0.045177508145570755
2661,40.0,40.14,0.36776075,0.025159984827041626
2662,40.0,40.14,0.3675232499999999,0.0291855800896883
2663,40.0,40.14,0.36728574999999997,0.03522808849811554
2664,40.0,40.14,0.36704824999999996,0.026277747005224228
2665,40.0,40.14,0.36681075,0.017969755455851555
2666,40.0,40.14,0.3665732499999999,0.037574365735054016
2667,40.0,40.08,0.36633574999999996,0.019140176475048065
2668,40.0,40.08,0.36609824999999996,0.004363921005278826
2669,40.0,40.08,0.36586075,0.010523656383156776
2670,40.0,40.08,0.3656232499999999,0.0872388631105423
2671,40.0,40.08,0.36538574999999995,0.05424317717552185
2672,40.0,40.08,0.36514824999999995,0.03177054971456528
2673,40.0,40.08,0.36491075,0.012228799983859062
2674,40.0,40.08,0.36467324999999995,0.03608521446585655
2675,40.0,40.08,0.36443574999999995,0.10888534784317017
2676,40.0,40.08,0.36419825,0.006251728627830744
2677,40.0,40.08,0.36396075,0.010603845119476318
2678,40.0,40.08,0.36372324999999994,0.011032587848603725
2679,40.0,40.08,0.36348574999999994,0.05657396465539932
2680,40.0,40.08,0.36324825,0.01221601665019989
2681,40.0,40.08,0.36301075,0.04021415859460831
2682,40.0,40.08,0.36277325000000005,0.04061141982674599
2683,40.0,40.08,0.36253574999999993,0.005743701010942459
2684,40.0,40.08,0.36229825,0.010886333882808685
2685,40.0,40.08,0.36206075,0.02172338403761387
2686,40.0,40.08,0.36182325000000004,0.032687343657016754
2687,40.0,40.08,0.36158574999999993,0.017322992905974388
2688,40.0,40.08,0.36134825,0.016762059181928635
2689,40.0,40.08,0.36111075,0.02902834862470627
2690,40.0,40.08,0.36087325000000003,0.003968990407884121
2691,40.0,40.08,0.3606357499999999,0.017023369669914246
2692,40.0,40.08,0.36039825,0.09521634876728058
2693,40.0,40.08,0.36016075,0.01107784453779459
2694,40.0,40.08,0.35992325000000003,0.21529965102672577
2695,40.0,40.08,0.35968574999999997,0.011796411126852036
2696,40.0,40.08,0.35944824999999997,0.0374312698841095
2697,40.0,40.08,0.35921075,0.010570315644145012
2698,40.0,40.08,0.35897325,0.01230014581233263
2699,40.0,40.08,0.35873574999999996,0.016847806051373482
2700,40.0,40.0,0.35849824999999996,0.024599123746156693
2701,40.0,40.0,0.35826075,0.010690372437238693
2702,40.0,40.0,0.35802325,0.1320873200893402
2703,40.0,40.0,0.35778574999999996,0.022144850343465805
2704,40.0,40.0,0.35754824999999996,0.011329271830618382
2705,40.0,40.0,0.35731075,0.0338941290974617
2706,40.0,40.0,0.35707325,0.04861212149262428
2707,40.0,40.0,0.35683574999999995,0.007529351860284805
2708,40.0,40.0,0.35659824999999995,0.11717256158590317
2709,40.0,40.0,0.35636075,0.07108262181282043
2710,40.0,40.0,0.35612325,0.019284509122371674
2711,40.0,40.0,0.35588574999999995,0.003030066844075918
2712,40.0,40.0,0.35564824999999994,0.011167740449309349
2713,40.0,40.0,0.35541075,0.014360174536705017
2714,40.0,40.0,0.35517325,0.008818039670586586
2715,40.0,40.0,0.35493574999999994,0.04894319176673889
2716,40.0,40.0,0.35469825,0.04586993157863617
2717,40.0,40.0,0.35446075,0.03373253345489502
2718,40.0,40.0,0.35422325000000005,0.032452721148729324
2719,40.0,40.0,0.35398574999999993,0.05554472282528877
2720,40.0,40.0,0.35374825,0.06392793357372284
2721,40.0,40.0,0.35351075,0.008134633302688599
2722,40.0,40.0,0.35327325000000004,0.011904244311153889
2723,40.0,40.0,0.3530357499999999,0.058994099497795105
2724,40.0,40.0,0.35279825,0.027404770255088806
2725,40.0,40.0,0.35256075,0.03593543916940689
2726,40.0,40.0,0.35232325000000003,0.10466203093528748
2727,40.0,40.0,0.3520857499999999,0.0034636217169463634
2728,40.0,40.0,0.35184825,0.011305511929094791
2729,40.0,40.0,0.35161074999999997,0.005667721852660179
2730,40.0,40.0,0.35137325,0.008005202747881413
2731,40.0,40.0,0.3511357499999999,0.00646335119381547
2732,40.0,40.0,0.35089824999999997,0.01068398542702198
2733,40.0,40.0,0.35066074999999997,0.02789846621453762
2734,40.0,40.0,0.35042325,0.02151932753622532
2735,40.0,40.0,0.35018574999999996,0.2810885012149811
2736,40.0,40.0,0.34994824999999996,0.01829911582171917
2737,40.0,40.0,0.34971075,0.010809333063662052
2738,40.0,40.0,0.34947325,0.09781783074140549
2739,40.0,40.0,0.34923574999999996,0.0554175041615963
2740,40.0,40.0,0.34899824999999995,0.09056088328361511
2741,40.0,40.0,0.34876075,0.017429187893867493
2742,40.0,40.0,0.34852325,0.0041728573851287365
2743,40.0,40.0,0.34828574999999995,0.028734562918543816
2744,40.0,40.0,0.34804824999999995,0.019512075930833817
2745,40.0,40.0,0.34781075,0.05820620059967041
2746,40.0,40.0,0.34757325,0.07691989839076996
2747,40.0,40.0,0.34733574999999994,0.06922256946563721
2748,40.0,40.0,0.34709824999999994,0.0379541739821434
2749,40.0,40.0,0.34686075,0.007424219511449337
2750,40.0,40.0,0.34662325,0.019511662423610687
2751,40.0,40.0,0.34638574999999994,0.05148996040225029
2752,40.0,40.0,0.34614824999999994,0.046656716614961624
2753,40.0,40.0,0.34591075,0.007890644483268261
2754,40.0,40.0,0.34567325,0.013385706581175327
2755,40.0,40.0,0.34543574999999993,0.006465500686317682
2756,40.0,40.0,0.34519825,0.009729597717523575
2757,40.0,40.0,0.34496075,0.005388859659433365
2758,49.0,40.18,0.34468049999999995,0.006425041705369949
2759,40.0,40.18,0.34444299999999994,0.1267009824514389
2760,40.0,40.18,0.3442055,0.007020702585577965
2761,40.0,40.18,0.343968,0.004049199633300304
2762,40.0,40.18,0.34373049999999994,0.027427060529589653
2763,40.0,40.18,0.343493,0.0026733314152806997
2764,40.0,40.18,0.3432555,0.02378915622830391
2765,40.0,40.18,0.34301800000000005,0.015982449054718018
2766,40.0,40.18,0.34278049999999993,0.005847667343914509
2767,40.0,40.18,0.342543,0.016190679743885994
2768,40.0,40.18,0.3423055,0.003324798308312893
2769,40.0,40.18,0.34206800000000004,0.03433745354413986
2770,40.0,40.18,0.3418304999999999,0.0018044384196400642
2771,27.0,39.92,0.34165474999999995,0.08306409418582916
2772,40.0,39.92,0.34141724999999995,0.010492161847651005
2773,40.0,39.92,0.34117975,0.014476839452981949
2774,40.0,39.92,0.34094225,0.015541378408670425
2775,40.0,39.92,0.34070474999999995,0.022186772897839546
2776,40.0,39.92,0.34046725,0.16965603828430176
2777,40.0,39.92,0.34022975,0.08171042799949646
2778,40.0,39.92,0.33999225000000005,0.01447739265859127
2779,40.0,39.92,0.33975474999999994,0.016497544944286346
2780,40.0,39.92,0.33951725,0.03438645228743553
2781,44.0,40.0,0.33926075,0.07489471882581711
2782,40.0,40.0,0.33902325,0.025361740961670876
2783,40.0,40.0,0.33878574999999994,0.009280751459300518
2784,40.0,40.0,0.33854824999999994,0.02959178201854229
2785,40.0,40.0,0.33831075,0.031448837369680405
2786,40.0,40.0,0.33807325,0.022031443193554878
2787,40.0,40.0,0.33783574999999993,0.0075398702174425125
2788,40.0,40.0,0.33759824999999993,0.04672926664352417
2789,40.0,40.0,0.33736075,0.02962436154484749
2790,40.0,40.0,0.33712325,0.010351684875786304
2791,40.0,40.0,0.33688574999999993,0.022761061787605286
2792,40.0,40.0,0.3366482499999999,0.02638229727745056
2793,40.0,40.0,0.33641075,0.01562452968209982
2794,40.0,40.0,0.33617325,0.03255213797092438
2795,40.0,40.0,0.3359357499999999,0.05898421257734299
2796,40.0,40.0,0.33569825,0.007308796979486942
2797,40.0,40.0,0.33546075,0.03802008926868439
2798,40.0,40.0,0.33522325000000003,0.027405116707086563
2799,40.0,40.0,0.3349857499999999,0.04231737554073334
2800,40.0,40.0,0.33474824999999997,0.02708905190229416
2801,40.0,40.0,0.33451074999999997,0.009919658303260803
2802,40.0,40.0,0.33427325,0.004087422508746386
2803,40.0,40.0,0.3340357499999999,0.003751067677512765
2804,40.0,40.0,0.33379824999999996,0.008386804722249508
2805,40.0,40.0,0.33356074999999996,0.02476472035050392
2806,40.0,40.0,0.33332325,0.010029200464487076
2807,40.0,40.0,0.33308575,0.024301737546920776
2808,40.0,39.82,0.33284824999999996,0.08911287039518356
2809,40.0,39.82,0.33261074999999996,0.013387811370193958
2810,40.0,39.82,0.33237325,0.0660359337925911
2811,40.0,39.82,0.33213575,0.01810041442513466
2812,40.0,39.82,0.33189824999999995,0.10083334147930145
2813,40.0,39.82,0.33166074999999995,0.01859065517783165
2814,40.0,39.82,0.33142325,0.118692547082901
2815,40.0,39.82,0.33118575,0.02727247215807438
2816,40.0,39.82,0.33094824999999994,0.008477512747049332
2817,40.0,39.82,0.33071075,0.01785983517765999
2818,40.0,39.82,0.33047325,0.06360961496829987
2819,40.0,39.82,0.33023575000000005,0.02383594587445259
2820,40.0,39.82,0.32999824999999994,0.014263800345361233
2821,47.0,40.22,0.32972749999999995,0.10073038935661316
2822,40.0,40.22,0.32949,0.025683969259262085
2823,40.0,40.22,0.3292525,0.14956727623939514
2824,40.0,40.22,0.32901499999999995,0.005985574796795845
2825,40.0,40.22,0.32877749999999994,0.026813268661499023
2826,41.0,40.24,0.32853524999999995,0.03738514333963394
2827,40.0,40.24,0.32829775,0.08816182613372803
2828,40.0,40.24,0.32806025,0.0046602110378444195
2829,40.0,40.24,0.32782274999999994,0.011201780289411545
2830,40.0,40.24,0.32758524999999994,0.02544018253684044
2831,40.0,40.16,0.32734775,0.054818250238895416
2832,40.0,40.16,0.32711025,0.19905230402946472
2833,40.0,40.16,0.32687274999999993,0.008754173293709755
2834,40.0,40.16,0.32663524999999993,0.16875024139881134
2835,40.0,40.16,0.32639775,0.06330156326293945
2836,40.0,40.16,0.32616025,0.08166442811489105
2837,40.0,40.16,0.32592274999999993,0.07688172161579132
2838,40.0,40.16,0.32568525,0.13337743282318115
2839,41.0,40.18,0.3254429999999999,0.02149418741464615
2840,40.0,40.18,0.3252055,0.06655643880367279
2841,40.0,40.18,0.324968,0.01875733956694603
2842,40.0,40.18,0.3247304999999999,0.023060018196702003
2843,40.0,40.18,0.324493,0.12659698724746704
2844,40.0,40.18,0.3242555,0.023118793964385986
2845,40.0,40.18,0.32401800000000003,0.025017742067575455
2846,40.0,40.18,0.3237804999999999,0.16165904700756073
2847,40.0,40.18,0.32354299999999997,0.2430374026298523
2848,40.0,40.18,0.32330549999999997,0.014708665199577808
2849,40.0,40.18,0.323068,0.010901047848165035
2850,40.0,40.18,0.3228304999999999,0.016922425478696823
2851,40.0,40.18,0.32259299999999996,0.04528333619236946
2852,40.0,40.18,0.32235549999999996,0.026732001453638077
2853,40.0,40.18,0.322118,0.011205877177417278
2854,40.0,40.18,0.3218805,0.005280341953039169
2855,40.0,40.18,0.32164299999999996,0.014639254659414291
2856,50.0,40.38,0.321358,0.05907033756375313
2857,40.0,40.38,0.32112050000000003,0.03932115063071251
2858,40.0,40.38,0.3208829999999999,0.020421050488948822
2859,40.0,40.38,0.32064549999999997,0.013302327133715153
2860,40.0,40.38,0.32040799999999997,0.02771495096385479
2861,40.0,40.38,0.3201705,0.0201735682785511
2862,40.0,40.38,0.3199329999999999,0.03274345025420189
2863,40.0,40.38,0.31969549999999997,0.017911478877067566
2864,42.0,40.42,0.3194485,0.010488636791706085
2865,44.0,40.5,0.3191919999999999,0.027471324428915977
2866,40.0,40.5,0.3189545,0.010069808922708035
